class	method	return	params
Landroid/app/Activity;	<init>	V	
Landroid/app/Activity;	dispatchTouchEvent	Z	Landroid/view/MotionEvent;
Landroid/app/Activity;	findViewById	Landroid/view/View;	I
Landroid/app/Activity;	finish	V	
Landroid/app/Activity;	getApplicationContext	Landroid/content/Context;	
Landroid/app/Activity;	getContentResolver	Landroid/content/ContentResolver;	
Landroid/app/Activity;	getPackageManager	Landroid/content/pm/PackageManager;	
Landroid/app/Activity;	getResources	Landroid/content/res/Resources;	
Landroid/app/Activity;	getSystemService	Ljava/lang/Object;	Ljava/lang/String;
Landroid/app/Activity;	getWindowManager	Landroid/view/WindowManager;	
Landroid/app/Activity;	onActivityResult	V	I,I,Landroid/content/Intent;
Landroid/app/Activity;	onCreate	V	Landroid/os/Bundle;
Landroid/app/Activity;	onCreateOptionsMenu	Z	Landroid/view/Menu;
Landroid/app/Activity;	onDestroy	V	
Landroid/app/Activity;	onKeyDown	Z	I,Landroid/view/KeyEvent;
Landroid/app/Activity;	onKeyUp	Z	I,Landroid/view/KeyEvent;
Landroid/app/Activity;	onOptionsItemSelected	Z	Landroid/view/MenuItem;
Landroid/app/Activity;	onPause	V	
Landroid/app/Activity;	onRestart	V	
Landroid/app/Activity;	onResume	V	
Landroid/app/Activity;	onStart	V	
Landroid/app/Activity;	onStop	V	
Landroid/app/Activity;	onWindowFocusChanged	V	Z
Landroid/app/Activity;	removeDialog	V	I
Landroid/app/Activity;	sendOrderedBroadcast	V	Landroid/content/Intent;,Ljava/lang/String;,Landroid/content/BroadcastReceiver;,Landroid/os/Handler;,I,Ljava/lang/String;,Landroid/os/Bundle;
Landroid/app/Activity;	showDialog	V	I
Landroid/app/Activity;	startActivity	V	Landroid/content/Intent;
Landroid/app/ActivityManager;	getRunningServices	Ljava/util/List;	I
Landroid/app/AlertDialog$Builder;	<init>	V	Landroid/content/Context;
Landroid/app/AlertDialog$Builder;	create	Landroid/app/AlertDialog;	
Landroid/app/AlertDialog$Builder;	setCancelable	Landroid/app/AlertDialog$Builder;	Z
Landroid/app/AlertDialog$Builder;	setIcon	Landroid/app/AlertDialog$Builder;	I
Landroid/app/AlertDialog$Builder;	setMessage	Landroid/app/AlertDialog$Builder;	I
Landroid/app/AlertDialog$Builder;	setMessage	Landroid/app/AlertDialog$Builder;	Ljava/lang/CharSequence;
Landroid/app/AlertDialog$Builder;	setNegativeButton	Landroid/app/AlertDialog$Builder;	I,Landroid/content/DialogInterface$OnClickListener;
Landroid/app/AlertDialog$Builder;	setNegativeButton	Landroid/app/AlertDialog$Builder;	Ljava/lang/CharSequence;,Landroid/content/DialogInterface$OnClickListener;
Landroid/app/AlertDialog$Builder;	setPositiveButton	Landroid/app/AlertDialog$Builder;	I,Landroid/content/DialogInterface$OnClickListener;
Landroid/app/AlertDialog$Builder;	setPositiveButton	Landroid/app/AlertDialog$Builder;	Ljava/lang/CharSequence;,Landroid/content/DialogInterface$OnClickListener;
Landroid/app/AlertDialog$Builder;	setTitle	Landroid/app/AlertDialog$Builder;	Ljava/lang/CharSequence;
Landroid/app/AlertDialog$Builder;	setView	Landroid/app/AlertDialog$Builder;	Landroid/view/View;
Landroid/app/AlertDialog$Builder;	show	Landroid/app/AlertDialog;	
Landroid/app/AlertDialog;	setOnCancelListener	V	Landroid/content/DialogInterface$OnCancelListener;
Landroid/app/AlertDialog;	setOnDismissListener	V	Landroid/content/DialogInterface$OnDismissListener;
Landroid/app/AlertDialog;	show	V	
Landroid/app/Application;	<init>	V	
Landroid/app/Application;	onCreate	V	
Landroid/app/Application;	onLowMemory	V	
Landroid/app/Application;	onTerminate	V	
Landroid/app/Dialog;	getWindow	Landroid/view/Window;	
Landroid/app/ProgressDialog;	<init>	V	Landroid/content/Context;
Landroid/app/ProgressDialog;	dismiss	V	
Landroid/app/ProgressDialog;	isShowing	Z	
Landroid/app/ProgressDialog;	setCancelable	V	Z
Landroid/app/ProgressDialog;	setIndeterminate	V	Z
Landroid/app/ProgressDialog;	setMessage	V	Ljava/lang/CharSequence;
Landroid/app/ProgressDialog;	setOnCancelListener	V	Landroid/content/DialogInterface$OnCancelListener;
Landroid/app/ProgressDialog;	setProgressStyle	V	I
Landroid/app/ProgressDialog;	setTitle	V	Ljava/lang/CharSequence;
Landroid/app/ProgressDialog;	show	V	
Landroid/app/Service;	<init>	V	
Landroid/app/Service;	onDestroy	V	
Landroid/app/Service;	onStart	V	Landroid/content/Intent;,I
Landroid/app/Service;	onUnbind	Z	Landroid/content/Intent;
Landroid/content/ActivityNotFoundException;	getMessage	Ljava/lang/String;	
Landroid/content/BroadcastReceiver;	<init>	V	
Landroid/content/ComponentName;	<init>	V	Ljava/lang/String;,Ljava/lang/String;
Landroid/content/ComponentName;	getClassName	Ljava/lang/String;	
Landroid/content/ContentResolver;	query	Landroid/database/Cursor;	Landroid/net/Uri;,[Ljava/lang/String;,Ljava/lang/String;,[Ljava/lang/String;,Ljava/lang/String;
Landroid/content/ContentValues;	<init>	V	
Landroid/content/ContentValues;	put	V	Ljava/lang/String;,Ljava/lang/Integer;
Landroid/content/ContentValues;	put	V	Ljava/lang/String;,Ljava/lang/Long;
Landroid/content/ContentValues;	put	V	Ljava/lang/String;,Ljava/lang/String;
Landroid/content/ContentValues;	put	V	Ljava/lang/String;,[B
Landroid/content/Context;	getApplicationContext	Landroid/content/Context;	
Landroid/content/Context;	getApplicationInfo	Landroid/content/pm/ApplicationInfo;	
Landroid/content/Context;	getAssets	Landroid/content/res/AssetManager;	
Landroid/content/Context;	getContentResolver	Landroid/content/ContentResolver;	
Landroid/content/Context;	getPackageManager	Landroid/content/pm/PackageManager;	
Landroid/content/Context;	getPackageName	Ljava/lang/String;	
Landroid/content/Context;	getResources	Landroid/content/res/Resources;	
Landroid/content/Context;	getSharedPreferences	Landroid/content/SharedPreferences;	Ljava/lang/String;,I
Landroid/content/Context;	getSystemService	Ljava/lang/Object;	Ljava/lang/String;
Landroid/content/Context;	registerReceiver	Landroid/content/Intent;	Landroid/content/BroadcastReceiver;,Landroid/content/IntentFilter;
Landroid/content/Context;	sendOrderedBroadcast	V	Landroid/content/Intent;,Ljava/lang/String;,Landroid/content/BroadcastReceiver;,Landroid/os/Handler;,I,Ljava/lang/String;,Landroid/os/Bundle;
Landroid/content/Context;	startActivity	V	Landroid/content/Intent;
Landroid/content/Context;	startService	Landroid/content/ComponentName;	Landroid/content/Intent;
Landroid/content/Context;	stopService	Z	Landroid/content/Intent;
Landroid/content/DialogInterface;	dismiss	V	
Landroid/content/Intent;	<init>	V	
Landroid/content/Intent;	<init>	V	Landroid/content/Context;,Ljava/lang/Class;
Landroid/content/Intent;	<init>	V	Ljava/lang/String;
Landroid/content/Intent;	<init>	V	Ljava/lang/String;,Landroid/net/Uri;
Landroid/content/Intent;	addCategory	Landroid/content/Intent;	Ljava/lang/String;
Landroid/content/Intent;	getAction	Ljava/lang/String;	
Landroid/content/Intent;	getBundleExtra	Landroid/os/Bundle;	Ljava/lang/String;
Landroid/content/Intent;	getDataString	Ljava/lang/String;	
Landroid/content/Intent;	getExtras	Landroid/os/Bundle;	
Landroid/content/Intent;	getFlags	I	
Landroid/content/Intent;	putExtra	Landroid/content/Intent;	Ljava/lang/String;,I
Landroid/content/Intent;	putExtra	Landroid/content/Intent;	Ljava/lang/String;,Landroid/os/Bundle;
Landroid/content/Intent;	putExtra	Landroid/content/Intent;	Ljava/lang/String;,Ljava/lang/String;
Landroid/content/Intent;	putExtra	Landroid/content/Intent;	Ljava/lang/String;,Z
Landroid/content/Intent;	putExtras	Landroid/content/Intent;	Landroid/os/Bundle;
Landroid/content/Intent;	setAction	Landroid/content/Intent;	Ljava/lang/String;
Landroid/content/Intent;	setClassName	Landroid/content/Intent;	Landroid/content/Context;,Ljava/lang/String;
Landroid/content/Intent;	setComponent	Landroid/content/Intent;	Landroid/content/ComponentName;
Landroid/content/Intent;	setDataAndType	Landroid/content/Intent;	Landroid/net/Uri;,Ljava/lang/String;
Landroid/content/Intent;	setFlags	Landroid/content/Intent;	I
Landroid/content/Intent;	setType	Landroid/content/Intent;	Ljava/lang/String;
Landroid/content/IntentFilter;	<init>	V	
Landroid/content/IntentFilter;	addAction	V	Ljava/lang/String;
Landroid/content/SharedPreferences$Editor;	commit	Z	
Landroid/content/SharedPreferences$Editor;	putBoolean	Landroid/content/SharedPreferences$Editor;	Ljava/lang/String;,Z
Landroid/content/SharedPreferences$Editor;	putFloat	Landroid/content/SharedPreferences$Editor;	Ljava/lang/String;,F
Landroid/content/SharedPreferences$Editor;	putInt	Landroid/content/SharedPreferences$Editor;	Ljava/lang/String;,I
Landroid/content/SharedPreferences$Editor;	putLong	Landroid/content/SharedPreferences$Editor;	Ljava/lang/String;,J
Landroid/content/SharedPreferences$Editor;	putString	Landroid/content/SharedPreferences$Editor;	Ljava/lang/String;,Ljava/lang/String;
Landroid/content/SharedPreferences;	contains	Z	Ljava/lang/String;
Landroid/content/SharedPreferences;	edit	Landroid/content/SharedPreferences$Editor;	
Landroid/content/SharedPreferences;	getBoolean	Z	Ljava/lang/String;,Z
Landroid/content/SharedPreferences;	getFloat	F	Ljava/lang/String;,F
Landroid/content/SharedPreferences;	getInt	I	Ljava/lang/String;,I
Landroid/content/SharedPreferences;	getLong	J	Ljava/lang/String;,J
Landroid/content/SharedPreferences;	getString	Ljava/lang/String;	Ljava/lang/String;,Ljava/lang/String;
Landroid/content/pm/PackageManager;	checkPermission	I	Ljava/lang/String;,Ljava/lang/String;
Landroid/content/pm/PackageManager;	getApplicationInfo	Landroid/content/pm/ApplicationInfo;	Ljava/lang/String;,I
Landroid/content/pm/PackageManager;	getPackageInfo	Landroid/content/pm/PackageInfo;	Ljava/lang/String;,I
Landroid/content/pm/PackageManager;	queryIntentActivities	Ljava/util/List;	Landroid/content/Intent;,I
Landroid/content/pm/PackageManager;	resolveActivity	Landroid/content/pm/ResolveInfo;	Landroid/content/Intent;,I
Landroid/content/res/Resources;	getColor	I	I
Landroid/content/res/Resources;	getConfiguration	Landroid/content/res/Configuration;	
Landroid/content/res/Resources;	getDisplayMetrics	Landroid/util/DisplayMetrics;	
Landroid/content/res/Resources;	getString	Ljava/lang/String;	I
Landroid/content/res/Resources;	getText	Ljava/lang/CharSequence;	I
Landroid/content/res/Resources;	getValue	V	Ljava/lang/String;,Landroid/util/TypedValue;,Z
Landroid/database/Cursor;	close	V	
Landroid/database/Cursor;	getBlob	[B	I
Landroid/database/Cursor;	getColumnIndex	I	Ljava/lang/String;
Landroid/database/Cursor;	getColumnName	Ljava/lang/String;	I
Landroid/database/Cursor;	getColumnNames	[Ljava/lang/String;	
Landroid/database/Cursor;	getCount	I	
Landroid/database/Cursor;	getInt	I	I
Landroid/database/Cursor;	getLong	J	I
Landroid/database/Cursor;	getString	Ljava/lang/String;	I
Landroid/database/Cursor;	moveToFirst	Z	
Landroid/database/Cursor;	moveToNext	Z	
Landroid/database/sqlite/SQLiteDatabase;	beginTransaction	V	
Landroid/database/sqlite/SQLiteDatabase;	close	V	
Landroid/database/sqlite/SQLiteDatabase;	delete	I	Ljava/lang/String;,Ljava/lang/String;,[Ljava/lang/String;
Landroid/database/sqlite/SQLiteDatabase;	endTransaction	V	
Landroid/database/sqlite/SQLiteDatabase;	execSQL	V	Ljava/lang/String;
Landroid/database/sqlite/SQLiteDatabase;	insert	J	Ljava/lang/String;,Ljava/lang/String;,Landroid/content/ContentValues;
Landroid/database/sqlite/SQLiteDatabase;	query	Landroid/database/Cursor;	Ljava/lang/String;,[Ljava/lang/String;,Ljava/lang/String;,[Ljava/lang/String;,Ljava/lang/String;,Ljava/lang/String;,Ljava/lang/String;
Landroid/database/sqlite/SQLiteDatabase;	rawQuery	Landroid/database/Cursor;	Ljava/lang/String;,[Ljava/lang/String;
Landroid/database/sqlite/SQLiteDatabase;	setTransactionSuccessful	V	
Landroid/database/sqlite/SQLiteDatabase;	update	I	Ljava/lang/String;,Landroid/content/ContentValues;,Ljava/lang/String;,[Ljava/lang/String;
Landroid/database/sqlite/SQLiteOpenHelper;	<init>	V	Landroid/content/Context;,Ljava/lang/String;,Landroid/database/sqlite/SQLiteDatabase$CursorFactory;,I
Landroid/graphics/Bitmap;	compress	Z	Landroid/graphics/Bitmap$CompressFormat;,I,Ljava/io/OutputStream;
Landroid/graphics/Bitmap;	createBitmap	Landroid/graphics/Bitmap;	I,I,Landroid/graphics/Bitmap$Config;
Landroid/graphics/Bitmap;	createScaledBitmap	Landroid/graphics/Bitmap;	Landroid/graphics/Bitmap;,I,I,Z
Landroid/graphics/Bitmap;	getHeight	I	
Landroid/graphics/Bitmap;	getPixels	V	[I,I,I,I,I,I,I
Landroid/graphics/Bitmap;	getWidth	I	
Landroid/graphics/Bitmap;	recycle	V	
Landroid/graphics/BitmapFactory$Options;	<init>	V	
Landroid/graphics/BitmapFactory;	decodeByteArray	Landroid/graphics/Bitmap;	[B,I,I,Landroid/graphics/BitmapFactory$Options;
Landroid/graphics/BitmapFactory;	decodeResource	Landroid/graphics/Bitmap;	Landroid/content/res/Resources;,I,Landroid/graphics/BitmapFactory$Options;
Landroid/graphics/Canvas;	<init>	V	Landroid/graphics/Bitmap;
Landroid/graphics/Canvas;	drawBitmap	V	Landroid/graphics/Bitmap;,F,F,Landroid/graphics/Paint;
Landroid/graphics/Canvas;	drawBitmap	V	Landroid/graphics/Bitmap;,Landroid/graphics/Rect;,Landroid/graphics/Rect;,Landroid/graphics/Paint;
Landroid/graphics/Canvas;	drawPath	V	Landroid/graphics/Path;,Landroid/graphics/Paint;
Landroid/graphics/Canvas;	drawRoundRect	V	Landroid/graphics/RectF;,F,F,Landroid/graphics/Paint;
Landroid/graphics/Color;	alpha	I	I
Landroid/graphics/Color;	argb	I	I,I,I,I
Landroid/graphics/Color;	blue	I	I
Landroid/graphics/Color;	green	I	I
Landroid/graphics/Color;	parseColor	I	Ljava/lang/String;
Landroid/graphics/Color;	red	I	I
Landroid/graphics/Paint;	<init>	V	
Landroid/graphics/Paint;	<init>	V	I
Landroid/graphics/Paint;	setAntiAlias	V	Z
Landroid/graphics/Paint;	setColor	V	I
Landroid/graphics/Paint;	setStyle	V	Landroid/graphics/Paint$Style;
Landroid/graphics/Paint;	setXfermode	Landroid/graphics/Xfermode;	Landroid/graphics/Xfermode;
Landroid/graphics/Path;	<init>	V	
Landroid/graphics/Path;	lineTo	V	F,F
Landroid/graphics/Path;	moveTo	V	F,F
Landroid/graphics/PorterDuffXfermode;	<init>	V	Landroid/graphics/PorterDuff$Mode;
Landroid/graphics/Rect;	<init>	V	I,I,I,I
Landroid/graphics/RectF;	<init>	V	F,F,F,F
Landroid/graphics/Typeface;	createFromAsset	Landroid/graphics/Typeface;	Landroid/content/res/AssetManager;,Ljava/lang/String;
Landroid/graphics/drawable/BitmapDrawable;	<init>	V	Landroid/graphics/Bitmap;
Landroid/graphics/drawable/BitmapDrawable;	setColorFilter	V	I,Landroid/graphics/PorterDuff$Mode;
Landroid/graphics/drawable/BitmapDrawable;	setTileModeX	V	Landroid/graphics/Shader$TileMode;
Landroid/graphics/drawable/BitmapDrawable;	setTileModeXY	V	Landroid/graphics/Shader$TileMode;,Landroid/graphics/Shader$TileMode;
Landroid/graphics/drawable/ColorDrawable;	<init>	V	I
Landroid/graphics/drawable/Drawable;	setColorFilter	V	I,Landroid/graphics/PorterDuff$Mode;
Landroid/graphics/drawable/Drawable;	setColorFilter	V	Landroid/graphics/ColorFilter;
Landroid/graphics/drawable/GradientDrawable;	<init>	V	Landroid/graphics/drawable/GradientDrawable$Orientation;,[I
Landroid/graphics/drawable/GradientDrawable;	setColorFilter	V	I,Landroid/graphics/PorterDuff$Mode;
Landroid/graphics/drawable/GradientDrawable;	setColorFilter	V	Landroid/graphics/ColorFilter;
Landroid/location/Location;	getAccuracy	F	
Landroid/location/Location;	getLatitude	D	
Landroid/location/Location;	getLongitude	D	
Landroid/location/Location;	getTime	J	
Landroid/media/AudioManager;	getMode	I	
Landroid/media/AudioManager;	getRingerMode	I	
Landroid/media/AudioManager;	isMusicActive	Z	
Landroid/media/AudioManager;	isSpeakerphoneOn	Z	
Landroid/media/MediaPlayer;	create	Landroid/media/MediaPlayer;	Landroid/content/Context;,I
Landroid/media/MediaPlayer;	isPlaying	Z	
Landroid/media/MediaPlayer;	pause	V	
Landroid/media/MediaPlayer;	release	V	
Landroid/media/MediaPlayer;	setLooping	V	Z
Landroid/media/MediaPlayer;	setVolume	V	F,F
Landroid/media/MediaPlayer;	start	V	
Landroid/media/SoundPool;	<init>	V	I,I,I
Landroid/media/SoundPool;	load	I	Landroid/content/Context;,I,I
Landroid/media/SoundPool;	play	I	I,F,F,I,I,F
Landroid/media/SoundPool;	release	V	
Landroid/media/SoundPool;	stop	V	I
Landroid/net/ConnectivityManager;	getActiveNetworkInfo	Landroid/net/NetworkInfo;	
Landroid/net/ConnectivityManager;	getNetworkInfo	Landroid/net/NetworkInfo;	I
Landroid/net/NetworkInfo;	getState	Landroid/net/NetworkInfo$State;	
Landroid/net/NetworkInfo;	getType	I	
Landroid/net/NetworkInfo;	isAvailable	Z	
Landroid/net/NetworkInfo;	isConnectedOrConnecting	Z	
Landroid/net/Uri;	getAuthority	Ljava/lang/String;	
Landroid/net/Uri;	getEncodedQuery	Ljava/lang/String;	
Landroid/net/Uri;	getHost	Ljava/lang/String;	
Landroid/net/Uri;	getPath	Ljava/lang/String;	
Landroid/net/Uri;	getScheme	Ljava/lang/String;	
Landroid/net/Uri;	isHierarchical	Z	
Landroid/net/Uri;	parse	Landroid/net/Uri;	Ljava/lang/String;
Landroid/net/Uri;	toString	Ljava/lang/String;	
Landroid/net/Uri;	withAppendedPath	Landroid/net/Uri;	Landroid/net/Uri;,Ljava/lang/String;
Landroid/net/http/AndroidHttpClient;	close	V	
Landroid/net/http/AndroidHttpClient;	execute	Lorg/apache/http/HttpResponse;	Lorg/apache/http/client/methods/HttpUriRequest;
Landroid/net/http/AndroidHttpClient;	newInstance	Landroid/net/http/AndroidHttpClient;	Ljava/lang/String;
Landroid/opengl/GLSurfaceView;	<init>	V	Landroid/content/Context;
Landroid/opengl/GLSurfaceView;	getHolder	Landroid/view/SurfaceHolder;	
Landroid/opengl/GLSurfaceView;	onPause	V	
Landroid/opengl/GLSurfaceView;	onResume	V	
Landroid/opengl/GLSurfaceView;	setEGLConfigChooser	V	I,I,I,I,I,I
Landroid/opengl/GLSurfaceView;	setEGLContextClientVersion	V	I
Landroid/opengl/GLSurfaceView;	setLayoutParams	V	Landroid/view/ViewGroup$LayoutParams;
Landroid/opengl/GLSurfaceView;	setRenderer	V	Landroid/opengl/GLSurfaceView$Renderer;
Landroid/os/AsyncTask;	<init>	V	
Landroid/os/AsyncTask;	onPreExecute	V	
Landroid/os/Bundle;	<init>	V	
Landroid/os/Bundle;	getInt	I	Ljava/lang/String;
Landroid/os/Bundle;	getSerializable	Ljava/io/Serializable;	Ljava/lang/String;
Landroid/os/Bundle;	getString	Ljava/lang/String;	Ljava/lang/String;
Landroid/os/Bundle;	getStringArrayList	Ljava/util/ArrayList;	Ljava/lang/String;
Landroid/os/Bundle;	putSerializable	V	Ljava/lang/String;,Ljava/io/Serializable;
Landroid/os/Bundle;	putString	V	Ljava/lang/String;,Ljava/lang/String;
Landroid/os/Bundle;	putStringArrayList	V	Ljava/lang/String;,Ljava/util/ArrayList;
Landroid/os/CountDownTimer;	<init>	V	J,J
Landroid/os/Handler;	<init>	V	
Landroid/os/Handler;	<init>	V	Landroid/os/Looper;
Landroid/os/Handler;	post	Z	Ljava/lang/Runnable;
Landroid/os/Handler;	postDelayed	Z	Ljava/lang/Runnable;,J
Landroid/os/Handler;	removeCallbacks	V	Ljava/lang/Runnable;
Landroid/os/HandlerThread;	<init>	V	Ljava/lang/String;
Landroid/os/HandlerThread;	getLooper	Landroid/os/Looper;	
Landroid/os/HandlerThread;	start	V	
Landroid/os/Looper;	getMainLooper	Landroid/os/Looper;	
Landroid/os/SystemClock;	elapsedRealtime	J	
Landroid/os/SystemClock;	uptimeMillis	J	
Landroid/preference/Preference;	setOnPreferenceChangeListener	V	Landroid/preference/Preference$OnPreferenceChangeListener;
Landroid/preference/Preference;	setOnPreferenceClickListener	V	Landroid/preference/Preference$OnPreferenceClickListener;
Landroid/preference/Preference;	setSummary	V	Ljava/lang/CharSequence;
Landroid/preference/PreferenceActivity;	<init>	V	
Landroid/preference/PreferenceActivity;	onCreate	V	Landroid/os/Bundle;
Landroid/preference/PreferenceActivity;	onPause	V	
Landroid/preference/PreferenceActivity;	onResume	V	
Landroid/preference/PreferenceManager;	getDefaultSharedPreferences	Landroid/content/SharedPreferences;	Landroid/content/Context;
Landroid/preference/PreferenceScreen;	findPreference	Landroid/preference/Preference;	Ljava/lang/CharSequence;
Landroid/provider/Settings$Secure;	getString	Ljava/lang/String;	Landroid/content/ContentResolver;,Ljava/lang/String;
Landroid/support/v4/view/PagerAdapter;	<init>	V	
Landroid/support/v4/view/ViewPager;	<init>	V	Landroid/content/Context;
Landroid/support/v4/view/ViewPager;	getCurrentItem	I	
Landroid/support/v4/view/ViewPager;	setAdapter	V	Landroid/support/v4/view/PagerAdapter;
Landroid/support/v4/view/ViewPager;	setCurrentItem	V	I
Landroid/support/v4/view/ViewPager;	setId	V	I
Landroid/text/Editable;	toString	Ljava/lang/String;	
Landroid/text/TextUtils;	isEmpty	Z	Ljava/lang/CharSequence;
Landroid/text/format/DateUtils;	formatDateTime	Ljava/lang/String;	Landroid/content/Context;,J,I
Landroid/util/AttributeSet;	getAttributeBooleanValue	Z	Ljava/lang/String;,Ljava/lang/String;,Z
Landroid/util/AttributeSet;	getAttributeValue	Ljava/lang/String;	Ljava/lang/String;,Ljava/lang/String;
Landroid/util/Base64;	decode	[B	Ljava/lang/String;,I
Landroid/util/Base64;	encodeToString	Ljava/lang/String;	[B,I
Landroid/util/DisplayMetrics;	<init>	V	
Landroid/util/FloatMath;	sqrt	F	F
Landroid/util/Log;	d	I	Ljava/lang/String;,Ljava/lang/String;
Landroid/util/Log;	e	I	Ljava/lang/String;,Ljava/lang/String;
Landroid/util/Log;	e	I	Ljava/lang/String;,Ljava/lang/String;,Ljava/lang/Throwable;
Landroid/util/Log;	i	I	Ljava/lang/String;,Ljava/lang/String;
Landroid/util/Log;	isLoggable	Z	Ljava/lang/String;,I
Landroid/util/Log;	v	I	Ljava/lang/String;,Ljava/lang/String;
Landroid/util/Log;	w	I	Ljava/lang/String;,Ljava/lang/String;
Landroid/util/Log;	w	I	Ljava/lang/String;,Ljava/lang/String;,Ljava/lang/Throwable;
Landroid/util/Log;	w	I	Ljava/lang/String;,Ljava/lang/Throwable;
Landroid/util/SparseIntArray;	<init>	V	
Landroid/util/SparseIntArray;	get	I	I
Landroid/util/SparseIntArray;	put	V	I,I
Landroid/util/TypedValue;	<init>	V	
Landroid/util/TypedValue;	applyDimension	F	I,F,Landroid/util/DisplayMetrics;
Landroid/util/Xml;	newPullParser	Lorg/xmlpull/v1/XmlPullParser;	
Landroid/view/Display;	getHeight	I	
Landroid/view/Display;	getMetrics	V	Landroid/util/DisplayMetrics;
Landroid/view/Display;	getWidth	I	
Landroid/view/GestureDetector;	<init>	V	Landroid/content/Context;,Landroid/view/GestureDetector$OnGestureListener;
Landroid/view/GestureDetector;	<init>	V	Landroid/view/GestureDetector$OnGestureListener;
Landroid/view/GestureDetector;	onTouchEvent	Z	Landroid/view/MotionEvent;
Landroid/view/KeyEvent;	getAction	I	
Landroid/view/KeyEvent;	getKeyCode	I	
Landroid/view/LayoutInflater;	from	Landroid/view/LayoutInflater;	Landroid/content/Context;
Landroid/view/LayoutInflater;	inflate	Landroid/view/View;	I,Landroid/view/ViewGroup;
Landroid/view/Menu;	add	Landroid/view/MenuItem;	I,I,I,I
Landroid/view/MenuItem;	getItemId	I	
Landroid/view/MenuItem;	setIcon	Landroid/view/MenuItem;	I
Landroid/view/MotionEvent;	getAction	I	
Landroid/view/MotionEvent;	getActionMasked	I	
Landroid/view/MotionEvent;	getRawX	F	
Landroid/view/MotionEvent;	getRawY	F	
Landroid/view/MotionEvent;	getX	F	
Landroid/view/MotionEvent;	getY	F	
Landroid/view/MotionEvent;	obtain	Landroid/view/MotionEvent;	J,J,I,F,F,I
Landroid/view/SurfaceHolder;	setFormat	V	I
Landroid/view/View$MeasureSpec;	getMode	I	I
Landroid/view/View$MeasureSpec;	getSize	I	I
Landroid/view/View;	bringToFront	V	
Landroid/view/View;	findViewById	Landroid/view/View;	I
Landroid/view/View;	getBackground	Landroid/graphics/drawable/Drawable;	
Landroid/view/View;	getContext	Landroid/content/Context;	
Landroid/view/View;	getLeft	I	
Landroid/view/View;	getTag	Ljava/lang/Object;	
Landroid/view/View;	getTop	I	
Landroid/view/View;	getVisibility	I	
Landroid/view/View;	getWidth	I	
Landroid/view/View;	invalidate	V	
Landroid/view/View;	setAnimation	V	Landroid/view/animation/Animation;
Landroid/view/View;	setBackgroundDrawable	V	Landroid/graphics/drawable/Drawable;
Landroid/view/View;	setEnabled	V	Z
Landroid/view/View;	setOnClickListener	V	Landroid/view/View$OnClickListener;
Landroid/view/View;	setTag	V	Ljava/lang/Object;
Landroid/view/View;	setVisibility	V	I
Landroid/view/View;	startAnimation	V	Landroid/view/animation/Animation;
Landroid/view/ViewConfiguration;	get	Landroid/view/ViewConfiguration;	Landroid/content/Context;
Landroid/view/ViewConfiguration;	getScaledTouchSlop	I	
Landroid/view/ViewGroup$LayoutParams;	<init>	V	I,I
Landroid/view/ViewGroup;	addView	V	Landroid/view/View;
Landroid/view/ViewGroup;	getChildAt	Landroid/view/View;	I
Landroid/view/ViewGroup;	getChildCount	I	
Landroid/view/ViewGroup;	removeAllViews	V	
Landroid/view/ViewGroup;	removeView	V	Landroid/view/View;
Landroid/view/Window;	addFlags	V	I
Landroid/view/Window;	getAttributes	Landroid/view/WindowManager$LayoutParams;	
Landroid/view/Window;	setAttributes	V	Landroid/view/WindowManager$LayoutParams;
Landroid/view/Window;	setBackgroundDrawable	V	Landroid/graphics/drawable/Drawable;
Landroid/view/Window;	setFlags	V	I,I
Landroid/view/WindowManager$LayoutParams;	<init>	V	
Landroid/view/WindowManager$LayoutParams;	copyFrom	I	Landroid/view/WindowManager$LayoutParams;
Landroid/view/WindowManager;	getDefaultDisplay	Landroid/view/Display;	
Landroid/view/animation/AccelerateDecelerateInterpolator;	<init>	V	
Landroid/view/animation/AccelerateInterpolator;	<init>	V	
Landroid/view/animation/AccelerateInterpolator;	<init>	V	F
Landroid/view/animation/AlphaAnimation;	<init>	V	F,F
Landroid/view/animation/AlphaAnimation;	setDuration	V	J
Landroid/view/animation/AlphaAnimation;	setFillAfter	V	Z
Landroid/view/animation/AlphaAnimation;	setInterpolator	V	Landroid/view/animation/Interpolator;
Landroid/view/animation/Animation;	setDuration	V	J
Landroid/view/animation/Animation;	setInterpolator	V	Landroid/view/animation/Interpolator;
Landroid/view/animation/DecelerateInterpolator;	<init>	V	
Landroid/view/animation/Interpolator;	getInterpolation	F	F
Landroid/view/animation/LinearInterpolator;	<init>	V	
Landroid/view/animation/ScaleAnimation;	<init>	V	F,F,F,F,I,F,I,F
Landroid/view/animation/ScaleAnimation;	setDuration	V	J
Landroid/view/animation/ScaleAnimation;	setInterpolator	V	Landroid/view/animation/Interpolator;
Landroid/view/animation/TranslateAnimation;	<init>	V	I,F,I,F,I,F,I,F
Landroid/webkit/WebChromeClient;	<init>	V	
Landroid/webkit/WebSettings;	getUserAgentString	Ljava/lang/String;	
Landroid/webkit/WebSettings;	setCacheMode	V	I
Landroid/webkit/WebSettings;	setJavaScriptEnabled	V	Z
Landroid/webkit/WebSettings;	setPluginsEnabled	V	Z
Landroid/webkit/WebSettings;	setSaveFormData	V	Z
Landroid/webkit/WebSettings;	setSavePassword	V	Z
Landroid/webkit/WebSettings;	setUserAgentString	V	Ljava/lang/String;
Landroid/webkit/WebView;	<init>	V	Landroid/content/Context;
Landroid/webkit/WebView;	addJavascriptInterface	V	Ljava/lang/Object;,Ljava/lang/String;
Landroid/webkit/WebView;	canGoBack	Z	
Landroid/webkit/WebView;	clearHistory	V	
Landroid/webkit/WebView;	destroy	V	
Landroid/webkit/WebView;	getContext	Landroid/content/Context;	
Landroid/webkit/WebView;	getSettings	Landroid/webkit/WebSettings;	
Landroid/webkit/WebView;	goBack	V	
Landroid/webkit/WebView;	loadDataWithBaseURL	V	Ljava/lang/String;,Ljava/lang/String;,Ljava/lang/String;,Ljava/lang/String;,Ljava/lang/String;
Landroid/webkit/WebView;	loadUrl	V	Ljava/lang/String;
Landroid/webkit/WebView;	onMeasure	V	I,I
Landroid/webkit/WebView;	post	Z	Ljava/lang/Runnable;
Landroid/webkit/WebView;	removeAllViews	V	
Landroid/webkit/WebView;	requestFocus	Z	
Landroid/webkit/WebView;	setInitialScale	V	I
Landroid/webkit/WebView;	setScrollBarStyle	V	I
Landroid/webkit/WebView;	setVerticalScrollbarOverlay	V	Z
Landroid/webkit/WebView;	setVisibility	V	I
Landroid/webkit/WebView;	setWebChromeClient	V	Landroid/webkit/WebChromeClient;
Landroid/webkit/WebView;	setWebViewClient	V	Landroid/webkit/WebViewClient;
Landroid/webkit/WebView;	setWillNotDraw	V	Z
Landroid/webkit/WebView;	stopLoading	V	
Landroid/webkit/WebViewClient;	<init>	V	
Landroid/webkit/WebViewClient;	shouldOverrideUrlLoading	Z	Landroid/webkit/WebView;,Ljava/lang/String;
Landroid/widget/Adapter;	getItem	Ljava/lang/Object;	I
Landroid/widget/AdapterView;	getAdapter	Landroid/widget/Adapter;	
Landroid/widget/ArrayAdapter;	<init>	V	Landroid/content/Context;,I,Ljava/util/List;
Landroid/widget/Button;	<init>	V	Landroid/content/Context;
Landroid/widget/Button;	getLayoutParams	Landroid/view/ViewGroup$LayoutParams;	
Landroid/widget/Button;	getTag	Ljava/lang/Object;	
Landroid/widget/Button;	setBackgroundColor	V	I
Landroid/widget/Button;	setBackgroundDrawable	V	Landroid/graphics/drawable/Drawable;
Landroid/widget/Button;	setEnabled	V	Z
Landroid/widget/Button;	setGravity	V	I
Landroid/widget/Button;	setIncludeFontPadding	V	Z
Landroid/widget/Button;	setLayoutParams	V	Landroid/view/ViewGroup$LayoutParams;
Landroid/widget/Button;	setOnClickListener	V	Landroid/view/View$OnClickListener;
Landroid/widget/Button;	setPadding	V	I,I,I,I
Landroid/widget/Button;	setTag	V	Ljava/lang/Object;
Landroid/widget/Button;	setText	V	Ljava/lang/CharSequence;
Landroid/widget/Button;	setTextColor	V	I
Landroid/widget/Button;	setTextSize	V	F
Landroid/widget/Button;	setTypeface	V	Landroid/graphics/Typeface;
Landroid/widget/EditText;	addTextChangedListener	V	Landroid/text/TextWatcher;
Landroid/widget/EditText;	getText	Landroid/text/Editable;	
Landroid/widget/FrameLayout$LayoutParams;	<init>	V	I,I
Landroid/widget/FrameLayout$LayoutParams;	<init>	V	I,I,I
Landroid/widget/FrameLayout$LayoutParams;	setMargins	V	I,I,I,I
Landroid/widget/FrameLayout;	<init>	V	Landroid/content/Context;
Landroid/widget/FrameLayout;	addView	V	Landroid/view/View;
Landroid/widget/FrameLayout;	addView	V	Landroid/view/View;,I,I
Landroid/widget/FrameLayout;	addView	V	Landroid/view/View;,Landroid/view/ViewGroup$LayoutParams;
Landroid/widget/FrameLayout;	invalidate	V	
Landroid/widget/FrameLayout;	removeView	V	Landroid/view/View;
Landroid/widget/FrameLayout;	setBackgroundColor	V	I
Landroid/widget/FrameLayout;	setBackgroundDrawable	V	Landroid/graphics/drawable/Drawable;
Landroid/widget/FrameLayout;	setLayoutParams	V	Landroid/view/ViewGroup$LayoutParams;
Landroid/widget/FrameLayout;	setOnClickListener	V	Landroid/view/View$OnClickListener;
Landroid/widget/FrameLayout;	setPadding	V	I,I,I,I
Landroid/widget/FrameLayout;	setVisibility	V	I
Landroid/widget/HorizontalScrollView;	<init>	V	Landroid/content/Context;
Landroid/widget/HorizontalScrollView;	<init>	V	Landroid/content/Context;,Landroid/util/AttributeSet;
Landroid/widget/HorizontalScrollView;	<init>	V	Landroid/content/Context;,Landroid/util/AttributeSet;,I
Landroid/widget/HorizontalScrollView;	onDraw	V	Landroid/graphics/Canvas;
Landroid/widget/ImageButton;	<init>	V	Landroid/content/Context;
Landroid/widget/ImageButton;	getDrawable	Landroid/graphics/drawable/Drawable;	
Landroid/widget/ImageButton;	getLayoutParams	Landroid/view/ViewGroup$LayoutParams;	
Landroid/widget/ImageButton;	getTag	Ljava/lang/Object;	
Landroid/widget/ImageButton;	invalidate	V	
Landroid/widget/ImageButton;	setAdjustViewBounds	V	Z
Landroid/widget/ImageButton;	setBackgroundColor	V	I
Landroid/widget/ImageButton;	setBackgroundDrawable	V	Landroid/graphics/drawable/Drawable;
Landroid/widget/ImageButton;	setImageBitmap	V	Landroid/graphics/Bitmap;
Landroid/widget/ImageButton;	setImageDrawable	V	Landroid/graphics/drawable/Drawable;
Landroid/widget/ImageButton;	setImageResource	V	I
Landroid/widget/ImageButton;	setLayoutParams	V	Landroid/view/ViewGroup$LayoutParams;
Landroid/widget/ImageButton;	setOnClickListener	V	Landroid/view/View$OnClickListener;
Landroid/widget/ImageButton;	setPadding	V	I,I,I,I
Landroid/widget/ImageButton;	setScaleType	V	Landroid/widget/ImageView$ScaleType;
Landroid/widget/ImageButton;	setTag	V	Ljava/lang/Object;
Landroid/widget/ImageButton;	startAnimation	V	Landroid/view/animation/Animation;
Landroid/widget/ImageView;	<init>	V	Landroid/content/Context;
Landroid/widget/ImageView;	getLayoutParams	Landroid/view/ViewGroup$LayoutParams;	
Landroid/widget/ImageView;	getTag	Ljava/lang/Object;	
Landroid/widget/ImageView;	setImageBitmap	V	Landroid/graphics/Bitmap;
Landroid/widget/ImageView;	setImageDrawable	V	Landroid/graphics/drawable/Drawable;
Landroid/widget/ImageView;	setImageResource	V	I
Landroid/widget/ImageView;	setOnClickListener	V	Landroid/view/View$OnClickListener;
Landroid/widget/ImageView;	setOnLongClickListener	V	Landroid/view/View$OnLongClickListener;
Landroid/widget/ImageView;	setTag	V	Ljava/lang/Object;
Landroid/widget/ImageView;	startAnimation	V	Landroid/view/animation/Animation;
Landroid/widget/LinearLayout$LayoutParams;	<init>	V	I,I
Landroid/widget/LinearLayout$LayoutParams;	setMargins	V	I,I,I,I
Landroid/widget/LinearLayout;	<init>	V	Landroid/content/Context;
Landroid/widget/LinearLayout;	<init>	V	Landroid/content/Context;,Landroid/util/AttributeSet;
Landroid/widget/LinearLayout;	addView	V	Landroid/view/View;
Landroid/widget/LinearLayout;	addView	V	Landroid/view/View;,I,I
Landroid/widget/LinearLayout;	addView	V	Landroid/view/View;,Landroid/view/ViewGroup$LayoutParams;
Landroid/widget/LinearLayout;	getChildAt	Landroid/view/View;	I
Landroid/widget/LinearLayout;	getChildCount	I	
Landroid/widget/LinearLayout;	getLayoutParams	Landroid/view/ViewGroup$LayoutParams;	
Landroid/widget/LinearLayout;	getWidth	I	
Landroid/widget/LinearLayout;	onLayout	V	Z,I,I,I,I
Landroid/widget/LinearLayout;	onMeasure	V	I,I
Landroid/widget/LinearLayout;	setBackgroundColor	V	I
Landroid/widget/LinearLayout;	setBackgroundDrawable	V	Landroid/graphics/drawable/Drawable;
Landroid/widget/LinearLayout;	setGravity	V	I
Landroid/widget/LinearLayout;	setLayoutParams	V	Landroid/view/ViewGroup$LayoutParams;
Landroid/widget/LinearLayout;	setOrientation	V	I
Landroid/widget/LinearLayout;	setPadding	V	I,I,I,I
Landroid/widget/ListView;	addFooterView	V	Landroid/view/View;
Landroid/widget/ListView;	getChildAt	Landroid/view/View;	I
Landroid/widget/ListView;	getFirstVisiblePosition	I	
Landroid/widget/ListView;	onTouchEvent	Z	Landroid/view/MotionEvent;
Landroid/widget/ListView;	setAdapter	V	Landroid/widget/ListAdapter;
Landroid/widget/ListView;	setOnItemClickListener	V	Landroid/widget/AdapterView$OnItemClickListener;
Landroid/widget/ListView;	setSelectionFromTop	V	I,I
Landroid/widget/ListView;	setVisibility	V	I
Landroid/widget/ListView;	startAnimation	V	Landroid/view/animation/Animation;
Landroid/widget/MediaController;	<init>	V	Landroid/content/Context;
Landroid/widget/MediaController;	hide	V	
Landroid/widget/RadioButton;	<init>	V	Landroid/content/Context;
Landroid/widget/RadioButton;	getId	I	
Landroid/widget/RadioButton;	setId	V	I
Landroid/widget/RadioButton;	setText	V	Ljava/lang/CharSequence;
Landroid/widget/RadioButton;	setTextColor	V	I
Landroid/widget/RadioButton;	setTextSize	V	F
Landroid/widget/RadioGroup;	<init>	V	Landroid/content/Context;
Landroid/widget/RadioGroup;	addView	V	Landroid/view/View;
Landroid/widget/RadioGroup;	check	V	I
Landroid/widget/RadioGroup;	getCheckedRadioButtonId	I	
Landroid/widget/RadioGroup;	setOnCheckedChangeListener	V	Landroid/widget/RadioGroup$OnCheckedChangeListener;
Landroid/widget/RelativeLayout$LayoutParams;	<init>	V	I,I
Landroid/widget/RelativeLayout$LayoutParams;	addRule	V	I
Landroid/widget/RelativeLayout$LayoutParams;	setMargins	V	I,I,I,I
Landroid/widget/RelativeLayout;	<init>	V	Landroid/content/Context;
Landroid/widget/RelativeLayout;	<init>	V	Landroid/content/Context;,Landroid/util/AttributeSet;
Landroid/widget/RelativeLayout;	addView	V	Landroid/view/View;
Landroid/widget/RelativeLayout;	addView	V	Landroid/view/View;,I,I
Landroid/widget/RelativeLayout;	addView	V	Landroid/view/View;,I,Landroid/view/ViewGroup$LayoutParams;
Landroid/widget/RelativeLayout;	addView	V	Landroid/view/View;,Landroid/view/ViewGroup$LayoutParams;
Landroid/widget/RelativeLayout;	removeAllViews	V	
Landroid/widget/RelativeLayout;	setGravity	V	I
Landroid/widget/RelativeLayout;	setKeepScreenOn	V	Z
Landroid/widget/ScrollView;	<init>	V	Landroid/content/Context;
Landroid/widget/ScrollView;	addView	V	Landroid/view/View;
Landroid/widget/ScrollView;	scrollTo	V	I,I
Landroid/widget/ScrollView;	setBackgroundDrawable	V	Landroid/graphics/drawable/Drawable;
Landroid/widget/ScrollView;	setPadding	V	I,I,I,I
Landroid/widget/ScrollView;	smoothScrollTo	V	I,I
Landroid/widget/SeekBar;	setMax	V	I
Landroid/widget/SeekBar;	setOnSeekBarChangeListener	V	Landroid/widget/SeekBar$OnSeekBarChangeListener;
Landroid/widget/SeekBar;	setProgress	V	I
Landroid/widget/SeekBar;	setProgressDrawable	V	Landroid/graphics/drawable/Drawable;
Landroid/widget/SeekBar;	setThumb	V	Landroid/graphics/drawable/Drawable;
Landroid/widget/TableLayout$LayoutParams;	<init>	V	I,I
Landroid/widget/TableLayout;	<init>	V	Landroid/content/Context;
Landroid/widget/TableLayout;	addView	V	Landroid/view/View;,Landroid/view/ViewGroup$LayoutParams;
Landroid/widget/TableLayout;	setColumnShrinkable	V	I,Z
Landroid/widget/TableLayout;	setColumnStretchable	V	I,Z
Landroid/widget/TableLayout;	setLayoutParams	V	Landroid/view/ViewGroup$LayoutParams;
Landroid/widget/TableRow$LayoutParams;	<init>	V	I,I
Landroid/widget/TableRow;	<init>	V	Landroid/content/Context;
Landroid/widget/TableRow;	addView	V	Landroid/view/View;
Landroid/widget/TableRow;	addView	V	Landroid/view/View;,Landroid/view/ViewGroup$LayoutParams;
Landroid/widget/TableRow;	setBackgroundDrawable	V	Landroid/graphics/drawable/Drawable;
Landroid/widget/TextView;	<init>	V	Landroid/content/Context;
Landroid/widget/TextView;	<init>	V	Landroid/content/Context;,Landroid/util/AttributeSet;
Landroid/widget/TextView;	getText	Ljava/lang/CharSequence;	
Landroid/widget/TextView;	getTextSize	F	
Landroid/widget/TextView;	invalidate	V	
Landroid/widget/TextView;	setBackgroundColor	V	I
Landroid/widget/TextView;	setBackgroundResource	V	I
Landroid/widget/TextView;	setEllipsize	V	Landroid/text/TextUtils$TruncateAt;
Landroid/widget/TextView;	setFocusable	V	Z
Landroid/widget/TextView;	setFocusableInTouchMode	V	Z
Landroid/widget/TextView;	setGravity	V	I
Landroid/widget/TextView;	setLines	V	I
Landroid/widget/TextView;	setMarqueeRepeatLimit	V	I
Landroid/widget/TextView;	setOnClickListener	V	Landroid/view/View$OnClickListener;
Landroid/widget/TextView;	setPadding	V	I,I,I,I
Landroid/widget/TextView;	setSelected	V	Z
Landroid/widget/TextView;	setSingleLine	V	
Landroid/widget/TextView;	setText	V	Ljava/lang/CharSequence;
Landroid/widget/TextView;	setTextColor	V	I
Landroid/widget/TextView;	setTextSize	V	F
Landroid/widget/TextView;	setTypeface	V	Landroid/graphics/Typeface;
Landroid/widget/TextView;	setVisibility	V	I
Landroid/widget/Toast;	makeText	Landroid/widget/Toast;	Landroid/content/Context;,Ljava/lang/CharSequence;,I
Landroid/widget/Toast;	show	V	
Landroid/widget/VideoView;	<init>	V	Landroid/content/Context;
Landroid/widget/VideoView;	getCurrentPosition	I	
Landroid/widget/VideoView;	getDuration	I	
Landroid/widget/VideoView;	onTouchEvent	Z	Landroid/view/MotionEvent;
Landroid/widget/VideoView;	pause	V	
Landroid/widget/VideoView;	seekTo	V	I
Landroid/widget/VideoView;	setMediaController	V	Landroid/widget/MediaController;
Landroid/widget/VideoView;	setOnCompletionListener	V	Landroid/media/MediaPlayer$OnCompletionListener;
Landroid/widget/VideoView;	setOnErrorListener	V	Landroid/media/MediaPlayer$OnErrorListener;
Landroid/widget/VideoView;	setOnPreparedListener	V	Landroid/media/MediaPlayer$OnPreparedListener;
Landroid/widget/VideoView;	setVideoPath	V	Ljava/lang/String;
Landroid/widget/VideoView;	start	V	
Landroid/widget/VideoView;	stopPlayback	V	
Landroid/widget/ViewFlipper;	addView	V	Landroid/view/View;,Landroid/view/ViewGroup$LayoutParams;
Landroid/widget/ViewFlipper;	getNextFocusLeftId	I	
Landroid/widget/ViewFlipper;	getNextFocusRightId	I	
Landroid/widget/ViewFlipper;	showNext	V	
Landroid/widget/ViewFlipper;	showPrevious	V	
Lcom/google/ads/AdActivity;	<clinit>	V	
Lcom/google/ads/AdActivity;	<init>	V	
Lcom/google/ads/AdActivity;	a	Lcom/google/ads/n;	
Lcom/google/ads/AdActivity;	a	V	I,I,I,I
Lcom/google/ads/AdActivity;	a	V	Lcom/google/ads/k;
Lcom/google/ads/AdActivity;	a	V	Lcom/google/ads/k;,Lcom/google/ads/l;
Lcom/google/ads/AdActivity;	a	V	Lcom/google/ads/o;,Z,I
Lcom/google/ads/AdActivity;	a	V	Ljava/lang/String;
Lcom/google/ads/AdActivity;	a	V	Ljava/lang/String;,Ljava/lang/Throwable;
Lcom/google/ads/AdActivity;	b	Lcom/google/ads/o;	
Lcom/google/ads/AdActivity;	b	V	I,I,I,I
Lcom/google/ads/AdActivity;	c	Landroid/widget/RelativeLayout$LayoutParams;	I,I,I,I
Lcom/google/ads/AdActivity;	c	Z	
Lcom/google/ads/AdActivity;	d	V	
Lcom/google/ads/AdActivity;	finish	V	
Lcom/google/ads/AdActivity;	getApplicationContext	Landroid/content/Context;	
Lcom/google/ads/AdActivity;	getIntent	Landroid/content/Intent;	
Lcom/google/ads/AdActivity;	getResources	Landroid/content/res/Resources;	
Lcom/google/ads/AdActivity;	getWindow	Landroid/view/Window;	
Lcom/google/ads/AdActivity;	isFinishing	Z	
Lcom/google/ads/AdActivity;	onActivityResult	V	I,I,Landroid/content/Intent;
Lcom/google/ads/AdActivity;	onClick	V	Landroid/view/View;
Lcom/google/ads/AdActivity;	onCreate	V	Landroid/os/Bundle;
Lcom/google/ads/AdActivity;	onDestroy	V	
Lcom/google/ads/AdActivity;	onPause	V	
Lcom/google/ads/AdActivity;	onWindowFocusChanged	V	Z
Lcom/google/ads/AdActivity;	requestWindowFeature	Z	I
Lcom/google/ads/AdActivity;	setContentView	V	Landroid/view/View;
Lcom/google/ads/AdActivity;	setRequestedOrientation	V	I
Lcom/google/ads/AdActivity;	startActivity	V	Landroid/content/Intent;
Lcom/google/ads/AdActivity;	startActivityForResult	V	Landroid/content/Intent;,I
Lcom/google/ads/AdView;	<init>	V	Landroid/app/Activity;,Lcom/google/ads/d;,Ljava/lang/String;
Lcom/google/ads/AdView;	<init>	V	Landroid/content/Context;,Landroid/util/AttributeSet;
Lcom/google/ads/AdView;	<init>	V	Landroid/content/Context;,Landroid/util/AttributeSet;,I
Lcom/google/ads/AdView;	a	V	
Lcom/google/ads/AdView;	a	V	Landroid/app/Activity;,Lcom/google/ads/d;,Ljava/lang/String;
Lcom/google/ads/AdView;	a	V	Landroid/content/Context;,Landroid/util/AttributeSet;
Lcom/google/ads/AdView;	a	V	Landroid/content/Context;,Ljava/lang/String;,I,Lcom/google/ads/d;,Landroid/util/AttributeSet;
Lcom/google/ads/AdView;	a	V	Landroid/content/Context;,Ljava/lang/String;,Lcom/google/ads/d;,Landroid/util/AttributeSet;
Lcom/google/ads/AdView;	a	V	Lcom/google/ads/c;
Lcom/google/ads/AdView;	a	Z	Landroid/content/Context;,Lcom/google/ads/d;,Landroid/util/AttributeSet;
Lcom/google/ads/AdView;	addView	V	Landroid/view/View;,I,I
Lcom/google/ads/AdView;	b	V	
Lcom/google/ads/AdView;	b	Z	Landroid/content/Context;,Lcom/google/ads/d;,Landroid/util/AttributeSet;
Lcom/google/ads/AdView;	getChildCount	I	
Lcom/google/ads/AdView;	getResources	Landroid/content/res/Resources;	
Lcom/google/ads/AdView;	isInEditMode	Z	
Lcom/google/ads/AdView;	isShown	Z	
Lcom/google/ads/AdView;	setGravity	V	I
Lcom/google/ads/AdView;	setLayoutParams	V	Landroid/view/ViewGroup$LayoutParams;
Lcom/google/ads/a/a$a;	<clinit>	V	
Lcom/google/ads/a/a$a;	<init>	V	Ljava/lang/String;,I,Ljava/lang/String;
Lcom/google/ads/a/a$a;	toString	Ljava/lang/String;	
Lcom/google/ads/a/a$a;	valueOf	Lcom/google/ads/a/a$a;	Ljava/lang/String;
Lcom/google/ads/a/a$a;	values	[Lcom/google/ads/a/a$a;	
Lcom/google/ads/a/a;	<init>	V	
Lcom/google/ads/a/a;	a	Ljava/lang/String;	I
Lcom/google/ads/a/a;	a	Ljava/util/Map;	Landroid/content/Context;
Lcom/google/ads/a/a;	a	V	Ljava/lang/String;,Ljava/lang/Object;
Lcom/google/ads/aa;	<init>	V	
Lcom/google/ads/aa;	a	V	Lcom/google/ads/k;,Ljava/util/HashMap;,Landroid/webkit/WebView;
Lcom/google/ads/ab;	<init>	V	
Lcom/google/ads/ab;	a	I	Ljava/util/HashMap;,Ljava/lang/String;,I,Landroid/util/DisplayMetrics;
Lcom/google/ads/ab;	a	V	Lcom/google/ads/k;,Ljava/util/HashMap;,Landroid/webkit/WebView;
Lcom/google/ads/ac;	<init>	V	Ljava/lang/String;,Landroid/content/Context;
Lcom/google/ads/ac;	run	V	
Lcom/google/ads/ad;	<init>	V	Lcom/google/ads/k;
Lcom/google/ads/ad;	run	V	
Lcom/google/ads/ae;	<clinit>	V	
Lcom/google/ads/af$a;	<init>	V	Landroid/app/Activity;
Lcom/google/ads/af$a;	run	V	
Lcom/google/ads/af$b;	<init>	V	Landroid/app/Activity;,Landroid/webkit/WebView;,Ljava/lang/String;
Lcom/google/ads/af$b;	run	V	
Lcom/google/ads/af$c;	<init>	V	Landroid/webkit/WebView;,Z
Lcom/google/ads/af$c;	run	V	
Lcom/google/ads/af;	a	V	Landroid/webkit/WebView;,Z
Lcom/google/ads/c$a;	<clinit>	V	
Lcom/google/ads/c$a;	<init>	V	Ljava/lang/String;,I,Ljava/lang/String;
Lcom/google/ads/c$a;	toString	Ljava/lang/String;	
Lcom/google/ads/c$a;	valueOf	Lcom/google/ads/c$a;	Ljava/lang/String;
Lcom/google/ads/c$a;	values	[Lcom/google/ads/c$a;	
Lcom/google/ads/c$b;	<clinit>	V	
Lcom/google/ads/c$b;	<init>	V	Ljava/lang/String;,I
Lcom/google/ads/c$b;	ordinal	I	
Lcom/google/ads/c$b;	valueOf	Lcom/google/ads/c$b;	Ljava/lang/String;
Lcom/google/ads/c$b;	values	[Lcom/google/ads/c$b;	
Lcom/google/ads/c;	<clinit>	V	
Lcom/google/ads/c;	<init>	V	
Lcom/google/ads/c;	a	Ljava/util/Map;	Landroid/content/Context;
Lcom/google/ads/c;	a	V	Ljava/lang/String;
Lcom/google/ads/c;	a	V	Ljava/lang/String;,Ljava/lang/Object;
Lcom/google/ads/c;	b	V	Ljava/lang/String;
Lcom/google/ads/d;	<clinit>	V	
Lcom/google/ads/d;	<init>	V	I,I,Ljava/lang/String;
Lcom/google/ads/d;	a	I	
Lcom/google/ads/d;	b	I	
Lcom/google/ads/d;	toString	Ljava/lang/String;	
Lcom/google/ads/f;	<clinit>	V	
Lcom/google/ads/f;	a	V	Landroid/webkit/WebView;
Lcom/google/ads/f;	a	V	Landroid/webkit/WebView;,Ljava/lang/String;
Lcom/google/ads/f;	a	V	Landroid/webkit/WebView;,Ljava/lang/String;,Ljava/lang/String;
Lcom/google/ads/f;	a	V	Landroid/webkit/WebView;,Ljava/util/Map;
Lcom/google/ads/f;	a	V	Lcom/google/ads/k;,Ljava/util/Map;,Landroid/net/Uri;,Landroid/webkit/WebView;
Lcom/google/ads/f;	a	Z	Landroid/net/Uri;
Lcom/google/ads/f;	b	V	Landroid/webkit/WebView;
Lcom/google/ads/f;	b	Z	Landroid/net/Uri;
Lcom/google/ads/f;	c	Z	Landroid/net/Uri;
Lcom/google/ads/g;	a	Z	Landroid/content/Context;
Lcom/google/ads/g;	a	Z	Landroid/content/Intent;,Landroid/content/Context;
Lcom/google/ads/h$a;	<init>	V	
Lcom/google/ads/h$a;	onClick	V	Landroid/content/DialogInterface;,I
Lcom/google/ads/h$b;	<clinit>	V	
Lcom/google/ads/h$b;	<init>	V	Ljava/lang/String;,I,Ljava/lang/String;
Lcom/google/ads/h$b;	valueOf	Lcom/google/ads/h$b;	Ljava/lang/String;
Lcom/google/ads/h$b;	values	[Lcom/google/ads/h$b;	
Lcom/google/ads/h$c;	<init>	V	Lcom/google/ads/k;
Lcom/google/ads/h$c;	onClick	V	Landroid/content/DialogInterface;,I
Lcom/google/ads/h;	<init>	V	
Lcom/google/ads/h;	a	V	Lcom/google/ads/k;,Ljava/util/HashMap;,Landroid/webkit/WebView;
Lcom/google/ads/i;	<init>	V	Lcom/google/ads/j;,Lcom/google/ads/k;
Lcom/google/ads/i;	a	V	
Lcom/google/ads/i;	a	V	Ljava/lang/String;
Lcom/google/ads/i;	a	V	Ljava/net/HttpURLConnection;
Lcom/google/ads/i;	a	V	Z
Lcom/google/ads/i;	b	V	Ljava/net/HttpURLConnection;
Lcom/google/ads/i;	run	V	
Lcom/google/ads/j$a;	<init>	V	Lcom/google/ads/j;,Lcom/google/ads/k;,Landroid/webkit/WebView;,Lcom/google/ads/i;,Lcom/google/ads/c$a;,Z
Lcom/google/ads/j$a;	run	V	
Lcom/google/ads/j$b;	<init>	V	Lcom/google/ads/j;,Ljava/lang/String;
Lcom/google/ads/j$c;	<init>	V	Lcom/google/ads/j;,Landroid/webkit/WebView;,Ljava/lang/String;,Ljava/lang/String;
Lcom/google/ads/j$c;	run	V	
Lcom/google/ads/j$d;	<init>	V	Lcom/google/ads/j;,Ljava/lang/String;
Lcom/google/ads/j$e;	<init>	V	Lcom/google/ads/j;,Lcom/google/ads/k;,Ljava/util/LinkedList;,I
Lcom/google/ads/j$e;	run	V	
Lcom/google/ads/j;	<init>	V	Lcom/google/ads/k;
Lcom/google/ads/j;	a	Ljava/lang/String;	Lcom/google/ads/c;,Landroid/app/Activity;
Lcom/google/ads/j;	a	V	
Lcom/google/ads/j;	a	V	I
Lcom/google/ads/j;	a	V	Lcom/google/ads/c$a;
Lcom/google/ads/j;	a	V	Lcom/google/ads/c$a;,Z
Lcom/google/ads/j;	a	V	Lcom/google/ads/c;
Lcom/google/ads/j;	a	V	Ljava/lang/String;
Lcom/google/ads/j;	a	V	Ljava/lang/String;,Ljava/lang/String;
Lcom/google/ads/j;	a	V	Z
Lcom/google/ads/j;	b	V	
Lcom/google/ads/j;	b	V	Ljava/lang/String;
Lcom/google/ads/j;	run	V	
Lcom/google/ads/k;	<clinit>	V	
Lcom/google/ads/k;	<init>	V	Landroid/app/Activity;,Lcom/google/ads/a;,Lcom/google/ads/d;,Ljava/lang/String;
Lcom/google/ads/k;	A	V	
Lcom/google/ads/k;	a	V	
Lcom/google/ads/k;	a	V	F
Lcom/google/ads/k;	a	V	I
Lcom/google/ads/k;	a	V	J
Lcom/google/ads/k;	a	V	Lcom/google/ads/c$a;
Lcom/google/ads/k;	a	V	Lcom/google/ads/c;
Lcom/google/ads/k;	a	V	Ljava/lang/Runnable;
Lcom/google/ads/k;	a	V	Ljava/lang/String;
Lcom/google/ads/k;	a	V	Ljava/util/LinkedList;
Lcom/google/ads/k;	b	V	
Lcom/google/ads/k;	b	V	J
Lcom/google/ads/k;	c	V	
Lcom/google/ads/k;	d	V	
Lcom/google/ads/k;	e	Landroid/app/Activity;	
Lcom/google/ads/k;	f	Lcom/google/ads/a;	
Lcom/google/ads/k;	g	Lcom/google/ads/j;	
Lcom/google/ads/k;	h	Ljava/lang/String;	
Lcom/google/ads/k;	i	Lcom/google/ads/o;	
Lcom/google/ads/k;	j	Lcom/google/ads/p;	
Lcom/google/ads/k;	k	Lcom/google/ads/d;	
Lcom/google/ads/k;	l	Lcom/google/ads/m;	
Lcom/google/ads/k;	m	I	
Lcom/google/ads/k;	n	J	
Lcom/google/ads/k;	o	Z	
Lcom/google/ads/k;	p	V	
Lcom/google/ads/k;	q	V	
Lcom/google/ads/k;	r	V	
Lcom/google/ads/k;	s	V	
Lcom/google/ads/k;	t	V	
Lcom/google/ads/k;	u	Z	
Lcom/google/ads/k;	v	V	
Lcom/google/ads/k;	w	V	
Lcom/google/ads/k;	x	Z	
Lcom/google/ads/k;	y	V	
Lcom/google/ads/k;	z	V	
Lcom/google/ads/l;	<init>	V	Landroid/os/Bundle;
Lcom/google/ads/l;	<init>	V	Ljava/lang/String;
Lcom/google/ads/l;	<init>	V	Ljava/lang/String;,Ljava/util/HashMap;
Lcom/google/ads/l;	a	Landroid/os/Bundle;	
Lcom/google/ads/l;	b	Ljava/lang/String;	
Lcom/google/ads/l;	c	Ljava/util/HashMap;	
Lcom/google/ads/m;	<clinit>	V	
Lcom/google/ads/m;	<init>	V	
Lcom/google/ads/m;	a	V	
Lcom/google/ads/m;	a	V	Ljava/lang/String;
Lcom/google/ads/m;	b	V	
Lcom/google/ads/m;	b	V	Ljava/lang/String;
Lcom/google/ads/m;	c	V	
Lcom/google/ads/m;	d	V	
Lcom/google/ads/m;	e	J	
Lcom/google/ads/m;	f	Ljava/lang/String;	
Lcom/google/ads/m;	g	Ljava/lang/String;	
Lcom/google/ads/m;	h	J	
Lcom/google/ads/m;	i	J	
Lcom/google/ads/m;	j	Ljava/lang/String;	
Lcom/google/ads/m;	k	Z	
Lcom/google/ads/m;	l	V	
Lcom/google/ads/m;	m	Z	
Lcom/google/ads/m;	n	V	
Lcom/google/ads/m;	o	V	
Lcom/google/ads/m;	p	Ljava/lang/String;	
Lcom/google/ads/n$a;	<init>	V	Lcom/google/ads/n;
Lcom/google/ads/n$a;	a	V	
Lcom/google/ads/n$a;	run	V	
Lcom/google/ads/n;	<init>	V	Lcom/google/ads/AdActivity;,Lcom/google/ads/o;
Lcom/google/ads/n;	a	V	
Lcom/google/ads/n;	a	V	I
Lcom/google/ads/n;	a	V	Landroid/view/MotionEvent;
Lcom/google/ads/n;	a	V	Ljava/lang/String;
Lcom/google/ads/n;	a	V	Z
Lcom/google/ads/n;	addView	V	Landroid/view/View;,Landroid/view/ViewGroup$LayoutParams;
Lcom/google/ads/n;	b	V	
Lcom/google/ads/n;	c	V	
Lcom/google/ads/n;	d	V	
Lcom/google/ads/n;	e	V	
Lcom/google/ads/n;	onCompletion	V	Landroid/media/MediaPlayer;
Lcom/google/ads/n;	onError	Z	Landroid/media/MediaPlayer;,I,I
Lcom/google/ads/n;	onPrepared	V	Landroid/media/MediaPlayer;
Lcom/google/ads/n;	requestLayout	V	
Lcom/google/ads/n;	setLayoutParams	V	Landroid/view/ViewGroup$LayoutParams;
Lcom/google/ads/n;	setVisibility	V	I
Lcom/google/ads/o;	<init>	V	Landroid/content/Context;,Lcom/google/ads/d;
Lcom/google/ads/o;	a	V	
Lcom/google/ads/o;	a	V	Lcom/google/ads/AdActivity;
Lcom/google/ads/o;	b	Lcom/google/ads/AdActivity;	
Lcom/google/ads/o;	destroy	V	
Lcom/google/ads/o;	getContext	Landroid/content/Context;	
Lcom/google/ads/o;	getParent	Landroid/view/ViewParent;	
Lcom/google/ads/o;	getSettings	Landroid/webkit/WebSettings;	
Lcom/google/ads/o;	isInEditMode	Z	
Lcom/google/ads/o;	loadDataWithBaseURL	V	Ljava/lang/String;,Ljava/lang/String;,Ljava/lang/String;,Ljava/lang/String;,Ljava/lang/String;
Lcom/google/ads/o;	loadUrl	V	Ljava/lang/String;
Lcom/google/ads/o;	onMeasure	V	I,I
Lcom/google/ads/o;	setBackgroundColor	V	I
Lcom/google/ads/o;	setMeasuredDimension	V	I,I
Lcom/google/ads/o;	setScrollBarStyle	V	I
Lcom/google/ads/o;	setVisibility	V	I
Lcom/google/ads/o;	setWebViewClient	V	Landroid/webkit/WebViewClient;
Lcom/google/ads/o;	stopLoading	V	
Lcom/google/ads/p;	<init>	V	Lcom/google/ads/k;,Ljava/util/Map;,Z,Z
Lcom/google/ads/p;	a	V	
Lcom/google/ads/p;	b	V	
Lcom/google/ads/p;	c	V	
Lcom/google/ads/p;	onPageFinished	V	Landroid/webkit/WebView;,Ljava/lang/String;
Lcom/google/ads/p;	shouldOverrideUrlLoading	Z	Landroid/webkit/WebView;,Ljava/lang/String;
Lcom/google/ads/q;	a	V	Lcom/google/ads/k;,Ljava/util/HashMap;,Landroid/webkit/WebView;
Lcom/google/ads/r;	<init>	V	
Lcom/google/ads/r;	a	V	Lcom/google/ads/k;,Ljava/util/HashMap;,Landroid/webkit/WebView;
Lcom/google/ads/s;	<init>	V	
Lcom/google/ads/s;	a	V	Lcom/google/ads/k;,Ljava/util/HashMap;,Landroid/webkit/WebView;
Lcom/google/ads/t;	<init>	V	
Lcom/google/ads/t;	a	V	Lcom/google/ads/k;,Ljava/util/HashMap;,Landroid/webkit/WebView;
Lcom/google/ads/u;	<init>	V	
Lcom/google/ads/u;	a	V	Lcom/google/ads/k;,Ljava/util/HashMap;,Landroid/webkit/WebView;
Lcom/google/ads/util/AdUtil$UserActivityReceiver;	<init>	V	
Lcom/google/ads/util/AdUtil$UserActivityReceiver;	onReceive	V	Landroid/content/Context;,Landroid/content/Intent;
Lcom/google/ads/util/AdUtil$a;	<clinit>	V	
Lcom/google/ads/util/AdUtil$a;	<init>	V	Ljava/lang/String;,I
Lcom/google/ads/util/AdUtil$a;	ordinal	I	
Lcom/google/ads/util/AdUtil$a;	valueOf	Lcom/google/ads/util/AdUtil$a;	Ljava/lang/String;
Lcom/google/ads/util/AdUtil$a;	values	[Lcom/google/ads/util/AdUtil$a;	
Lcom/google/ads/util/AdUtil;	<clinit>	V	
Lcom/google/ads/util/AdUtil;	a	I	
Lcom/google/ads/util/AdUtil;	a	I	Landroid/content/Context;,Landroid/util/DisplayMetrics;
Lcom/google/ads/util/AdUtil;	a	Landroid/util/DisplayMetrics;	Landroid/app/Activity;
Lcom/google/ads/util/AdUtil;	a	Ljava/lang/String;	Landroid/content/Context;
Lcom/google/ads/util/AdUtil;	a	Ljava/lang/String;	Landroid/location/Location;
Lcom/google/ads/util/AdUtil;	a	Ljava/lang/String;	Ljava/lang/String;
Lcom/google/ads/util/AdUtil;	a	Ljava/lang/String;	Ljava/util/Map;
Lcom/google/ads/util/AdUtil;	a	Lorg/json/JSONArray;	Ljava/util/Set;
Lcom/google/ads/util/AdUtil;	a	V	Landroid/webkit/WebView;
Lcom/google/ads/util/AdUtil;	a	V	Ljava/net/HttpURLConnection;,Landroid/content/Context;
Lcom/google/ads/util/AdUtil;	a	V	Z
Lcom/google/ads/util/AdUtil;	a	Z	I,I,Ljava/lang/String;
Lcom/google/ads/util/AdUtil;	a	Z	Landroid/net/Uri;
Lcom/google/ads/util/AdUtil;	b	I	
Lcom/google/ads/util/AdUtil;	b	I	Landroid/content/Context;,Landroid/util/DisplayMetrics;
Lcom/google/ads/util/AdUtil;	b	Ljava/lang/String;	Ljava/lang/String;
Lcom/google/ads/util/AdUtil;	b	Ljava/util/HashMap;	Landroid/net/Uri;
Lcom/google/ads/util/AdUtil;	b	Lorg/json/JSONObject;	Ljava/util/Map;
Lcom/google/ads/util/AdUtil;	b	Z	Landroid/content/Context;
Lcom/google/ads/util/AdUtil;	c	Z	
Lcom/google/ads/util/AdUtil;	c	Z	Landroid/content/Context;
Lcom/google/ads/util/AdUtil;	d	Ljava/lang/String;	Landroid/content/Context;
Lcom/google/ads/util/AdUtil;	d	Z	
Lcom/google/ads/util/AdUtil;	e	Ljava/lang/String;	Landroid/content/Context;
Lcom/google/ads/util/AdUtil;	f	Ljava/lang/String;	Landroid/content/Context;
Lcom/google/ads/util/AdUtil;	g	Lcom/google/ads/util/AdUtil$a;	Landroid/content/Context;
Lcom/google/ads/util/AdUtil;	h	V	Landroid/content/Context;
Lcom/google/ads/util/AdUtil;	i	Ljava/lang/String;	Landroid/content/Context;
Lcom/google/ads/util/a;	a	V	Ljava/lang/String;
Lcom/google/ads/util/a;	a	V	Ljava/lang/String;,Ljava/lang/Throwable;
Lcom/google/ads/util/a;	a	V	Ljava/lang/Throwable;
Lcom/google/ads/util/a;	a	Z	Ljava/lang/String;,I
Lcom/google/ads/util/a;	b	V	Ljava/lang/String;
Lcom/google/ads/util/a;	b	V	Ljava/lang/String;,Ljava/lang/Throwable;
Lcom/google/ads/util/a;	c	V	Ljava/lang/String;
Lcom/google/ads/util/a;	d	V	Ljava/lang/String;
Lcom/google/ads/util/a;	e	V	Ljava/lang/String;
Lcom/google/ads/util/b$a;	<init>	V	
Lcom/google/ads/util/b$b;	<clinit>	V	
Lcom/google/ads/util/b$b;	<init>	V	
Lcom/google/ads/util/b$b;	a	Z	[B,I
Lcom/google/ads/util/b;	<clinit>	V	
Lcom/google/ads/util/b;	<init>	V	
Lcom/google/ads/util/b;	a	Ljava/lang/String;	[B
Lcom/google/ads/util/c;	a	I	Landroid/content/Context;,F,I
Lcom/google/ads/util/c;	a	I	Landroid/content/Context;,Landroid/util/DisplayMetrics;
Lcom/google/ads/util/c;	b	I	Landroid/content/Context;,Landroid/util/DisplayMetrics;
Lcom/google/ads/v;	<init>	V	
Lcom/google/ads/v;	a	V	Lcom/google/ads/k;,Ljava/util/HashMap;,Landroid/webkit/WebView;
Lcom/google/ads/w;	<init>	V	
Lcom/google/ads/w;	a	V	Lcom/google/ads/k;,Ljava/util/HashMap;,Landroid/webkit/WebView;
Lcom/google/ads/x;	<init>	V	
Lcom/google/ads/x;	a	V	Lcom/google/ads/k;,Ljava/util/HashMap;,Landroid/webkit/WebView;
Lcom/google/ads/y;	<init>	V	
Lcom/google/ads/y;	a	V	Lcom/google/ads/k;,Ljava/util/HashMap;,Landroid/webkit/WebView;
Lcom/google/ads/z;	<init>	V	
Lcom/google/ads/z;	a	V	Lcom/google/ads/k;,Ljava/util/HashMap;,Landroid/webkit/WebView;
Ljakiganicsystems/danmaku/a/a;	a	[B	[B
Ljakiganicsystems/danmaku/a/a;	b	[B	[B
Ljakiganicsystems/danmaku/common/LeaderbordData;	<init>	V	
Ljakiganicsystems/danmaku/common/LeaderbordListItem;	<init>	V	
Ljakiganicsystems/danmaku/common/a;	<clinit>	V	
Ljakiganicsystems/danmaku/common/a;	a	Z	[B,[B
Ljakiganicsystems/danmaku/common/a;	a	[B	[Ljava/lang/Object;
Ljakiganicsystems/danmaku/common/b;	<init>	V	
Ljakiganicsystems/danmakudeath/App;	<clinit>	V	
Ljakiganicsystems/danmakudeath/App;	<init>	V	
Ljakiganicsystems/danmakudeath/App;	a	Landroid/content/Context;	
Ljakiganicsystems/danmakudeath/App;	getPackageManager	Landroid/content/pm/PackageManager;	
Ljakiganicsystems/danmakudeath/App;	getPackageName	Ljava/lang/String;	
Ljakiganicsystems/danmakudeath/App;	onCreate	V	
Ljakiganicsystems/danmakudeath/App;	onLowMemory	V	
Ljakiganicsystems/danmakudeath/App;	onTerminate	V	
Ljakiganicsystems/danmakudeath/GameBase;	<clinit>	V	
Ljakiganicsystems/danmakudeath/GameBase;	<init>	V	
Ljakiganicsystems/danmakudeath/GameBase;	a	V	
Ljakiganicsystems/danmakudeath/GameBase;	b	V	
Ljakiganicsystems/danmakudeath/GameBase;	c	V	
Ljakiganicsystems/danmakudeath/GameBase;	dispatchTouchEvent	Z	Landroid/view/MotionEvent;
Ljakiganicsystems/danmakudeath/GameBase;	findViewById	Landroid/view/View;	I
Ljakiganicsystems/danmakudeath/GameBase;	finish	V	
Ljakiganicsystems/danmakudeath/GameBase;	getIntent	Landroid/content/Intent;	
Ljakiganicsystems/danmakudeath/GameBase;	getResources	Landroid/content/res/Resources;	
Ljakiganicsystems/danmakudeath/GameBase;	getWindow	Landroid/view/Window;	
Ljakiganicsystems/danmakudeath/GameBase;	onCreate	V	Landroid/os/Bundle;
Ljakiganicsystems/danmakudeath/GameBase;	onDestroy	V	
Ljakiganicsystems/danmakudeath/GameBase;	onDrawFrame	V	Ljavax/microedition/khronos/opengles/GL10;
Ljakiganicsystems/danmakudeath/GameBase;	onKeyDown	Z	I,Landroid/view/KeyEvent;
Ljakiganicsystems/danmakudeath/GameBase;	onKeyUp	Z	I,Landroid/view/KeyEvent;
Ljakiganicsystems/danmakudeath/GameBase;	onPause	V	
Ljakiganicsystems/danmakudeath/GameBase;	onRestart	V	
Ljakiganicsystems/danmakudeath/GameBase;	onResume	V	
Ljakiganicsystems/danmakudeath/GameBase;	onStart	V	
Ljakiganicsystems/danmakudeath/GameBase;	onStop	V	
Ljakiganicsystems/danmakudeath/GameBase;	onSurfaceChanged	V	Ljavax/microedition/khronos/opengles/GL10;,I,I
Ljakiganicsystems/danmakudeath/GameBase;	onSurfaceCreated	V	Ljavax/microedition/khronos/opengles/GL10;,Ljavax/microedition/khronos/egl/EGLConfig;
Ljakiganicsystems/danmakudeath/GameBase;	setContentView	V	I
Ljakiganicsystems/danmakudeath/GameBase;	setVolumeControlStream	V	I
Ljakiganicsystems/danmakudeath/GameBase;	startActivity	V	Landroid/content/Intent;
Ljakiganicsystems/danmakudeath/JniBridge;	<clinit>	V	
Ljakiganicsystems/danmakudeath/JniBridge;	loadTexture	I	[I,I,I
Ljakiganicsystems/danmakudeath/JniBridge;	nativeOnDrawFrame	V	
Ljakiganicsystems/danmakudeath/JniBridge;	nativeOnSurfaceChanged	V	I,I,I,I
Ljakiganicsystems/danmakudeath/JniBridge;	nativeOnSurfaceCreated	V	Ljava/nio/ByteBuffer;
Ljakiganicsystems/danmakudeath/a$a;	<clinit>	V	
Ljakiganicsystems/danmakudeath/a$a;	<init>	V	Ljava/lang/String;,I
Ljakiganicsystems/danmakudeath/a$a;	valueOf	Ljakiganicsystems/danmakudeath/a$a;	Ljava/lang/String;
Ljakiganicsystems/danmakudeath/a$a;	values	[Ljakiganicsystems/danmakudeath/a$a;	
Ljakiganicsystems/danmakudeath/a$b;	<clinit>	V	
Ljakiganicsystems/danmakudeath/a$b;	<init>	V	Ljava/lang/String;,I
Ljakiganicsystems/danmakudeath/a$b;	valueOf	Ljakiganicsystems/danmakudeath/a$b;	Ljava/lang/String;
Ljakiganicsystems/danmakudeath/a$b;	values	[Ljakiganicsystems/danmakudeath/a$b;	
Ljakiganicsystems/danmakudeath/a/a;	<init>	V	
Ljakiganicsystems/danmakudeath/a/a;	a	V	
Ljakiganicsystems/danmakudeath/a/a;	b	V	
Ljakiganicsystems/danmakudeath/a/a;	c	V	
Ljakiganicsystems/danmakudeath/a/a;	d	V	
Ljakiganicsystems/danmakudeath/a/b;	<init>	V	
Ljakiganicsystems/danmakudeath/a/b;	b	V	
Ljakiganicsystems/danmakudeath/a/b;	d	V	
Ljakiganicsystems/danmakudeath/a/c$a;	<init>	V	
Ljakiganicsystems/danmakudeath/a/c$a;	a	V	
Ljakiganicsystems/danmakudeath/a/c$a;	b	[I	
Ljakiganicsystems/danmakudeath/a/c$b;	<clinit>	V	
Ljakiganicsystems/danmakudeath/a/c$b;	<init>	V	Ljava/lang/String;,I
Ljakiganicsystems/danmakudeath/a/c$b;	ordinal	I	
Ljakiganicsystems/danmakudeath/a/c$b;	valueOf	Ljakiganicsystems/danmakudeath/a/c$b;	Ljava/lang/String;
Ljakiganicsystems/danmakudeath/a/c$b;	values	[Ljakiganicsystems/danmakudeath/a/c$b;	
Ljakiganicsystems/danmakudeath/a/c;	<init>	V	
Ljakiganicsystems/danmakudeath/a/c;	b	V	
Ljakiganicsystems/danmakudeath/a/c;	d	V	
Ljakiganicsystems/danmakudeath/a/d$a;	<clinit>	V	
Ljakiganicsystems/danmakudeath/a/d$a;	<init>	V	Ljava/lang/String;,I
Ljakiganicsystems/danmakudeath/a/d$a;	valueOf	Ljakiganicsystems/danmakudeath/a/d$a;	Ljava/lang/String;
Ljakiganicsystems/danmakudeath/a/d$a;	values	[Ljakiganicsystems/danmakudeath/a/d$a;	
Ljakiganicsystems/danmakudeath/a/d;	<init>	V	Ljakiganicsystems/danmakudeath/a/d$a;
Ljakiganicsystems/danmakudeath/a/d;	b	V	
Ljakiganicsystems/danmakudeath/a/d;	d	V	
Ljakiganicsystems/danmakudeath/a/e$a;	<clinit>	V	
Ljakiganicsystems/danmakudeath/a/e$a;	<init>	V	Ljava/lang/String;,I
Ljakiganicsystems/danmakudeath/a/e$a;	valueOf	Ljakiganicsystems/danmakudeath/a/e$a;	Ljava/lang/String;
Ljakiganicsystems/danmakudeath/a/e$a;	values	[Ljakiganicsystems/danmakudeath/a/e$a;	
Ljakiganicsystems/danmakudeath/a/e;	<init>	V	Ljakiganicsystems/danmakudeath/a/e$a;
Ljakiganicsystems/danmakudeath/a/e;	b	V	
Ljakiganicsystems/danmakudeath/a/e;	d	V	
Ljakiganicsystems/danmakudeath/a/f$a;	<clinit>	V	
Ljakiganicsystems/danmakudeath/a/f$a;	<init>	V	Ljava/lang/String;,I
Ljakiganicsystems/danmakudeath/a/f$a;	ordinal	I	
Ljakiganicsystems/danmakudeath/a/f$a;	valueOf	Ljakiganicsystems/danmakudeath/a/f$a;	Ljava/lang/String;
Ljakiganicsystems/danmakudeath/a/f$a;	values	[Ljakiganicsystems/danmakudeath/a/f$a;	
Ljakiganicsystems/danmakudeath/a/f$b;	<init>	V	
Ljakiganicsystems/danmakudeath/a/f$b;	a	V	
Ljakiganicsystems/danmakudeath/a/f$b;	b	[I	
Ljakiganicsystems/danmakudeath/a/f$c;	<clinit>	V	
Ljakiganicsystems/danmakudeath/a/f$c;	<init>	V	Ljava/lang/String;,I
Ljakiganicsystems/danmakudeath/a/f$c;	ordinal	I	
Ljakiganicsystems/danmakudeath/a/f$c;	valueOf	Ljakiganicsystems/danmakudeath/a/f$c;	Ljava/lang/String;
Ljakiganicsystems/danmakudeath/a/f$c;	values	[Ljakiganicsystems/danmakudeath/a/f$c;	
Ljakiganicsystems/danmakudeath/a/f;	<init>	V	Ljakiganicsystems/danmakudeath/a/f$a;
Ljakiganicsystems/danmakudeath/a/f;	b	V	
Ljakiganicsystems/danmakudeath/a/f;	d	V	
Ljakiganicsystems/danmakudeath/a/f;	e	[I	
Ljakiganicsystems/danmakudeath/a/g;	<init>	V	
Ljakiganicsystems/danmakudeath/a/g;	b	V	
Ljakiganicsystems/danmakudeath/a/g;	d	V	
Ljakiganicsystems/danmakudeath/a/h;	<init>	V	
Ljakiganicsystems/danmakudeath/a/h;	b	V	
Ljakiganicsystems/danmakudeath/a/h;	d	V	
Ljakiganicsystems/danmakudeath/a/i;	<init>	V	I,I,I
Ljakiganicsystems/danmakudeath/a/i;	b	V	
Ljakiganicsystems/danmakudeath/a/i;	d	V	
Ljakiganicsystems/danmakudeath/a/j;	<init>	V	
Ljakiganicsystems/danmakudeath/a/j;	b	V	
Ljakiganicsystems/danmakudeath/a/j;	d	V	
Ljakiganicsystems/danmakudeath/a/k$a;	<clinit>	V	
Ljakiganicsystems/danmakudeath/a/k$a;	<init>	V	Ljava/lang/String;,I
Ljakiganicsystems/danmakudeath/a/k$a;	valueOf	Ljakiganicsystems/danmakudeath/a/k$a;	Ljava/lang/String;
Ljakiganicsystems/danmakudeath/a/k$a;	values	[Ljakiganicsystems/danmakudeath/a/k$a;	
Ljakiganicsystems/danmakudeath/a/k;	<init>	V	Ljakiganicsystems/danmakudeath/a/k$a;
Ljakiganicsystems/danmakudeath/a/k;	a	V	I
Ljakiganicsystems/danmakudeath/a/k;	b	V	
Ljakiganicsystems/danmakudeath/a/k;	d	V	
Ljakiganicsystems/danmakudeath/a/l$a;	<clinit>	V	
Ljakiganicsystems/danmakudeath/a/l$a;	<init>	V	Ljava/lang/String;,I
Ljakiganicsystems/danmakudeath/a/l$a;	ordinal	I	
Ljakiganicsystems/danmakudeath/a/l$a;	valueOf	Ljakiganicsystems/danmakudeath/a/l$a;	Ljava/lang/String;
Ljakiganicsystems/danmakudeath/a/l$a;	values	[Ljakiganicsystems/danmakudeath/a/l$a;	
Ljakiganicsystems/danmakudeath/a/l;	<init>	V	Ljakiganicsystems/danmakudeath/a/l$a;
Ljakiganicsystems/danmakudeath/a/l;	a	V	I
Ljakiganicsystems/danmakudeath/a/l;	b	V	
Ljakiganicsystems/danmakudeath/a/l;	d	V	
Ljakiganicsystems/danmakudeath/a/l;	e	[I	
Ljakiganicsystems/danmakudeath/a/m;	<init>	V	
Ljakiganicsystems/danmakudeath/a/m;	b	V	
Ljakiganicsystems/danmakudeath/a/m;	d	V	
Ljakiganicsystems/danmakudeath/a/n$a;	<init>	V	
Ljakiganicsystems/danmakudeath/a/n$a;	a	V	
Ljakiganicsystems/danmakudeath/a/n$a;	b	[I	
Ljakiganicsystems/danmakudeath/a/n$b;	<clinit>	V	
Ljakiganicsystems/danmakudeath/a/n$b;	<init>	V	Ljava/lang/String;,I
Ljakiganicsystems/danmakudeath/a/n$b;	ordinal	I	
Ljakiganicsystems/danmakudeath/a/n$b;	valueOf	Ljakiganicsystems/danmakudeath/a/n$b;	Ljava/lang/String;
Ljakiganicsystems/danmakudeath/a/n$b;	values	[Ljakiganicsystems/danmakudeath/a/n$b;	
Ljakiganicsystems/danmakudeath/a/n;	<init>	V	
Ljakiganicsystems/danmakudeath/a/n;	b	V	
Ljakiganicsystems/danmakudeath/a/n;	d	V	
Ljakiganicsystems/danmakudeath/a/o$a;	<init>	V	
Ljakiganicsystems/danmakudeath/a/o$a;	a	V	
Ljakiganicsystems/danmakudeath/a/o$a;	b	[I	
Ljakiganicsystems/danmakudeath/a/o$b;	<clinit>	V	
Ljakiganicsystems/danmakudeath/a/o$b;	<init>	V	Ljava/lang/String;,I
Ljakiganicsystems/danmakudeath/a/o$b;	ordinal	I	
Ljakiganicsystems/danmakudeath/a/o$b;	valueOf	Ljakiganicsystems/danmakudeath/a/o$b;	Ljava/lang/String;
Ljakiganicsystems/danmakudeath/a/o$b;	values	[Ljakiganicsystems/danmakudeath/a/o$b;	
Ljakiganicsystems/danmakudeath/a/o;	<init>	V	
Ljakiganicsystems/danmakudeath/a/o;	b	V	
Ljakiganicsystems/danmakudeath/a/o;	d	V	
Ljakiganicsystems/danmakudeath/a/p;	<init>	V	
Ljakiganicsystems/danmakudeath/a/p;	b	V	
Ljakiganicsystems/danmakudeath/a/p;	d	V	
Ljakiganicsystems/danmakudeath/a/q$a;	<init>	V	Ljakiganicsystems/danmakudeath/a/q;
Ljakiganicsystems/danmakudeath/a/q$a;	a	V	
Ljakiganicsystems/danmakudeath/a/q;	<init>	V	
Ljakiganicsystems/danmakudeath/a/q;	b	V	
Ljakiganicsystems/danmakudeath/a/q;	d	V	
Ljakiganicsystems/danmakudeath/a;	<clinit>	V	
Ljakiganicsystems/danmakudeath/a;	a	V	
Ljakiganicsystems/danmakudeath/a;	a	V	I
Ljakiganicsystems/danmakudeath/a;	b	V	
Ljakiganicsystems/danmakudeath/a;	b	V	I
Ljakiganicsystems/danmakudeath/a;	c	V	
Ljakiganicsystems/danmakudeath/a;	d	V	
Ljakiganicsystems/danmakudeath/a;	e	V	
Ljakiganicsystems/danmakudeath/a;	f	V	
Ljakiganicsystems/danmakudeath/a;	g	V	
Ljakiganicsystems/danmakudeath/a;	h	V	
Ljakiganicsystems/danmakudeath/a;	i	V	
Ljakiganicsystems/danmakudeath/a;	j	V	
Ljakiganicsystems/danmakudeath/a;	k	V	
Ljakiganicsystems/danmakudeath/a;	l	V	
Ljakiganicsystems/danmakudeath/aa$a;	<clinit>	V	
Ljakiganicsystems/danmakudeath/aa$a;	<init>	V	Ljava/lang/String;,I
Ljakiganicsystems/danmakudeath/aa$a;	ordinal	I	
Ljakiganicsystems/danmakudeath/aa$a;	valueOf	Ljakiganicsystems/danmakudeath/aa$a;	Ljava/lang/String;
Ljakiganicsystems/danmakudeath/aa$a;	values	[Ljakiganicsystems/danmakudeath/aa$a;	
Ljakiganicsystems/danmakudeath/aa;	<init>	V	Ljakiganicsystems/danmakudeath/an;,I,I,I,I,Ljakiganicsystems/danmakudeath/aa$a;
Ljakiganicsystems/danmakudeath/aa;	a	V	
Ljakiganicsystems/danmakudeath/aa;	b	[I	
Ljakiganicsystems/danmakudeath/ab;	<clinit>	V	
Ljakiganicsystems/danmakudeath/ab;	a	V	
Ljakiganicsystems/danmakudeath/ab;	b	V	
Ljakiganicsystems/danmakudeath/ab;	c	V	
Ljakiganicsystems/danmakudeath/ab;	d	V	
Ljakiganicsystems/danmakudeath/ab;	e	Z	
Ljakiganicsystems/danmakudeath/ac;	<init>	V	
Ljakiganicsystems/danmakudeath/ac;	a	I	
Ljakiganicsystems/danmakudeath/ac;	a	V	F,F
Ljakiganicsystems/danmakudeath/ac;	b	I	
Ljakiganicsystems/danmakudeath/ac;	b	V	F,F
Ljakiganicsystems/danmakudeath/ac;	c	I	
Ljakiganicsystems/danmakudeath/ac;	d	I	
Ljakiganicsystems/danmakudeath/ad;	<clinit>	V	
Ljakiganicsystems/danmakudeath/ad;	<init>	V	Ljakiganicsystems/danmakudeath/GameBase;
Ljakiganicsystems/danmakudeath/ad;	a	V	
Ljakiganicsystems/danmakudeath/ad;	a	V	I,I,I
Ljakiganicsystems/danmakudeath/ad;	a	V	Ljakiganicsystems/danmakudeath/GameBase;
Ljakiganicsystems/danmakudeath/ad;	a	V	Ljakiganicsystems/danmakudeath/avatar/a;
Ljakiganicsystems/danmakudeath/ad;	a	V	Ljavax/microedition/khronos/opengles/GL10;
Ljakiganicsystems/danmakudeath/ad;	b	V	
Ljakiganicsystems/danmakudeath/ad;	b	V	I,I,I
Ljakiganicsystems/danmakudeath/ad;	b	V	Ljakiganicsystems/danmakudeath/GameBase;
Ljakiganicsystems/danmakudeath/ad;	c	V	
Ljakiganicsystems/danmakudeath/ad;	d	V	
Ljakiganicsystems/danmakudeath/ad;	e	V	
Ljakiganicsystems/danmakudeath/ad;	f	V	
Ljakiganicsystems/danmakudeath/ad;	g	V	
Ljakiganicsystems/danmakudeath/ad;	h	V	
Ljakiganicsystems/danmakudeath/ad;	i	V	
Ljakiganicsystems/danmakudeath/ad;	j	Z	
Ljakiganicsystems/danmakudeath/ad;	k	V	
Ljakiganicsystems/danmakudeath/ad;	l	I	
Ljakiganicsystems/danmakudeath/ad;	m	I	
Ljakiganicsystems/danmakudeath/ad;	n	Z	
Ljakiganicsystems/danmakudeath/ae;	<clinit>	V	
Ljakiganicsystems/danmakudeath/ae;	<init>	V	Ljakiganicsystems/danmakudeath/GameBase;
Ljakiganicsystems/danmakudeath/ae;	a	V	
Ljakiganicsystems/danmakudeath/ae;	a	V	I,I,I
Ljakiganicsystems/danmakudeath/ae;	a	V	Ljakiganicsystems/danmakudeath/GameBase;
Ljakiganicsystems/danmakudeath/ae;	a	V	Ljakiganicsystems/danmakudeath/avatar/a;
Ljakiganicsystems/danmakudeath/ae;	a	V	Ljavax/microedition/khronos/opengles/GL10;
Ljakiganicsystems/danmakudeath/ae;	b	V	
Ljakiganicsystems/danmakudeath/ae;	b	V	Ljakiganicsystems/danmakudeath/GameBase;
Ljakiganicsystems/danmakudeath/ae;	c	V	
Ljakiganicsystems/danmakudeath/ae;	d	V	
Ljakiganicsystems/danmakudeath/ae;	e	V	
Ljakiganicsystems/danmakudeath/ae;	f	V	
Ljakiganicsystems/danmakudeath/ae;	i	V	
Ljakiganicsystems/danmakudeath/ae;	l	I	
Ljakiganicsystems/danmakudeath/ae;	m	I	
Ljakiganicsystems/danmakudeath/af;	<init>	V	Ljakiganicsystems/danmakudeath/ae;
Ljakiganicsystems/danmakudeath/af;	run	V	
Ljakiganicsystems/danmakudeath/ag;	<init>	V	Ljakiganicsystems/danmakudeath/GameBase;
Ljakiganicsystems/danmakudeath/ag;	a	V	
Ljakiganicsystems/danmakudeath/ag;	a	V	Ljakiganicsystems/danmakudeath/avatar/a;
Ljakiganicsystems/danmakudeath/ag;	d	V	
Ljakiganicsystems/danmakudeath/ag;	e	V	
Ljakiganicsystems/danmakudeath/ag;	i	V	
Ljakiganicsystems/danmakudeath/ag;	j	Z	
Ljakiganicsystems/danmakudeath/ag;	l	I	
Ljakiganicsystems/danmakudeath/ag;	m	I	
Ljakiganicsystems/danmakudeath/ah;	<init>	V	Ljakiganicsystems/danmakudeath/ag;
Ljakiganicsystems/danmakudeath/ah;	run	V	
Ljakiganicsystems/danmakudeath/ai;	<init>	V	Ljakiganicsystems/danmakudeath/GameBase;
Ljakiganicsystems/danmakudeath/ai;	a	V	
Ljakiganicsystems/danmakudeath/ai;	c	V	
Ljakiganicsystems/danmakudeath/ai;	e	V	
Ljakiganicsystems/danmakudeath/ai;	l	I	
Ljakiganicsystems/danmakudeath/ai;	m	I	
Ljakiganicsystems/danmakudeath/aj;	<init>	V	Ljakiganicsystems/danmakudeath/ai;
Ljakiganicsystems/danmakudeath/aj;	run	V	
Ljakiganicsystems/danmakudeath/ak;	<init>	V	Ljakiganicsystems/danmakudeath/GameBase;
Ljakiganicsystems/danmakudeath/ak;	i	V	
Ljakiganicsystems/danmakudeath/al;	<clinit>	V	
Ljakiganicsystems/danmakudeath/al;	<init>	V	Ljakiganicsystems/danmakudeath/GameBase;
Ljakiganicsystems/danmakudeath/al;	f	V	
Ljakiganicsystems/danmakudeath/al;	g	V	
Ljakiganicsystems/danmakudeath/al;	i	V	
Ljakiganicsystems/danmakudeath/al;	j	Z	
Ljakiganicsystems/danmakudeath/al;	k	V	
Ljakiganicsystems/danmakudeath/am;	<clinit>	V	
Ljakiganicsystems/danmakudeath/am;	<init>	V	Ljakiganicsystems/danmakudeath/GameBase;
Ljakiganicsystems/danmakudeath/am;	f	V	
Ljakiganicsystems/danmakudeath/am;	g	V	
Ljakiganicsystems/danmakudeath/am;	i	V	
Ljakiganicsystems/danmakudeath/am;	j	Z	
Ljakiganicsystems/danmakudeath/an;	<init>	V	
Ljakiganicsystems/danmakudeath/an;	a	V	
Ljakiganicsystems/danmakudeath/ao$a;	<clinit>	V	
Ljakiganicsystems/danmakudeath/ao$a;	<init>	V	Ljava/lang/String;,I
Ljakiganicsystems/danmakudeath/ao$a;	ordinal	I	
Ljakiganicsystems/danmakudeath/ao$a;	valueOf	Ljakiganicsystems/danmakudeath/ao$a;	Ljava/lang/String;
Ljakiganicsystems/danmakudeath/ao$a;	values	[Ljakiganicsystems/danmakudeath/ao$a;	
Ljakiganicsystems/danmakudeath/ao;	<clinit>	V	
Ljakiganicsystems/danmakudeath/ao;	<init>	V	
Ljakiganicsystems/danmakudeath/ao;	a	V	
Ljakiganicsystems/danmakudeath/ao;	a	V	I,I,Ljakiganicsystems/danmakudeath/ao$a;,Ljakiganicsystems/danmakudeath/ap;
Ljakiganicsystems/danmakudeath/ao;	a	V	Ljavax/microedition/khronos/opengles/GL10;
Ljakiganicsystems/danmakudeath/ao;	b	V	
Ljakiganicsystems/danmakudeath/ao;	c	I	
Ljakiganicsystems/danmakudeath/ao;	d	I	
Ljakiganicsystems/danmakudeath/ao;	e	I	
Ljakiganicsystems/danmakudeath/ao;	f	I	
Ljakiganicsystems/danmakudeath/ao;	g	[I	
Ljakiganicsystems/danmakudeath/ap;	<init>	V	
Ljakiganicsystems/danmakudeath/ap;	a	I	
Ljakiganicsystems/danmakudeath/aq$a;	<clinit>	V	
Ljakiganicsystems/danmakudeath/aq$a;	<init>	V	Ljava/lang/String;,I
Ljakiganicsystems/danmakudeath/aq$a;	ordinal	I	
Ljakiganicsystems/danmakudeath/aq$a;	valueOf	Ljakiganicsystems/danmakudeath/aq$a;	Ljava/lang/String;
Ljakiganicsystems/danmakudeath/aq$a;	values	[Ljakiganicsystems/danmakudeath/aq$a;	
Ljakiganicsystems/danmakudeath/aq;	<clinit>	V	
Ljakiganicsystems/danmakudeath/aq;	<init>	V	
Ljakiganicsystems/danmakudeath/aq;	a	V	
Ljakiganicsystems/danmakudeath/aq;	a	V	F,F
Ljakiganicsystems/danmakudeath/aq;	a	V	F,F,D
Ljakiganicsystems/danmakudeath/aq;	b	V	
Ljakiganicsystems/danmakudeath/aq;	c	V	
Ljakiganicsystems/danmakudeath/aq;	d	[I	
Ljakiganicsystems/danmakudeath/ar;	a	V	
Ljakiganicsystems/danmakudeath/ar;	a	V	F,F
Ljakiganicsystems/danmakudeath/ar;	a	V	F,F,Ljakiganicsystems/danmakudeath/ao;
Ljakiganicsystems/danmakudeath/ar;	b	V	
Ljakiganicsystems/danmakudeath/ar;	c	V	
Ljakiganicsystems/danmakudeath/ar;	d	[I	
Ljakiganicsystems/danmakudeath/as;	<clinit>	V	
Ljakiganicsystems/danmakudeath/as;	a	V	
Ljakiganicsystems/danmakudeath/as;	a	V	I,I,Ljakiganicsystems/danmakudeath/ao$a;,Ljakiganicsystems/danmakudeath/ap;
Ljakiganicsystems/danmakudeath/as;	a	V	Ljavax/microedition/khronos/opengles/GL10;
Ljakiganicsystems/danmakudeath/as;	b	V	
Ljakiganicsystems/danmakudeath/as;	c	V	
Ljakiganicsystems/danmakudeath/at;	<clinit>	V	
Ljakiganicsystems/danmakudeath/at;	a	V	
Ljakiganicsystems/danmakudeath/at;	a	V	F,F
Ljakiganicsystems/danmakudeath/at;	a	V	Ljavax/microedition/khronos/opengles/GL10;
Ljakiganicsystems/danmakudeath/at;	b	V	
Ljakiganicsystems/danmakudeath/at;	b	V	F,F
Ljakiganicsystems/danmakudeath/at;	c	V	
Ljakiganicsystems/danmakudeath/at;	d	V	
Ljakiganicsystems/danmakudeath/at;	e	V	
Ljakiganicsystems/danmakudeath/at;	f	V	
Ljakiganicsystems/danmakudeath/at;	g	Z	
Ljakiganicsystems/danmakudeath/at;	h	V	
Ljakiganicsystems/danmakudeath/at;	i	V	
Ljakiganicsystems/danmakudeath/at;	j	Z	
Ljakiganicsystems/danmakudeath/au;	<clinit>	V	
Ljakiganicsystems/danmakudeath/au;	<init>	V	Ljava/lang/String;,I
Ljakiganicsystems/danmakudeath/au;	valueOf	Ljakiganicsystems/danmakudeath/au;	Ljava/lang/String;
Ljakiganicsystems/danmakudeath/au;	values	[Ljakiganicsystems/danmakudeath/au;	
Ljakiganicsystems/danmakudeath/avatar/AvatarInfo$a;	<init>	V	
Ljakiganicsystems/danmakudeath/avatar/AvatarInfo$a;	compare	I	Ljava/lang/Object;,Ljava/lang/Object;
Ljakiganicsystems/danmakudeath/avatar/AvatarInfo;	<clinit>	V	
Ljakiganicsystems/danmakudeath/avatar/AvatarInfo;	<init>	V	I,Ljava/lang/String;,Ljava/lang/String;,I,I
Ljakiganicsystems/danmakudeath/avatar/AvatarInfo;	getIconResourceId	I	I
Ljakiganicsystems/danmakudeath/avatar/AvatarInfo;	getTotalAvatarCount	I	
Ljakiganicsystems/danmakudeath/avatar/AvatarInfo;	getUsableAvatarIds	Ljava/util/List;	
Ljakiganicsystems/danmakudeath/avatar/AvatarInfo;	putAvatarInfo	V	I,Ljava/lang/String;,Ljava/lang/String;,I
Ljakiganicsystems/danmakudeath/avatar/DroidBlue;	<init>	V	Ljakiganicsystems/danmakudeath/GameBase;,I,I
Ljakiganicsystems/danmakudeath/avatar/DroidBlue;	dyingEffect	V	
Ljakiganicsystems/danmakudeath/avatar/DroidBlue;	getImageId	I	
Ljakiganicsystems/danmakudeath/avatar/DroidBlue;	getMyBulletEffectColor	I	
Ljakiganicsystems/danmakudeath/avatar/DroidGreen;	$SWITCH_TABLE$jakiganicsystems$danmakudeath$MyBullet$Direction	[I	
Ljakiganicsystems/danmakudeath/avatar/DroidGreen;	<init>	V	Ljakiganicsystems/danmakudeath/GameBase;,I,I
Ljakiganicsystems/danmakudeath/avatar/DroidGreen;	dispose	V	Ljakiganicsystems/danmakudeath/GameBase;
Ljakiganicsystems/danmakudeath/avatar/DroidGreen;	draw	V	Ljavax/microedition/khronos/opengles/GL10;
Ljakiganicsystems/danmakudeath/avatar/DroidGreen;	drawBullet	V	Ljavax/microedition/khronos/opengles/GL10;,F,F,Ljakiganicsystems/danmakudeath/ao$a;,I
Ljakiganicsystems/danmakudeath/avatar/DroidGreen;	drawBulletEffect	V	Ljavax/microedition/khronos/opengles/GL10;,F,F,F
Ljakiganicsystems/danmakudeath/avatar/DroidGreen;	dyingEffect	V	
Ljakiganicsystems/danmakudeath/avatar/DroidGreen;	getAvatarDisplaySize	I	F
Ljakiganicsystems/danmakudeath/avatar/DroidGreen;	getAvatarDisplaySize	I	I
Ljakiganicsystems/danmakudeath/avatar/DroidGreen;	getImageId	I	
Ljakiganicsystems/danmakudeath/avatar/DroidGreen;	getMyBulletEffectColor	I	
Ljakiganicsystems/danmakudeath/avatar/DroidGreen;	init	V	
Ljakiganicsystems/danmakudeath/avatar/DroidGreen;	update	V	F,F
Ljakiganicsystems/danmakudeath/avatar/DroidRed;	<init>	V	Ljakiganicsystems/danmakudeath/GameBase;,I,I
Ljakiganicsystems/danmakudeath/avatar/DroidRed;	dyingEffect	V	
Ljakiganicsystems/danmakudeath/avatar/DroidRed;	getImageId	I	
Ljakiganicsystems/danmakudeath/avatar/DroidRed;	getMyBulletEffectColor	I	
Ljakiganicsystems/danmakudeath/avatar/Gekkou;	<init>	V	Ljakiganicsystems/danmakudeath/GameBase;,I,I
Ljakiganicsystems/danmakudeath/avatar/Gekkou;	dispose	V	Ljakiganicsystems/danmakudeath/GameBase;
Ljakiganicsystems/danmakudeath/avatar/Gekkou;	draw	V	Ljavax/microedition/khronos/opengles/GL10;
Ljakiganicsystems/danmakudeath/avatar/Gekkou;	drawBullet	V	Ljavax/microedition/khronos/opengles/GL10;,F,F,Ljakiganicsystems/danmakudeath/ao$a;,I
Ljakiganicsystems/danmakudeath/avatar/Gekkou;	drawBulletEffect	V	Ljavax/microedition/khronos/opengles/GL10;,F,F,F
Ljakiganicsystems/danmakudeath/avatar/Gekkou;	dyingEffect	V	
Ljakiganicsystems/danmakudeath/avatar/Gekkou;	getAvatarDisplaySize	I	F
Ljakiganicsystems/danmakudeath/avatar/Gekkou;	getMyBulletEffectColor	I	
Ljakiganicsystems/danmakudeath/avatar/Gekkou;	init	V	
Ljakiganicsystems/danmakudeath/avatar/Gekkou;	update	V	F,F
Ljakiganicsystems/danmakudeath/avatar/Hachi;	$SWITCH_TABLE$jakiganicsystems$danmakudeath$MyBullet$Direction	[I	
Ljakiganicsystems/danmakudeath/avatar/Hachi;	<init>	V	Ljakiganicsystems/danmakudeath/GameBase;,I,I
Ljakiganicsystems/danmakudeath/avatar/Hachi;	dispose	V	Ljakiganicsystems/danmakudeath/GameBase;
Ljakiganicsystems/danmakudeath/avatar/Hachi;	draw	V	Ljavax/microedition/khronos/opengles/GL10;
Ljakiganicsystems/danmakudeath/avatar/Hachi;	drawBullet	V	Ljavax/microedition/khronos/opengles/GL10;,F,F,Ljakiganicsystems/danmakudeath/ao$a;,I
Ljakiganicsystems/danmakudeath/avatar/Hachi;	drawBulletEffect	V	Ljavax/microedition/khronos/opengles/GL10;,F,F,F
Ljakiganicsystems/danmakudeath/avatar/Hachi;	dyingEffect	V	
Ljakiganicsystems/danmakudeath/avatar/Hachi;	getAvatarDisplaySize	I	F
Ljakiganicsystems/danmakudeath/avatar/Hachi;	getMyBulletEffectColor	I	
Ljakiganicsystems/danmakudeath/avatar/Hachi;	init	V	
Ljakiganicsystems/danmakudeath/avatar/Hachi;	update	V	F,F
Ljakiganicsystems/danmakudeath/avatar/Moai;	<init>	V	Ljakiganicsystems/danmakudeath/GameBase;,I,I
Ljakiganicsystems/danmakudeath/avatar/Moai;	dispose	V	Ljakiganicsystems/danmakudeath/GameBase;
Ljakiganicsystems/danmakudeath/avatar/Moai;	draw	V	Ljavax/microedition/khronos/opengles/GL10;
Ljakiganicsystems/danmakudeath/avatar/Moai;	drawBullet	V	Ljavax/microedition/khronos/opengles/GL10;,F,F,Ljakiganicsystems/danmakudeath/ao$a;,I
Ljakiganicsystems/danmakudeath/avatar/Moai;	drawBulletEffect	V	Ljavax/microedition/khronos/opengles/GL10;,F,F,F
Ljakiganicsystems/danmakudeath/avatar/Moai;	dyingEffect	V	
Ljakiganicsystems/danmakudeath/avatar/Moai;	getAvatarDisplaySize	I	F
Ljakiganicsystems/danmakudeath/avatar/Moai;	getAvatarDisplaySize	I	I
Ljakiganicsystems/danmakudeath/avatar/Moai;	getMyBulletEffectColor	I	
Ljakiganicsystems/danmakudeath/avatar/Moai;	init	V	
Ljakiganicsystems/danmakudeath/avatar/Moai;	update	V	F,F
Ljakiganicsystems/danmakudeath/avatar/Reimu;	<init>	V	Ljakiganicsystems/danmakudeath/GameBase;,I,I
Ljakiganicsystems/danmakudeath/avatar/Reimu;	dispose	V	Ljakiganicsystems/danmakudeath/GameBase;
Ljakiganicsystems/danmakudeath/avatar/Reimu;	draw	V	Ljavax/microedition/khronos/opengles/GL10;
Ljakiganicsystems/danmakudeath/avatar/Reimu;	drawBullet	V	Ljavax/microedition/khronos/opengles/GL10;,F,F,Ljakiganicsystems/danmakudeath/ao$a;,I
Ljakiganicsystems/danmakudeath/avatar/Reimu;	drawBulletEffect	V	Ljavax/microedition/khronos/opengles/GL10;,F,F,F
Ljakiganicsystems/danmakudeath/avatar/Reimu;	dyingEffect	V	
Ljakiganicsystems/danmakudeath/avatar/Reimu;	getAvatarDisplaySize	I	F
Ljakiganicsystems/danmakudeath/avatar/Reimu;	getMyBulletEffectColor	I	
Ljakiganicsystems/danmakudeath/avatar/Reimu;	init	V	
Ljakiganicsystems/danmakudeath/avatar/Reimu;	update	V	F,F
Ljakiganicsystems/danmakudeath/avatar/Shinden;	<init>	V	Ljakiganicsystems/danmakudeath/GameBase;,I,I
Ljakiganicsystems/danmakudeath/avatar/Shinden;	dispose	V	Ljakiganicsystems/danmakudeath/GameBase;
Ljakiganicsystems/danmakudeath/avatar/Shinden;	draw	V	Ljavax/microedition/khronos/opengles/GL10;
Ljakiganicsystems/danmakudeath/avatar/Shinden;	drawBullet	V	Ljavax/microedition/khronos/opengles/GL10;,F,F,Ljakiganicsystems/danmakudeath/ao$a;,I
Ljakiganicsystems/danmakudeath/avatar/Shinden;	drawBulletEffect	V	Ljavax/microedition/khronos/opengles/GL10;,F,F,F
Ljakiganicsystems/danmakudeath/avatar/Shinden;	dyingEffect	V	
Ljakiganicsystems/danmakudeath/avatar/Shinden;	getAvatarDisplaySize	I	F
Ljakiganicsystems/danmakudeath/avatar/Shinden;	getMyBulletEffectColor	I	
Ljakiganicsystems/danmakudeath/avatar/Shinden;	init	V	
Ljakiganicsystems/danmakudeath/avatar/Shinden;	update	V	F,F
Ljakiganicsystems/danmakudeath/avatar/SpaceShip;	<init>	V	Ljakiganicsystems/danmakudeath/GameBase;,I,I
Ljakiganicsystems/danmakudeath/avatar/SpaceShip;	dispose	V	Ljakiganicsystems/danmakudeath/GameBase;
Ljakiganicsystems/danmakudeath/avatar/SpaceShip;	draw	V	Ljavax/microedition/khronos/opengles/GL10;
Ljakiganicsystems/danmakudeath/avatar/SpaceShip;	drawBullet	V	Ljavax/microedition/khronos/opengles/GL10;,F,F,Ljakiganicsystems/danmakudeath/ao$a;,I
Ljakiganicsystems/danmakudeath/avatar/SpaceShip;	drawBulletEffect	V	Ljavax/microedition/khronos/opengles/GL10;,F,F,F
Ljakiganicsystems/danmakudeath/avatar/SpaceShip;	dyingEffect	V	
Ljakiganicsystems/danmakudeath/avatar/SpaceShip;	getAvatarDisplaySize	I	F
Ljakiganicsystems/danmakudeath/avatar/SpaceShip;	getMyBulletEffectColor	I	
Ljakiganicsystems/danmakudeath/avatar/SpaceShip;	init	V	
Ljakiganicsystems/danmakudeath/avatar/SpaceShip;	update	V	F,F
Ljakiganicsystems/danmakudeath/avatar/Touhu;	<init>	V	Ljakiganicsystems/danmakudeath/GameBase;,I,I
Ljakiganicsystems/danmakudeath/avatar/Touhu;	dispose	V	Ljakiganicsystems/danmakudeath/GameBase;
Ljakiganicsystems/danmakudeath/avatar/Touhu;	draw	V	Ljavax/microedition/khronos/opengles/GL10;
Ljakiganicsystems/danmakudeath/avatar/Touhu;	drawBullet	V	Ljavax/microedition/khronos/opengles/GL10;,F,F,Ljakiganicsystems/danmakudeath/ao$a;,I
Ljakiganicsystems/danmakudeath/avatar/Touhu;	drawBulletEffect	V	Ljavax/microedition/khronos/opengles/GL10;,F,F,F
Ljakiganicsystems/danmakudeath/avatar/Touhu;	dyingEffect	V	
Ljakiganicsystems/danmakudeath/avatar/Touhu;	getAvatarDisplaySize	I	F
Ljakiganicsystems/danmakudeath/avatar/Touhu;	getAvatarDisplaySize	I	I
Ljakiganicsystems/danmakudeath/avatar/Touhu;	getMyBulletEffectColor	I	
Ljakiganicsystems/danmakudeath/avatar/Touhu;	init	V	
Ljakiganicsystems/danmakudeath/avatar/Touhu;	update	V	F,F
Ljakiganicsystems/danmakudeath/avatar/VicViper;	<init>	V	Ljakiganicsystems/danmakudeath/GameBase;,I,I
Ljakiganicsystems/danmakudeath/avatar/VicViper;	dispose	V	Ljakiganicsystems/danmakudeath/GameBase;
Ljakiganicsystems/danmakudeath/avatar/VicViper;	draw	V	Ljavax/microedition/khronos/opengles/GL10;
Ljakiganicsystems/danmakudeath/avatar/VicViper;	drawBullet	V	Ljavax/microedition/khronos/opengles/GL10;,F,F,Ljakiganicsystems/danmakudeath/ao$a;,I
Ljakiganicsystems/danmakudeath/avatar/VicViper;	drawBulletEffect	V	Ljavax/microedition/khronos/opengles/GL10;,F,F,F
Ljakiganicsystems/danmakudeath/avatar/VicViper;	dyingEffect	V	
Ljakiganicsystems/danmakudeath/avatar/VicViper;	getAvatarDisplaySize	I	F
Ljakiganicsystems/danmakudeath/avatar/VicViper;	getMyBulletEffectColor	I	
Ljakiganicsystems/danmakudeath/avatar/VicViper;	init	V	
Ljakiganicsystems/danmakudeath/avatar/VicViper;	update	V	F,F
Ljakiganicsystems/danmakudeath/avatar/a;	<init>	V	Ljakiganicsystems/danmakudeath/GameBase;,I,I
Ljakiganicsystems/danmakudeath/avatar/a;	dispose	V	Ljakiganicsystems/danmakudeath/GameBase;
Ljakiganicsystems/danmakudeath/avatar/a;	draw	V	Ljavax/microedition/khronos/opengles/GL10;
Ljakiganicsystems/danmakudeath/avatar/a;	drawBullet	V	Ljavax/microedition/khronos/opengles/GL10;,F,F,Ljakiganicsystems/danmakudeath/ao$a;,I
Ljakiganicsystems/danmakudeath/avatar/a;	drawBulletEffect	V	Ljavax/microedition/khronos/opengles/GL10;,F,F,F
Ljakiganicsystems/danmakudeath/avatar/a;	dyingEffect	V	
Ljakiganicsystems/danmakudeath/avatar/a;	getAvatarDisplaySize	I	F
Ljakiganicsystems/danmakudeath/avatar/a;	getAvatarDisplaySize	I	I
Ljakiganicsystems/danmakudeath/avatar/a;	getId	I	
Ljakiganicsystems/danmakudeath/avatar/a;	getMyBulletEffectColor	I	
Ljakiganicsystems/danmakudeath/avatar/a;	init	V	
Ljakiganicsystems/danmakudeath/avatar/a;	update	V	F,F
Ljakiganicsystems/danmakudeath/avatar/b;	a	Ljakiganicsystems/danmakudeath/avatar/a;	I,I,Ljakiganicsystems/danmakudeath/GameBase;
Ljakiganicsystems/danmakudeath/aw;	a	F	F
Ljakiganicsystems/danmakudeath/aw;	a	I	I
Ljakiganicsystems/danmakudeath/aw;	a	V	J
Ljakiganicsystems/danmakudeath/aw;	a	Z	
Ljakiganicsystems/danmakudeath/aw;	b	D	
Ljakiganicsystems/danmakudeath/aw;	b	I	I
Ljakiganicsystems/danmakudeath/aw;	c	F	
Ljakiganicsystems/danmakudeath/aw;	c	Z	I
Ljakiganicsystems/danmakudeath/aw;	d	F	
Ljakiganicsystems/danmakudeath/ax;	<init>	V	
Ljakiganicsystems/danmakudeath/ax;	a	V	Ljavax/microedition/khronos/opengles/GL10;
Ljakiganicsystems/danmakudeath/ax;	b	V	
Ljakiganicsystems/danmakudeath/ax;	b	V	Ljakiganicsystems/danmakudeath/GameBase;
Ljakiganicsystems/danmakudeath/ay;	<init>	V	
Ljakiganicsystems/danmakudeath/ay;	a	V	Ljavax/microedition/khronos/opengles/GL10;
Ljakiganicsystems/danmakudeath/ay;	b	V	
Ljakiganicsystems/danmakudeath/ay;	b	V	Ljakiganicsystems/danmakudeath/GameBase;
Ljakiganicsystems/danmakudeath/az;	a	V	
Ljakiganicsystems/danmakudeath/az;	a	V	I
Ljakiganicsystems/danmakudeath/az;	a	V	Ljakiganicsystems/danmakudeath/GameBase;
Ljakiganicsystems/danmakudeath/az;	b	V	
Ljakiganicsystems/danmakudeath/az;	c	V	
Ljakiganicsystems/danmakudeath/az;	d	V	
Ljakiganicsystems/danmakudeath/b/a$a;	<clinit>	V	
Ljakiganicsystems/danmakudeath/b/a$a;	<init>	V	Ljava/lang/String;,I
Ljakiganicsystems/danmakudeath/b/a$a;	ordinal	I	
Ljakiganicsystems/danmakudeath/b/a$a;	valueOf	Ljakiganicsystems/danmakudeath/b/a$a;	Ljava/lang/String;
Ljakiganicsystems/danmakudeath/b/a$a;	values	[Ljakiganicsystems/danmakudeath/b/a$a;	
Ljakiganicsystems/danmakudeath/b/a;	<clinit>	V	
Ljakiganicsystems/danmakudeath/b/a;	<init>	V	
Ljakiganicsystems/danmakudeath/b/a;	a	V	
Ljakiganicsystems/danmakudeath/b/a;	a	V	I
Ljakiganicsystems/danmakudeath/b/a;	a	V	Ljakiganicsystems/danmakudeath/GameBase;,I
Ljakiganicsystems/danmakudeath/b/a;	a	V	Ljakiganicsystems/danmakudeath/ao;,I
Ljakiganicsystems/danmakudeath/b/a;	a	Z	I,I
Ljakiganicsystems/danmakudeath/b/a;	b	V	
Ljakiganicsystems/danmakudeath/b/a;	b	V	I
Ljakiganicsystems/danmakudeath/b/a;	c	V	
Ljakiganicsystems/danmakudeath/b/a;	d	V	
Ljakiganicsystems/danmakudeath/b/a;	e	V	
Ljakiganicsystems/danmakudeath/b/a;	f	V	
Ljakiganicsystems/danmakudeath/b/a;	g	V	
Ljakiganicsystems/danmakudeath/b/a;	h	V	
Ljakiganicsystems/danmakudeath/b/a;	i	V	
Ljakiganicsystems/danmakudeath/b/a;	j	V	
Ljakiganicsystems/danmakudeath/b/a;	k	V	
Ljakiganicsystems/danmakudeath/b/a;	l	V	
Ljakiganicsystems/danmakudeath/b/a;	m	V	
Ljakiganicsystems/danmakudeath/b/a;	n	V	
Ljakiganicsystems/danmakudeath/b/a;	o	V	
Ljakiganicsystems/danmakudeath/b/a;	p	V	
Ljakiganicsystems/danmakudeath/b/a;	q	V	
Ljakiganicsystems/danmakudeath/b/a;	r	V	
Ljakiganicsystems/danmakudeath/b/a;	s	V	
Ljakiganicsystems/danmakudeath/b/a;	t	V	
Ljakiganicsystems/danmakudeath/b/a;	u	V	
Ljakiganicsystems/danmakudeath/b/a;	v	V	
Ljakiganicsystems/danmakudeath/b/a;	w	V	
Ljakiganicsystems/danmakudeath/b/a;	x	I	
Ljakiganicsystems/danmakudeath/b/aa$a;	<clinit>	V	
Ljakiganicsystems/danmakudeath/b/aa$a;	<init>	V	Ljava/lang/String;,I
Ljakiganicsystems/danmakudeath/b/aa$a;	ordinal	I	
Ljakiganicsystems/danmakudeath/b/aa$a;	valueOf	Ljakiganicsystems/danmakudeath/b/aa$a;	Ljava/lang/String;
Ljakiganicsystems/danmakudeath/b/aa$a;	values	[Ljakiganicsystems/danmakudeath/b/aa$a;	
Ljakiganicsystems/danmakudeath/b/aa;	<clinit>	V	
Ljakiganicsystems/danmakudeath/b/aa;	<init>	V	
Ljakiganicsystems/danmakudeath/b/aa;	A	[I	
Ljakiganicsystems/danmakudeath/b/aa;	a	V	F,F,F
Ljakiganicsystems/danmakudeath/b/aa;	a	V	Ljakiganicsystems/danmakudeath/GameBase;,I
Ljakiganicsystems/danmakudeath/b/aa;	a	V	Ljakiganicsystems/danmakudeath/ao;,I
Ljakiganicsystems/danmakudeath/b/aa;	b	V	I
Ljakiganicsystems/danmakudeath/b/aa;	d	V	
Ljakiganicsystems/danmakudeath/b/aa;	e	V	
Ljakiganicsystems/danmakudeath/b/aa;	f	V	
Ljakiganicsystems/danmakudeath/b/aa;	s	V	
Ljakiganicsystems/danmakudeath/b/aa;	t	V	
Ljakiganicsystems/danmakudeath/b/aa;	u	V	
Ljakiganicsystems/danmakudeath/b/aa;	x	I	
Ljakiganicsystems/danmakudeath/b/aa;	y	V	
Ljakiganicsystems/danmakudeath/b/aa;	z	[I	
Ljakiganicsystems/danmakudeath/b/ab;	<init>	V	
Ljakiganicsystems/danmakudeath/b/ab;	a	V	
Ljakiganicsystems/danmakudeath/b/ab;	a	V	Ljakiganicsystems/danmakudeath/GameBase;,I
Ljakiganicsystems/danmakudeath/b/ab;	d	V	
Ljakiganicsystems/danmakudeath/b/ab;	e	V	
Ljakiganicsystems/danmakudeath/b/ab;	f	V	
Ljakiganicsystems/danmakudeath/b/ab;	s	V	
Ljakiganicsystems/danmakudeath/b/ab;	u	V	
Ljakiganicsystems/danmakudeath/b/ab;	x	I	
Ljakiganicsystems/danmakudeath/b/ab;	y	[I	
Ljakiganicsystems/danmakudeath/b/ac$a;	<clinit>	V	
Ljakiganicsystems/danmakudeath/b/ac$a;	<init>	V	Ljava/lang/String;,I
Ljakiganicsystems/danmakudeath/b/ac$a;	ordinal	I	
Ljakiganicsystems/danmakudeath/b/ac$a;	valueOf	Ljakiganicsystems/danmakudeath/b/ac$a;	Ljava/lang/String;
Ljakiganicsystems/danmakudeath/b/ac$a;	values	[Ljakiganicsystems/danmakudeath/b/ac$a;	
Ljakiganicsystems/danmakudeath/b/ac$b;	<clinit>	V	
Ljakiganicsystems/danmakudeath/b/ac$b;	<init>	V	Ljava/lang/String;,I
Ljakiganicsystems/danmakudeath/b/ac$b;	ordinal	I	
Ljakiganicsystems/danmakudeath/b/ac$b;	valueOf	Ljakiganicsystems/danmakudeath/b/ac$b;	Ljava/lang/String;
Ljakiganicsystems/danmakudeath/b/ac$b;	values	[Ljakiganicsystems/danmakudeath/b/ac$b;	
Ljakiganicsystems/danmakudeath/b/ac;	<init>	V	
Ljakiganicsystems/danmakudeath/b/ac;	A	[I	
Ljakiganicsystems/danmakudeath/b/ac;	B	[I	
Ljakiganicsystems/danmakudeath/b/ac;	a	V	
Ljakiganicsystems/danmakudeath/b/ac;	a	V	Ljakiganicsystems/danmakudeath/GameBase;,I
Ljakiganicsystems/danmakudeath/b/ac;	d	V	
Ljakiganicsystems/danmakudeath/b/ac;	e	V	
Ljakiganicsystems/danmakudeath/b/ac;	f	V	
Ljakiganicsystems/danmakudeath/b/ac;	g	V	
Ljakiganicsystems/danmakudeath/b/ac;	h	V	
Ljakiganicsystems/danmakudeath/b/ac;	m	V	
Ljakiganicsystems/danmakudeath/b/ac;	n	V	
Ljakiganicsystems/danmakudeath/b/ac;	s	V	
Ljakiganicsystems/danmakudeath/b/ac;	u	V	
Ljakiganicsystems/danmakudeath/b/ac;	x	I	
Ljakiganicsystems/danmakudeath/b/ac;	y	V	
Ljakiganicsystems/danmakudeath/b/ac;	z	[I	
Ljakiganicsystems/danmakudeath/b/ad$a;	<init>	V	Ljakiganicsystems/danmakudeath/b/ad;
Ljakiganicsystems/danmakudeath/b/ad$a;	<init>	V	Ljakiganicsystems/danmakudeath/b/ad;,B
Ljakiganicsystems/danmakudeath/b/ad$b;	<clinit>	V	
Ljakiganicsystems/danmakudeath/b/ad$b;	<init>	V	Ljava/lang/String;,I
Ljakiganicsystems/danmakudeath/b/ad$b;	ordinal	I	
Ljakiganicsystems/danmakudeath/b/ad$b;	valueOf	Ljakiganicsystems/danmakudeath/b/ad$b;	Ljava/lang/String;
Ljakiganicsystems/danmakudeath/b/ad$b;	values	[Ljakiganicsystems/danmakudeath/b/ad$b;	
Ljakiganicsystems/danmakudeath/b/ad;	<init>	V	
Ljakiganicsystems/danmakudeath/b/ad;	A	[I	
Ljakiganicsystems/danmakudeath/b/ad;	a	V	
Ljakiganicsystems/danmakudeath/b/ad;	a	V	Ljakiganicsystems/danmakudeath/GameBase;,I
Ljakiganicsystems/danmakudeath/b/ad;	e	V	
Ljakiganicsystems/danmakudeath/b/ad;	f	V	
Ljakiganicsystems/danmakudeath/b/ad;	g	V	
Ljakiganicsystems/danmakudeath/b/ad;	h	V	
Ljakiganicsystems/danmakudeath/b/ad;	i	V	
Ljakiganicsystems/danmakudeath/b/ad;	j	V	
Ljakiganicsystems/danmakudeath/b/ad;	m	V	
Ljakiganicsystems/danmakudeath/b/ad;	n	V	
Ljakiganicsystems/danmakudeath/b/ad;	o	V	
Ljakiganicsystems/danmakudeath/b/ad;	p	V	
Ljakiganicsystems/danmakudeath/b/ad;	s	V	
Ljakiganicsystems/danmakudeath/b/ad;	u	V	
Ljakiganicsystems/danmakudeath/b/ad;	y	V	
Ljakiganicsystems/danmakudeath/b/ad;	z	[I	
Ljakiganicsystems/danmakudeath/b/ae$a;	<init>	V	Ljakiganicsystems/danmakudeath/b/ae;
Ljakiganicsystems/danmakudeath/b/ae$a;	a	V	
Ljakiganicsystems/danmakudeath/b/ae$a;	b	V	
Ljakiganicsystems/danmakudeath/b/ae$b;	<init>	V	
Ljakiganicsystems/danmakudeath/b/ae$b;	<init>	V	B
Ljakiganicsystems/danmakudeath/b/ae$c;	<clinit>	V	
Ljakiganicsystems/danmakudeath/b/ae$c;	<init>	V	Ljava/lang/String;,I
Ljakiganicsystems/danmakudeath/b/ae$c;	valueOf	Ljakiganicsystems/danmakudeath/b/ae$c;	Ljava/lang/String;
Ljakiganicsystems/danmakudeath/b/ae$c;	values	[Ljakiganicsystems/danmakudeath/b/ae$c;	
Ljakiganicsystems/danmakudeath/b/ae$d;	<init>	V	
Ljakiganicsystems/danmakudeath/b/ae$d;	a	Ljakiganicsystems/danmakudeath/b/ae$b;	I
Ljakiganicsystems/danmakudeath/b/ae$d;	a	V	I,I,I
Ljakiganicsystems/danmakudeath/b/ae;	<init>	V	
Ljakiganicsystems/danmakudeath/b/ae;	a	V	
Ljakiganicsystems/danmakudeath/b/ae;	a	V	Ljakiganicsystems/danmakudeath/GameBase;,I
Ljakiganicsystems/danmakudeath/b/ae;	d	V	
Ljakiganicsystems/danmakudeath/b/ae;	e	V	
Ljakiganicsystems/danmakudeath/b/ae;	f	V	
Ljakiganicsystems/danmakudeath/b/ae;	g	V	
Ljakiganicsystems/danmakudeath/b/ae;	m	V	
Ljakiganicsystems/danmakudeath/b/ae;	s	V	
Ljakiganicsystems/danmakudeath/b/ae;	u	V	
Ljakiganicsystems/danmakudeath/b/ae;	y	[I	
Ljakiganicsystems/danmakudeath/b/af$a;	<clinit>	V	
Ljakiganicsystems/danmakudeath/b/af$a;	<init>	V	Ljava/lang/String;,I
Ljakiganicsystems/danmakudeath/b/af$a;	ordinal	I	
Ljakiganicsystems/danmakudeath/b/af$a;	valueOf	Ljakiganicsystems/danmakudeath/b/af$a;	Ljava/lang/String;
Ljakiganicsystems/danmakudeath/b/af$a;	values	[Ljakiganicsystems/danmakudeath/b/af$a;	
Ljakiganicsystems/danmakudeath/b/af$b;	<clinit>	V	
Ljakiganicsystems/danmakudeath/b/af$b;	<init>	V	Ljava/lang/String;,I
Ljakiganicsystems/danmakudeath/b/af$b;	ordinal	I	
Ljakiganicsystems/danmakudeath/b/af$b;	valueOf	Ljakiganicsystems/danmakudeath/b/af$b;	Ljava/lang/String;
Ljakiganicsystems/danmakudeath/b/af$b;	values	[Ljakiganicsystems/danmakudeath/b/af$b;	
Ljakiganicsystems/danmakudeath/b/af;	<init>	V	
Ljakiganicsystems/danmakudeath/b/af;	A	V	
Ljakiganicsystems/danmakudeath/b/af;	B	[I	
Ljakiganicsystems/danmakudeath/b/af;	C	[I	
Ljakiganicsystems/danmakudeath/b/af;	D	[I	
Ljakiganicsystems/danmakudeath/b/af;	a	V	
Ljakiganicsystems/danmakudeath/b/af;	a	V	Ljakiganicsystems/danmakudeath/GameBase;,I
Ljakiganicsystems/danmakudeath/b/af;	d	V	
Ljakiganicsystems/danmakudeath/b/af;	e	V	
Ljakiganicsystems/danmakudeath/b/af;	f	V	
Ljakiganicsystems/danmakudeath/b/af;	s	V	
Ljakiganicsystems/danmakudeath/b/af;	u	V	
Ljakiganicsystems/danmakudeath/b/af;	x	I	
Ljakiganicsystems/danmakudeath/b/af;	y	V	
Ljakiganicsystems/danmakudeath/b/af;	z	V	
Ljakiganicsystems/danmakudeath/b/ag;	<clinit>	V	
Ljakiganicsystems/danmakudeath/b/ag;	<init>	V	Ljava/lang/String;,I
Ljakiganicsystems/danmakudeath/b/ag;	valueOf	Ljakiganicsystems/danmakudeath/b/ag;	Ljava/lang/String;
Ljakiganicsystems/danmakudeath/b/ag;	values	[Ljakiganicsystems/danmakudeath/b/ag;	
Ljakiganicsystems/danmakudeath/b/b$a;	<clinit>	V	
Ljakiganicsystems/danmakudeath/b/b$a;	<init>	V	Ljava/lang/String;,I
Ljakiganicsystems/danmakudeath/b/b$a;	ordinal	I	
Ljakiganicsystems/danmakudeath/b/b$a;	valueOf	Ljakiganicsystems/danmakudeath/b/b$a;	Ljava/lang/String;
Ljakiganicsystems/danmakudeath/b/b$a;	values	[Ljakiganicsystems/danmakudeath/b/b$a;	
Ljakiganicsystems/danmakudeath/b/b$b;	<clinit>	V	
Ljakiganicsystems/danmakudeath/b/b$b;	<init>	V	Ljava/lang/String;,I
Ljakiganicsystems/danmakudeath/b/b$b;	valueOf	Ljakiganicsystems/danmakudeath/b/b$b;	Ljava/lang/String;
Ljakiganicsystems/danmakudeath/b/b$b;	values	[Ljakiganicsystems/danmakudeath/b/b$b;	
Ljakiganicsystems/danmakudeath/b/b$c;	<init>	V	Ljakiganicsystems/danmakudeath/b/b;
Ljakiganicsystems/danmakudeath/b/b$c;	<init>	V	Ljakiganicsystems/danmakudeath/b/b;,B
Ljakiganicsystems/danmakudeath/b/b$c;	a	V	
Ljakiganicsystems/danmakudeath/b/b$c;	a	V	F,F,Ljakiganicsystems/danmakudeath/b/b$e;,Ljakiganicsystems/danmakudeath/b/b$f;
Ljakiganicsystems/danmakudeath/b/b$c;	b	V	
Ljakiganicsystems/danmakudeath/b/b$c;	c	V	
Ljakiganicsystems/danmakudeath/b/b$c;	d	[I	
Ljakiganicsystems/danmakudeath/b/b$c;	e	[I	
Ljakiganicsystems/danmakudeath/b/b$d;	<init>	V	Ljakiganicsystems/danmakudeath/b/b;
Ljakiganicsystems/danmakudeath/b/b$d;	a	V	
Ljakiganicsystems/danmakudeath/b/b$d;	a	V	F,F,Ljakiganicsystems/danmakudeath/b/b$e;,Ljakiganicsystems/danmakudeath/b/b$f;
Ljakiganicsystems/danmakudeath/b/b$d;	b	V	
Ljakiganicsystems/danmakudeath/b/b$d;	c	V	
Ljakiganicsystems/danmakudeath/b/b$e;	<clinit>	V	
Ljakiganicsystems/danmakudeath/b/b$e;	<init>	V	Ljava/lang/String;,I
Ljakiganicsystems/danmakudeath/b/b$e;	ordinal	I	
Ljakiganicsystems/danmakudeath/b/b$e;	valueOf	Ljakiganicsystems/danmakudeath/b/b$e;	Ljava/lang/String;
Ljakiganicsystems/danmakudeath/b/b$e;	values	[Ljakiganicsystems/danmakudeath/b/b$e;	
Ljakiganicsystems/danmakudeath/b/b$f;	<clinit>	V	
Ljakiganicsystems/danmakudeath/b/b$f;	<init>	V	Ljava/lang/String;,I
Ljakiganicsystems/danmakudeath/b/b$f;	ordinal	I	
Ljakiganicsystems/danmakudeath/b/b$f;	valueOf	Ljakiganicsystems/danmakudeath/b/b$f;	Ljava/lang/String;
Ljakiganicsystems/danmakudeath/b/b$f;	values	[Ljakiganicsystems/danmakudeath/b/b$f;	
Ljakiganicsystems/danmakudeath/b/b;	<clinit>	V	
Ljakiganicsystems/danmakudeath/b/b;	<init>	V	
Ljakiganicsystems/danmakudeath/b/b;	A	[I	
Ljakiganicsystems/danmakudeath/b/b;	a	V	
Ljakiganicsystems/danmakudeath/b/b;	a	V	I,F,F,Z
Ljakiganicsystems/danmakudeath/b/b;	a	V	Ljakiganicsystems/danmakudeath/GameBase;,I
Ljakiganicsystems/danmakudeath/b/b;	d	V	
Ljakiganicsystems/danmakudeath/b/b;	e	V	
Ljakiganicsystems/danmakudeath/b/b;	f	V	
Ljakiganicsystems/danmakudeath/b/b;	g	V	
Ljakiganicsystems/danmakudeath/b/b;	h	V	
Ljakiganicsystems/danmakudeath/b/b;	m	V	
Ljakiganicsystems/danmakudeath/b/b;	n	V	
Ljakiganicsystems/danmakudeath/b/b;	s	V	
Ljakiganicsystems/danmakudeath/b/b;	u	V	
Ljakiganicsystems/danmakudeath/b/b;	v	V	
Ljakiganicsystems/danmakudeath/b/b;	x	I	
Ljakiganicsystems/danmakudeath/b/b;	y	V	
Ljakiganicsystems/danmakudeath/b/b;	z	[I	
Ljakiganicsystems/danmakudeath/b/c$a$a;	<clinit>	V	
Ljakiganicsystems/danmakudeath/b/c$a$a;	<init>	V	Ljava/lang/String;,I
Ljakiganicsystems/danmakudeath/b/c$a$a;	ordinal	I	
Ljakiganicsystems/danmakudeath/b/c$a$a;	valueOf	Ljakiganicsystems/danmakudeath/b/c$a$a;	Ljava/lang/String;
Ljakiganicsystems/danmakudeath/b/c$a$a;	values	[Ljakiganicsystems/danmakudeath/b/c$a$a;	
Ljakiganicsystems/danmakudeath/b/c$a;	<init>	V	I,I,Ljakiganicsystems/danmakudeath/an;
Ljakiganicsystems/danmakudeath/b/c$a;	a	V	
Ljakiganicsystems/danmakudeath/b/c$a;	b	[I	
Ljakiganicsystems/danmakudeath/b/c$b;	<clinit>	V	
Ljakiganicsystems/danmakudeath/b/c$b;	<init>	V	Ljava/lang/String;,I
Ljakiganicsystems/danmakudeath/b/c$b;	valueOf	Ljakiganicsystems/danmakudeath/b/c$b;	Ljava/lang/String;
Ljakiganicsystems/danmakudeath/b/c$b;	values	[Ljakiganicsystems/danmakudeath/b/c$b;	
Ljakiganicsystems/danmakudeath/b/c$c;	<clinit>	V	
Ljakiganicsystems/danmakudeath/b/c$c;	<init>	V	Ljava/lang/String;,I
Ljakiganicsystems/danmakudeath/b/c$c;	ordinal	I	
Ljakiganicsystems/danmakudeath/b/c$c;	valueOf	Ljakiganicsystems/danmakudeath/b/c$c;	Ljava/lang/String;
Ljakiganicsystems/danmakudeath/b/c$c;	values	[Ljakiganicsystems/danmakudeath/b/c$c;	
Ljakiganicsystems/danmakudeath/b/c$d;	<clinit>	V	
Ljakiganicsystems/danmakudeath/b/c$d;	<init>	V	Ljava/lang/String;,I
Ljakiganicsystems/danmakudeath/b/c$d;	ordinal	I	
Ljakiganicsystems/danmakudeath/b/c$d;	valueOf	Ljakiganicsystems/danmakudeath/b/c$d;	Ljava/lang/String;
Ljakiganicsystems/danmakudeath/b/c$d;	values	[Ljakiganicsystems/danmakudeath/b/c$d;	
Ljakiganicsystems/danmakudeath/b/c;	<init>	V	
Ljakiganicsystems/danmakudeath/b/c;	A	[I	
Ljakiganicsystems/danmakudeath/b/c;	B	[I	
Ljakiganicsystems/danmakudeath/b/c;	C	[I	
Ljakiganicsystems/danmakudeath/b/c;	a	V	Ljakiganicsystems/danmakudeath/GameBase;,I
Ljakiganicsystems/danmakudeath/b/c;	d	V	
Ljakiganicsystems/danmakudeath/b/c;	e	V	
Ljakiganicsystems/danmakudeath/b/c;	f	V	
Ljakiganicsystems/danmakudeath/b/c;	g	V	
Ljakiganicsystems/danmakudeath/b/c;	m	V	
Ljakiganicsystems/danmakudeath/b/c;	s	V	
Ljakiganicsystems/danmakudeath/b/c;	u	V	
Ljakiganicsystems/danmakudeath/b/c;	y	V	
Ljakiganicsystems/danmakudeath/b/c;	z	V	
Ljakiganicsystems/danmakudeath/b/d$a;	<init>	V	Ljakiganicsystems/danmakudeath/b/d;,I,F
Ljakiganicsystems/danmakudeath/b/d$a;	a	V	
Ljakiganicsystems/danmakudeath/b/d$a;	a	V	F
Ljakiganicsystems/danmakudeath/b/d$a;	b	V	
Ljakiganicsystems/danmakudeath/b/d$a;	c	[I	
Ljakiganicsystems/danmakudeath/b/d$b;	<clinit>	V	
Ljakiganicsystems/danmakudeath/b/d$b;	<init>	V	Ljava/lang/String;,I
Ljakiganicsystems/danmakudeath/b/d$b;	ordinal	I	
Ljakiganicsystems/danmakudeath/b/d$b;	valueOf	Ljakiganicsystems/danmakudeath/b/d$b;	Ljava/lang/String;
Ljakiganicsystems/danmakudeath/b/d$b;	values	[Ljakiganicsystems/danmakudeath/b/d$b;	
Ljakiganicsystems/danmakudeath/b/d;	<init>	V	
Ljakiganicsystems/danmakudeath/b/d;	a	F	Ljakiganicsystems/danmakudeath/b/d;
Ljakiganicsystems/danmakudeath/b/d;	a	V	
Ljakiganicsystems/danmakudeath/b/d;	a	V	I
Ljakiganicsystems/danmakudeath/b/d;	a	V	Ljakiganicsystems/danmakudeath/GameBase;,I
Ljakiganicsystems/danmakudeath/b/d;	a	V	Ljakiganicsystems/danmakudeath/ao;,I
Ljakiganicsystems/danmakudeath/b/d;	b	F	Ljakiganicsystems/danmakudeath/b/d;
Ljakiganicsystems/danmakudeath/b/d;	b	V	I
Ljakiganicsystems/danmakudeath/b/d;	c	Z	I
Ljakiganicsystems/danmakudeath/b/d;	d	V	
Ljakiganicsystems/danmakudeath/b/d;	e	V	
Ljakiganicsystems/danmakudeath/b/d;	f	V	
Ljakiganicsystems/danmakudeath/b/d;	g	V	
Ljakiganicsystems/danmakudeath/b/d;	h	V	
Ljakiganicsystems/danmakudeath/b/d;	i	V	
Ljakiganicsystems/danmakudeath/b/d;	j	V	
Ljakiganicsystems/danmakudeath/b/d;	m	V	
Ljakiganicsystems/danmakudeath/b/d;	n	V	
Ljakiganicsystems/danmakudeath/b/d;	o	V	
Ljakiganicsystems/danmakudeath/b/d;	p	V	
Ljakiganicsystems/danmakudeath/b/d;	s	V	
Ljakiganicsystems/danmakudeath/b/d;	t	V	
Ljakiganicsystems/danmakudeath/b/d;	u	V	
Ljakiganicsystems/danmakudeath/b/d;	x	I	
Ljakiganicsystems/danmakudeath/b/d;	y	[I	
Ljakiganicsystems/danmakudeath/b/e$a;	<clinit>	V	
Ljakiganicsystems/danmakudeath/b/e$a;	<init>	V	Ljava/lang/String;,I
Ljakiganicsystems/danmakudeath/b/e$a;	valueOf	Ljakiganicsystems/danmakudeath/b/e$a;	Ljava/lang/String;
Ljakiganicsystems/danmakudeath/b/e$a;	values	[Ljakiganicsystems/danmakudeath/b/e$a;	
Ljakiganicsystems/danmakudeath/b/e;	<clinit>	V	
Ljakiganicsystems/danmakudeath/b/e;	<init>	V	
Ljakiganicsystems/danmakudeath/b/e;	a	V	Ljakiganicsystems/danmakudeath/GameBase;,I
Ljakiganicsystems/danmakudeath/b/e;	c	V	I
Ljakiganicsystems/danmakudeath/b/e;	d	V	
Ljakiganicsystems/danmakudeath/b/e;	d	V	I
Ljakiganicsystems/danmakudeath/b/e;	e	V	
Ljakiganicsystems/danmakudeath/b/e;	f	V	
Ljakiganicsystems/danmakudeath/b/e;	s	V	
Ljakiganicsystems/danmakudeath/b/e;	t	V	
Ljakiganicsystems/danmakudeath/b/e;	u	V	
Ljakiganicsystems/danmakudeath/b/e;	x	I	
Ljakiganicsystems/danmakudeath/b/e;	y	V	
Ljakiganicsystems/danmakudeath/b/e;	z	[I	
Ljakiganicsystems/danmakudeath/b/f$a;	<clinit>	V	
Ljakiganicsystems/danmakudeath/b/f$a;	<init>	V	Ljava/lang/String;,I
Ljakiganicsystems/danmakudeath/b/f$a;	valueOf	Ljakiganicsystems/danmakudeath/b/f$a;	Ljava/lang/String;
Ljakiganicsystems/danmakudeath/b/f$a;	values	[Ljakiganicsystems/danmakudeath/b/f$a;	
Ljakiganicsystems/danmakudeath/b/f$b;	<clinit>	V	
Ljakiganicsystems/danmakudeath/b/f$b;	<init>	V	Ljava/lang/String;,I
Ljakiganicsystems/danmakudeath/b/f$b;	valueOf	Ljakiganicsystems/danmakudeath/b/f$b;	Ljava/lang/String;
Ljakiganicsystems/danmakudeath/b/f$b;	values	[Ljakiganicsystems/danmakudeath/b/f$b;	
Ljakiganicsystems/danmakudeath/b/f;	<init>	V	
Ljakiganicsystems/danmakudeath/b/f;	a	V	
Ljakiganicsystems/danmakudeath/b/f;	a	V	I,I,I,I,I,I,I,F,I
Ljakiganicsystems/danmakudeath/b/f;	a	V	Ljakiganicsystems/danmakudeath/GameBase;,I
Ljakiganicsystems/danmakudeath/b/f;	e	V	
Ljakiganicsystems/danmakudeath/b/f;	f	V	
Ljakiganicsystems/danmakudeath/b/f;	g	V	
Ljakiganicsystems/danmakudeath/b/f;	h	V	
Ljakiganicsystems/danmakudeath/b/f;	m	V	
Ljakiganicsystems/danmakudeath/b/f;	n	V	
Ljakiganicsystems/danmakudeath/b/f;	s	V	
Ljakiganicsystems/danmakudeath/b/f;	u	V	
Ljakiganicsystems/danmakudeath/b/f;	y	[I	
Ljakiganicsystems/danmakudeath/b/g;	<init>	V	
Ljakiganicsystems/danmakudeath/b/g;	a	V	Ljakiganicsystems/danmakudeath/GameBase;,I
Ljakiganicsystems/danmakudeath/b/g;	d	V	
Ljakiganicsystems/danmakudeath/b/g;	e	V	
Ljakiganicsystems/danmakudeath/b/g;	f	V	
Ljakiganicsystems/danmakudeath/b/g;	g	V	
Ljakiganicsystems/danmakudeath/b/g;	m	V	
Ljakiganicsystems/danmakudeath/b/g;	s	V	
Ljakiganicsystems/danmakudeath/b/g;	u	V	
Ljakiganicsystems/danmakudeath/b/g;	x	I	
Ljakiganicsystems/danmakudeath/b/g;	y	[I	
Ljakiganicsystems/danmakudeath/b/h$a;	<clinit>	V	
Ljakiganicsystems/danmakudeath/b/h$a;	<init>	V	Ljava/lang/String;,I
Ljakiganicsystems/danmakudeath/b/h$a;	ordinal	I	
Ljakiganicsystems/danmakudeath/b/h$a;	valueOf	Ljakiganicsystems/danmakudeath/b/h$a;	Ljava/lang/String;
Ljakiganicsystems/danmakudeath/b/h$a;	values	[Ljakiganicsystems/danmakudeath/b/h$a;	
Ljakiganicsystems/danmakudeath/b/h;	<clinit>	V	
Ljakiganicsystems/danmakudeath/b/h;	<init>	V	
Ljakiganicsystems/danmakudeath/b/h;	a	V	Ljakiganicsystems/danmakudeath/GameBase;,I
Ljakiganicsystems/danmakudeath/b/h;	d	V	
Ljakiganicsystems/danmakudeath/b/h;	e	V	
Ljakiganicsystems/danmakudeath/b/h;	f	V	
Ljakiganicsystems/danmakudeath/b/h;	s	V	
Ljakiganicsystems/danmakudeath/b/h;	u	V	
Ljakiganicsystems/danmakudeath/b/h;	x	I	
Ljakiganicsystems/danmakudeath/b/h;	y	[I	
Ljakiganicsystems/danmakudeath/b/h;	z	[I	
Ljakiganicsystems/danmakudeath/b/i$a;	<init>	V	Ljakiganicsystems/danmakudeath/b/i;
Ljakiganicsystems/danmakudeath/b/i$a;	<init>	V	Ljakiganicsystems/danmakudeath/b/i;,B
Ljakiganicsystems/danmakudeath/b/i$a;	a	V	
Ljakiganicsystems/danmakudeath/b/i$a;	a	V	F
Ljakiganicsystems/danmakudeath/b/i$a;	a	V	I,I,F
Ljakiganicsystems/danmakudeath/b/i$a;	b	V	
Ljakiganicsystems/danmakudeath/b/i$a;	c	[I	
Ljakiganicsystems/danmakudeath/b/i$a;	d	[I	
Ljakiganicsystems/danmakudeath/b/i$b;	<init>	V	Ljakiganicsystems/danmakudeath/b/i;
Ljakiganicsystems/danmakudeath/b/i$c;	<clinit>	V	
Ljakiganicsystems/danmakudeath/b/i$c;	<init>	V	Ljava/lang/String;,I
Ljakiganicsystems/danmakudeath/b/i$c;	ordinal	I	
Ljakiganicsystems/danmakudeath/b/i$c;	valueOf	Ljakiganicsystems/danmakudeath/b/i$c;	Ljava/lang/String;
Ljakiganicsystems/danmakudeath/b/i$c;	values	[Ljakiganicsystems/danmakudeath/b/i$c;	
Ljakiganicsystems/danmakudeath/b/i$d;	<clinit>	V	
Ljakiganicsystems/danmakudeath/b/i$d;	<init>	V	Ljava/lang/String;,I
Ljakiganicsystems/danmakudeath/b/i$d;	ordinal	I	
Ljakiganicsystems/danmakudeath/b/i$d;	valueOf	Ljakiganicsystems/danmakudeath/b/i$d;	Ljava/lang/String;
Ljakiganicsystems/danmakudeath/b/i$d;	values	[Ljakiganicsystems/danmakudeath/b/i$d;	
Ljakiganicsystems/danmakudeath/b/i$e;	<clinit>	V	
Ljakiganicsystems/danmakudeath/b/i$e;	<init>	V	Ljava/lang/String;,I
Ljakiganicsystems/danmakudeath/b/i$e;	ordinal	I	
Ljakiganicsystems/danmakudeath/b/i$e;	valueOf	Ljakiganicsystems/danmakudeath/b/i$e;	Ljava/lang/String;
Ljakiganicsystems/danmakudeath/b/i$e;	values	[Ljakiganicsystems/danmakudeath/b/i$e;	
Ljakiganicsystems/danmakudeath/b/i;	<init>	V	
Ljakiganicsystems/danmakudeath/b/i;	a	Ljakiganicsystems/danmakudeath/b/i$b;	Ljakiganicsystems/danmakudeath/b/i;
Ljakiganicsystems/danmakudeath/b/i;	a	V	
Ljakiganicsystems/danmakudeath/b/i;	a	V	Ljakiganicsystems/danmakudeath/GameBase;,I
Ljakiganicsystems/danmakudeath/b/i;	a	Z	I,I
Ljakiganicsystems/danmakudeath/b/i;	b	I	Ljakiganicsystems/danmakudeath/b/i;
Ljakiganicsystems/danmakudeath/b/i;	c	F	Ljakiganicsystems/danmakudeath/b/i;
Ljakiganicsystems/danmakudeath/b/i;	d	I	Ljakiganicsystems/danmakudeath/b/i;
Ljakiganicsystems/danmakudeath/b/i;	d	V	
Ljakiganicsystems/danmakudeath/b/i;	e	F	Ljakiganicsystems/danmakudeath/b/i;
Ljakiganicsystems/danmakudeath/b/i;	e	V	
Ljakiganicsystems/danmakudeath/b/i;	f	V	
Ljakiganicsystems/danmakudeath/b/i;	g	V	
Ljakiganicsystems/danmakudeath/b/i;	m	V	
Ljakiganicsystems/danmakudeath/b/i;	s	V	
Ljakiganicsystems/danmakudeath/b/i;	u	V	
Ljakiganicsystems/danmakudeath/b/i;	x	I	
Ljakiganicsystems/danmakudeath/b/i;	y	[I	
Ljakiganicsystems/danmakudeath/b/i;	z	[I	
Ljakiganicsystems/danmakudeath/b/j$a;	<clinit>	V	
Ljakiganicsystems/danmakudeath/b/j$a;	<init>	V	Ljava/lang/String;,I
Ljakiganicsystems/danmakudeath/b/j$a;	ordinal	I	
Ljakiganicsystems/danmakudeath/b/j$a;	valueOf	Ljakiganicsystems/danmakudeath/b/j$a;	Ljava/lang/String;
Ljakiganicsystems/danmakudeath/b/j$a;	values	[Ljakiganicsystems/danmakudeath/b/j$a;	
Ljakiganicsystems/danmakudeath/b/j;	<clinit>	V	
Ljakiganicsystems/danmakudeath/b/j;	<init>	V	
Ljakiganicsystems/danmakudeath/b/j;	A	[I	
Ljakiganicsystems/danmakudeath/b/j;	a	V	Ljakiganicsystems/danmakudeath/GameBase;,I
Ljakiganicsystems/danmakudeath/b/j;	d	V	
Ljakiganicsystems/danmakudeath/b/j;	e	V	
Ljakiganicsystems/danmakudeath/b/j;	f	V	
Ljakiganicsystems/danmakudeath/b/j;	s	V	
Ljakiganicsystems/danmakudeath/b/j;	u	V	
Ljakiganicsystems/danmakudeath/b/j;	x	I	
Ljakiganicsystems/danmakudeath/b/j;	y	V	
Ljakiganicsystems/danmakudeath/b/j;	z	[I	
Ljakiganicsystems/danmakudeath/b/k$a;	<clinit>	V	
Ljakiganicsystems/danmakudeath/b/k$a;	<init>	V	Ljava/lang/String;,I
Ljakiganicsystems/danmakudeath/b/k$a;	ordinal	I	
Ljakiganicsystems/danmakudeath/b/k$a;	valueOf	Ljakiganicsystems/danmakudeath/b/k$a;	Ljava/lang/String;
Ljakiganicsystems/danmakudeath/b/k$a;	values	[Ljakiganicsystems/danmakudeath/b/k$a;	
Ljakiganicsystems/danmakudeath/b/k$b;	<init>	V	Ljakiganicsystems/danmakudeath/b/k;
Ljakiganicsystems/danmakudeath/b/k$b;	<init>	V	Ljakiganicsystems/danmakudeath/b/k;,B
Ljakiganicsystems/danmakudeath/b/k$c;	<init>	V	Ljakiganicsystems/danmakudeath/b/k;
Ljakiganicsystems/danmakudeath/b/k$c;	<init>	V	Ljakiganicsystems/danmakudeath/b/k;,B
Ljakiganicsystems/danmakudeath/b/k$d;	<init>	V	Ljakiganicsystems/danmakudeath/b/k;
Ljakiganicsystems/danmakudeath/b/k$d;	<init>	V	Ljakiganicsystems/danmakudeath/b/k;,B
Ljakiganicsystems/danmakudeath/b/k$e;	<init>	V	Ljakiganicsystems/danmakudeath/b/k;
Ljakiganicsystems/danmakudeath/b/k$e;	<init>	V	Ljakiganicsystems/danmakudeath/b/k;,B
Ljakiganicsystems/danmakudeath/b/k$e;	a	V	F,F,F
Ljakiganicsystems/danmakudeath/b/k$f;	<clinit>	V	
Ljakiganicsystems/danmakudeath/b/k$f;	<init>	V	Ljava/lang/String;,I
Ljakiganicsystems/danmakudeath/b/k$f;	ordinal	I	
Ljakiganicsystems/danmakudeath/b/k$f;	valueOf	Ljakiganicsystems/danmakudeath/b/k$f;	Ljava/lang/String;
Ljakiganicsystems/danmakudeath/b/k$f;	values	[Ljakiganicsystems/danmakudeath/b/k$f;	
Ljakiganicsystems/danmakudeath/b/k$g;	<clinit>	V	
Ljakiganicsystems/danmakudeath/b/k$g;	<init>	V	Ljava/lang/String;,I
Ljakiganicsystems/danmakudeath/b/k$g;	ordinal	I	
Ljakiganicsystems/danmakudeath/b/k$g;	valueOf	Ljakiganicsystems/danmakudeath/b/k$g;	Ljava/lang/String;
Ljakiganicsystems/danmakudeath/b/k$g;	values	[Ljakiganicsystems/danmakudeath/b/k$g;	
Ljakiganicsystems/danmakudeath/b/k;	<init>	V	
Ljakiganicsystems/danmakudeath/b/k;	A	V	
Ljakiganicsystems/danmakudeath/b/k;	B	V	
Ljakiganicsystems/danmakudeath/b/k;	C	[I	
Ljakiganicsystems/danmakudeath/b/k;	D	[I	
Ljakiganicsystems/danmakudeath/b/k;	E	[I	
Ljakiganicsystems/danmakudeath/b/k;	F	[I	
Ljakiganicsystems/danmakudeath/b/k;	a	V	
Ljakiganicsystems/danmakudeath/b/k;	a	V	Ljakiganicsystems/danmakudeath/GameBase;,I
Ljakiganicsystems/danmakudeath/b/k;	a	[Ljakiganicsystems/danmakudeath/b/k$d;	Ljakiganicsystems/danmakudeath/b/k;
Ljakiganicsystems/danmakudeath/b/k;	d	V	
Ljakiganicsystems/danmakudeath/b/k;	e	V	
Ljakiganicsystems/danmakudeath/b/k;	f	V	
Ljakiganicsystems/danmakudeath/b/k;	g	V	
Ljakiganicsystems/danmakudeath/b/k;	m	V	
Ljakiganicsystems/danmakudeath/b/k;	s	V	
Ljakiganicsystems/danmakudeath/b/k;	u	V	
Ljakiganicsystems/danmakudeath/b/k;	y	V	
Ljakiganicsystems/danmakudeath/b/k;	z	V	
Ljakiganicsystems/danmakudeath/b/l;	<init>	V	
Ljakiganicsystems/danmakudeath/b/l;	a	V	
Ljakiganicsystems/danmakudeath/b/l;	a	V	Ljakiganicsystems/danmakudeath/GameBase;,I
Ljakiganicsystems/danmakudeath/b/l;	d	V	
Ljakiganicsystems/danmakudeath/b/l;	e	V	
Ljakiganicsystems/danmakudeath/b/l;	f	V	
Ljakiganicsystems/danmakudeath/b/l;	g	V	
Ljakiganicsystems/danmakudeath/b/l;	h	V	
Ljakiganicsystems/danmakudeath/b/l;	m	V	
Ljakiganicsystems/danmakudeath/b/l;	n	V	
Ljakiganicsystems/danmakudeath/b/l;	s	V	
Ljakiganicsystems/danmakudeath/b/l;	u	V	
Ljakiganicsystems/danmakudeath/b/l;	y	[I	
Ljakiganicsystems/danmakudeath/b/m$a;	<init>	V	Ljakiganicsystems/danmakudeath/b/m;
Ljakiganicsystems/danmakudeath/b/m$a;	a	V	
Ljakiganicsystems/danmakudeath/b/m$a;	a	V	I
Ljakiganicsystems/danmakudeath/b/m$a;	a	V	I,I,F
Ljakiganicsystems/danmakudeath/b/m$a;	a	V	Ljakiganicsystems/danmakudeath/ao;,I
Ljakiganicsystems/danmakudeath/b/m$a;	a	V	Z
Ljakiganicsystems/danmakudeath/b/m$a;	a	Z	I,I
Ljakiganicsystems/danmakudeath/b/m$a;	b	V	
Ljakiganicsystems/danmakudeath/b/m$a;	c	V	
Ljakiganicsystems/danmakudeath/b/m$a;	d	V	
Ljakiganicsystems/danmakudeath/b/m$b;	<init>	V	Ljakiganicsystems/danmakudeath/b/m;
Ljakiganicsystems/danmakudeath/b/m$b;	<init>	V	Ljakiganicsystems/danmakudeath/b/m;,B
Ljakiganicsystems/danmakudeath/b/m$c;	<init>	V	Ljakiganicsystems/danmakudeath/b/m;,I,I,Ljakiganicsystems/danmakudeath/b/m$d;
Ljakiganicsystems/danmakudeath/b/m$c;	a	V	
Ljakiganicsystems/danmakudeath/b/m$c;	a	V	I
Ljakiganicsystems/danmakudeath/b/m$c;	a	V	I,F,F
Ljakiganicsystems/danmakudeath/b/m$c;	a	V	I,I,I
Ljakiganicsystems/danmakudeath/b/m$c;	a	V	Ljakiganicsystems/danmakudeath/ao;,I
Ljakiganicsystems/danmakudeath/b/m$c;	a	Z	I,I
Ljakiganicsystems/danmakudeath/b/m$c;	b	V	
Ljakiganicsystems/danmakudeath/b/m$c;	b	V	I,I,I
Ljakiganicsystems/danmakudeath/b/m$c;	c	V	
Ljakiganicsystems/danmakudeath/b/m$c;	d	V	
Ljakiganicsystems/danmakudeath/b/m$c;	e	V	
Ljakiganicsystems/danmakudeath/b/m$c;	f	V	
Ljakiganicsystems/danmakudeath/b/m$c;	g	V	
Ljakiganicsystems/danmakudeath/b/m$c;	h	V	
Ljakiganicsystems/danmakudeath/b/m$c;	i	V	
Ljakiganicsystems/danmakudeath/b/m$c;	j	[I	
Ljakiganicsystems/danmakudeath/b/m$d;	<clinit>	V	
Ljakiganicsystems/danmakudeath/b/m$d;	<init>	V	Ljava/lang/String;,I
Ljakiganicsystems/danmakudeath/b/m$d;	ordinal	I	
Ljakiganicsystems/danmakudeath/b/m$d;	valueOf	Ljakiganicsystems/danmakudeath/b/m$d;	Ljava/lang/String;
Ljakiganicsystems/danmakudeath/b/m$d;	values	[Ljakiganicsystems/danmakudeath/b/m$d;	
Ljakiganicsystems/danmakudeath/b/m$e;	<clinit>	V	
Ljakiganicsystems/danmakudeath/b/m$e;	<init>	V	Ljava/lang/String;,I
Ljakiganicsystems/danmakudeath/b/m$e;	valueOf	Ljakiganicsystems/danmakudeath/b/m$e;	Ljava/lang/String;
Ljakiganicsystems/danmakudeath/b/m$e;	values	[Ljakiganicsystems/danmakudeath/b/m$e;	
Ljakiganicsystems/danmakudeath/b/m$f;	<clinit>	V	
Ljakiganicsystems/danmakudeath/b/m$f;	<init>	V	Ljava/lang/String;,I
Ljakiganicsystems/danmakudeath/b/m$f;	valueOf	Ljakiganicsystems/danmakudeath/b/m$f;	Ljava/lang/String;
Ljakiganicsystems/danmakudeath/b/m$f;	values	[Ljakiganicsystems/danmakudeath/b/m$f;	
Ljakiganicsystems/danmakudeath/b/m$g;	<init>	V	Ljakiganicsystems/danmakudeath/b/m;
Ljakiganicsystems/danmakudeath/b/m$g;	<init>	V	Ljakiganicsystems/danmakudeath/b/m;,B
Ljakiganicsystems/danmakudeath/b/m$h;	<init>	V	Ljakiganicsystems/danmakudeath/b/m;
Ljakiganicsystems/danmakudeath/b/m$h;	<init>	V	Ljakiganicsystems/danmakudeath/b/m;,B
Ljakiganicsystems/danmakudeath/b/m$i;	<clinit>	V	
Ljakiganicsystems/danmakudeath/b/m$i;	<init>	V	Ljava/lang/String;,I
Ljakiganicsystems/danmakudeath/b/m$i;	ordinal	I	
Ljakiganicsystems/danmakudeath/b/m$i;	valueOf	Ljakiganicsystems/danmakudeath/b/m$i;	Ljava/lang/String;
Ljakiganicsystems/danmakudeath/b/m$i;	values	[Ljakiganicsystems/danmakudeath/b/m$i;	
Ljakiganicsystems/danmakudeath/b/m$j;	<clinit>	V	
Ljakiganicsystems/danmakudeath/b/m$j;	<init>	V	Ljava/lang/String;,I
Ljakiganicsystems/danmakudeath/b/m$j;	ordinal	I	
Ljakiganicsystems/danmakudeath/b/m$j;	valueOf	Ljakiganicsystems/danmakudeath/b/m$j;	Ljava/lang/String;
Ljakiganicsystems/danmakudeath/b/m$j;	values	[Ljakiganicsystems/danmakudeath/b/m$j;	
Ljakiganicsystems/danmakudeath/b/m;	<init>	V	
Ljakiganicsystems/danmakudeath/b/m;	A	[I	
Ljakiganicsystems/danmakudeath/b/m;	a	Ljakiganicsystems/danmakudeath/b/m$b;	Ljakiganicsystems/danmakudeath/b/m;
Ljakiganicsystems/danmakudeath/b/m;	a	V	
Ljakiganicsystems/danmakudeath/b/m;	a	V	Ljakiganicsystems/danmakudeath/GameBase;,I
Ljakiganicsystems/danmakudeath/b/m;	a	Z	I,I
Ljakiganicsystems/danmakudeath/b/m;	b	I	Ljakiganicsystems/danmakudeath/b/m;
Ljakiganicsystems/danmakudeath/b/m;	b	V	
Ljakiganicsystems/danmakudeath/b/m;	b	V	I
Ljakiganicsystems/danmakudeath/b/m;	c	F	Ljakiganicsystems/danmakudeath/b/m;
Ljakiganicsystems/danmakudeath/b/m;	c	V	
Ljakiganicsystems/danmakudeath/b/m;	d	I	Ljakiganicsystems/danmakudeath/b/m;
Ljakiganicsystems/danmakudeath/b/m;	d	V	
Ljakiganicsystems/danmakudeath/b/m;	e	I	Ljakiganicsystems/danmakudeath/b/m;
Ljakiganicsystems/danmakudeath/b/m;	e	V	
Ljakiganicsystems/danmakudeath/b/m;	f	F	Ljakiganicsystems/danmakudeath/b/m;
Ljakiganicsystems/danmakudeath/b/m;	f	V	
Ljakiganicsystems/danmakudeath/b/m;	g	Ljakiganicsystems/danmakudeath/b/m$c;	Ljakiganicsystems/danmakudeath/b/m;
Ljakiganicsystems/danmakudeath/b/m;	g	V	
Ljakiganicsystems/danmakudeath/b/m;	h	Ljakiganicsystems/danmakudeath/b/m$c;	Ljakiganicsystems/danmakudeath/b/m;
Ljakiganicsystems/danmakudeath/b/m;	i	I	Ljakiganicsystems/danmakudeath/b/m;
Ljakiganicsystems/danmakudeath/b/m;	j	F	Ljakiganicsystems/danmakudeath/b/m;
Ljakiganicsystems/danmakudeath/b/m;	k	I	Ljakiganicsystems/danmakudeath/b/m;
Ljakiganicsystems/danmakudeath/b/m;	l	I	Ljakiganicsystems/danmakudeath/b/m;
Ljakiganicsystems/danmakudeath/b/m;	m	F	Ljakiganicsystems/danmakudeath/b/m;
Ljakiganicsystems/danmakudeath/b/m;	m	V	
Ljakiganicsystems/danmakudeath/b/m;	n	I	Ljakiganicsystems/danmakudeath/b/m;
Ljakiganicsystems/danmakudeath/b/m;	o	I	Ljakiganicsystems/danmakudeath/b/m;
Ljakiganicsystems/danmakudeath/b/m;	p	F	Ljakiganicsystems/danmakudeath/b/m;
Ljakiganicsystems/danmakudeath/b/m;	q	Ljakiganicsystems/danmakudeath/b/m$h;	Ljakiganicsystems/danmakudeath/b/m;
Ljakiganicsystems/danmakudeath/b/m;	r	I	Ljakiganicsystems/danmakudeath/b/m;
Ljakiganicsystems/danmakudeath/b/m;	s	I	Ljakiganicsystems/danmakudeath/b/m;
Ljakiganicsystems/danmakudeath/b/m;	s	V	
Ljakiganicsystems/danmakudeath/b/m;	t	I	Ljakiganicsystems/danmakudeath/b/m;
Ljakiganicsystems/danmakudeath/b/m;	t	V	
Ljakiganicsystems/danmakudeath/b/m;	u	F	Ljakiganicsystems/danmakudeath/b/m;
Ljakiganicsystems/danmakudeath/b/m;	u	V	
Ljakiganicsystems/danmakudeath/b/m;	v	V	
Ljakiganicsystems/danmakudeath/b/m;	v	[Ljakiganicsystems/danmakudeath/b/m$a;	Ljakiganicsystems/danmakudeath/b/m;
Ljakiganicsystems/danmakudeath/b/m;	w	[Ljakiganicsystems/danmakudeath/b/m$g;	Ljakiganicsystems/danmakudeath/b/m;
Ljakiganicsystems/danmakudeath/b/m;	y	[I	
Ljakiganicsystems/danmakudeath/b/m;	z	[I	
Ljakiganicsystems/danmakudeath/b/n$a;	<clinit>	V	
Ljakiganicsystems/danmakudeath/b/n$a;	<init>	V	Ljava/lang/String;,I
Ljakiganicsystems/danmakudeath/b/n$a;	ordinal	I	
Ljakiganicsystems/danmakudeath/b/n$a;	valueOf	Ljakiganicsystems/danmakudeath/b/n$a;	Ljava/lang/String;
Ljakiganicsystems/danmakudeath/b/n$a;	values	[Ljakiganicsystems/danmakudeath/b/n$a;	
Ljakiganicsystems/danmakudeath/b/n;	<clinit>	V	
Ljakiganicsystems/danmakudeath/b/n;	<init>	V	
Ljakiganicsystems/danmakudeath/b/n;	A	[I	
Ljakiganicsystems/danmakudeath/b/n;	a	V	Ljakiganicsystems/danmakudeath/GameBase;,I
Ljakiganicsystems/danmakudeath/b/n;	c	V	I
Ljakiganicsystems/danmakudeath/b/n;	d	V	
Ljakiganicsystems/danmakudeath/b/n;	e	V	
Ljakiganicsystems/danmakudeath/b/n;	f	V	
Ljakiganicsystems/danmakudeath/b/n;	s	V	
Ljakiganicsystems/danmakudeath/b/n;	u	V	
Ljakiganicsystems/danmakudeath/b/n;	y	V	
Ljakiganicsystems/danmakudeath/b/n;	z	[I	
Ljakiganicsystems/danmakudeath/b/o$a;	<clinit>	V	
Ljakiganicsystems/danmakudeath/b/o$a;	<init>	V	Ljava/lang/String;,I
Ljakiganicsystems/danmakudeath/b/o$a;	valueOf	Ljakiganicsystems/danmakudeath/b/o$a;	Ljava/lang/String;
Ljakiganicsystems/danmakudeath/b/o$a;	values	[Ljakiganicsystems/danmakudeath/b/o$a;	
Ljakiganicsystems/danmakudeath/b/o;	<init>	V	
Ljakiganicsystems/danmakudeath/b/o;	a	V	Ljakiganicsystems/danmakudeath/GameBase;,I
Ljakiganicsystems/danmakudeath/b/o;	d	V	
Ljakiganicsystems/danmakudeath/b/o;	e	V	
Ljakiganicsystems/danmakudeath/b/o;	f	V	
Ljakiganicsystems/danmakudeath/b/o;	g	V	
Ljakiganicsystems/danmakudeath/b/o;	m	V	
Ljakiganicsystems/danmakudeath/b/o;	s	V	
Ljakiganicsystems/danmakudeath/b/o;	u	V	
Ljakiganicsystems/danmakudeath/b/o;	y	V	
Ljakiganicsystems/danmakudeath/b/o;	z	[I	
Ljakiganicsystems/danmakudeath/b/p;	<init>	V	
Ljakiganicsystems/danmakudeath/b/p;	a	V	Ljakiganicsystems/danmakudeath/GameBase;,I
Ljakiganicsystems/danmakudeath/b/p;	d	V	
Ljakiganicsystems/danmakudeath/b/p;	e	V	
Ljakiganicsystems/danmakudeath/b/p;	f	V	
Ljakiganicsystems/danmakudeath/b/p;	g	V	
Ljakiganicsystems/danmakudeath/b/p;	m	V	
Ljakiganicsystems/danmakudeath/b/p;	s	V	
Ljakiganicsystems/danmakudeath/b/p;	u	V	
Ljakiganicsystems/danmakudeath/b/p;	x	I	
Ljakiganicsystems/danmakudeath/b/p;	y	[I	
Ljakiganicsystems/danmakudeath/b/q$a;	<init>	V	Ljakiganicsystems/danmakudeath/b/q;
Ljakiganicsystems/danmakudeath/b/q$a;	a	V	
Ljakiganicsystems/danmakudeath/b/q$a;	b	V	
Ljakiganicsystems/danmakudeath/b/q$a;	c	V	
Ljakiganicsystems/danmakudeath/b/q$a;	d	V	
Ljakiganicsystems/danmakudeath/b/q$a;	e	V	
Ljakiganicsystems/danmakudeath/b/q$a;	f	[I	
Ljakiganicsystems/danmakudeath/b/q$b;	<clinit>	V	
Ljakiganicsystems/danmakudeath/b/q$b;	<init>	V	Ljava/lang/String;,I
Ljakiganicsystems/danmakudeath/b/q$b;	ordinal	I	
Ljakiganicsystems/danmakudeath/b/q$b;	valueOf	Ljakiganicsystems/danmakudeath/b/q$b;	Ljava/lang/String;
Ljakiganicsystems/danmakudeath/b/q$b;	values	[Ljakiganicsystems/danmakudeath/b/q$b;	
Ljakiganicsystems/danmakudeath/b/q$c;	<clinit>	V	
Ljakiganicsystems/danmakudeath/b/q$c;	<init>	V	Ljava/lang/String;,I
Ljakiganicsystems/danmakudeath/b/q$c;	valueOf	Ljakiganicsystems/danmakudeath/b/q$c;	Ljava/lang/String;
Ljakiganicsystems/danmakudeath/b/q$c;	values	[Ljakiganicsystems/danmakudeath/b/q$c;	
Ljakiganicsystems/danmakudeath/b/q;	<init>	V	
Ljakiganicsystems/danmakudeath/b/q;	a	I	Ljakiganicsystems/danmakudeath/b/q;
Ljakiganicsystems/danmakudeath/b/q;	a	V	
Ljakiganicsystems/danmakudeath/b/q;	a	V	Ljakiganicsystems/danmakudeath/GameBase;,I
Ljakiganicsystems/danmakudeath/b/q;	b	I	Ljakiganicsystems/danmakudeath/b/q;
Ljakiganicsystems/danmakudeath/b/q;	d	V	
Ljakiganicsystems/danmakudeath/b/q;	e	V	
Ljakiganicsystems/danmakudeath/b/q;	f	V	
Ljakiganicsystems/danmakudeath/b/q;	g	V	
Ljakiganicsystems/danmakudeath/b/q;	m	V	
Ljakiganicsystems/danmakudeath/b/q;	s	V	
Ljakiganicsystems/danmakudeath/b/q;	u	V	
Ljakiganicsystems/danmakudeath/b/q;	x	I	
Ljakiganicsystems/danmakudeath/b/q;	y	V	
Ljakiganicsystems/danmakudeath/b/q;	z	[I	
Ljakiganicsystems/danmakudeath/b/r$a;	<init>	V	Ljakiganicsystems/danmakudeath/b/r;,F,F
Ljakiganicsystems/danmakudeath/b/r$a;	a	V	
Ljakiganicsystems/danmakudeath/b/r$a;	a	V	I
Ljakiganicsystems/danmakudeath/b/r$a;	a	V	Ljakiganicsystems/danmakudeath/ao;,I
Ljakiganicsystems/danmakudeath/b/r$a;	a	Z	I,I
Ljakiganicsystems/danmakudeath/b/r$a;	b	V	
Ljakiganicsystems/danmakudeath/b/r$a;	c	V	
Ljakiganicsystems/danmakudeath/b/r$a;	d	V	
Ljakiganicsystems/danmakudeath/b/r$a;	e	[I	
Ljakiganicsystems/danmakudeath/b/r$a;	f	[I	
Ljakiganicsystems/danmakudeath/b/r$b;	<clinit>	V	
Ljakiganicsystems/danmakudeath/b/r$b;	<init>	V	Ljava/lang/String;,I
Ljakiganicsystems/danmakudeath/b/r$b;	ordinal	I	
Ljakiganicsystems/danmakudeath/b/r$b;	valueOf	Ljakiganicsystems/danmakudeath/b/r$b;	Ljava/lang/String;
Ljakiganicsystems/danmakudeath/b/r$b;	values	[Ljakiganicsystems/danmakudeath/b/r$b;	
Ljakiganicsystems/danmakudeath/b/r$c;	<clinit>	V	
Ljakiganicsystems/danmakudeath/b/r$c;	<init>	V	Ljava/lang/String;,I
Ljakiganicsystems/danmakudeath/b/r$c;	ordinal	I	
Ljakiganicsystems/danmakudeath/b/r$c;	valueOf	Ljakiganicsystems/danmakudeath/b/r$c;	Ljava/lang/String;
Ljakiganicsystems/danmakudeath/b/r$c;	values	[Ljakiganicsystems/danmakudeath/b/r$c;	
Ljakiganicsystems/danmakudeath/b/r;	<init>	V	
Ljakiganicsystems/danmakudeath/b/r;	a	F	Ljakiganicsystems/danmakudeath/b/r;
Ljakiganicsystems/danmakudeath/b/r;	a	V	
Ljakiganicsystems/danmakudeath/b/r;	a	V	Ljakiganicsystems/danmakudeath/GameBase;,I
Ljakiganicsystems/danmakudeath/b/r;	a	Z	I,I
Ljakiganicsystems/danmakudeath/b/r;	b	I	Ljakiganicsystems/danmakudeath/b/r;
Ljakiganicsystems/danmakudeath/b/r;	b	V	
Ljakiganicsystems/danmakudeath/b/r;	b	V	I
Ljakiganicsystems/danmakudeath/b/r;	c	I	Ljakiganicsystems/danmakudeath/b/r;
Ljakiganicsystems/danmakudeath/b/r;	c	V	
Ljakiganicsystems/danmakudeath/b/r;	d	V	
Ljakiganicsystems/danmakudeath/b/r;	e	V	
Ljakiganicsystems/danmakudeath/b/r;	s	V	
Ljakiganicsystems/danmakudeath/b/r;	t	V	
Ljakiganicsystems/danmakudeath/b/r;	u	V	
Ljakiganicsystems/danmakudeath/b/r;	x	I	
Ljakiganicsystems/danmakudeath/b/r;	y	[I	
Ljakiganicsystems/danmakudeath/b/s$a;	<init>	V	Ljakiganicsystems/danmakudeath/b/s;
Ljakiganicsystems/danmakudeath/b/s$a;	a	V	
Ljakiganicsystems/danmakudeath/b/s$a;	a	V	I
Ljakiganicsystems/danmakudeath/b/s$a;	a	V	Ljakiganicsystems/danmakudeath/ao;,I
Ljakiganicsystems/danmakudeath/b/s$a;	a	Z	I,I
Ljakiganicsystems/danmakudeath/b/s$a;	b	V	
Ljakiganicsystems/danmakudeath/b/s$a;	b	V	I
Ljakiganicsystems/danmakudeath/b/s$a;	c	V	
Ljakiganicsystems/danmakudeath/b/s$a;	d	V	
Ljakiganicsystems/danmakudeath/b/s$a;	e	V	
Ljakiganicsystems/danmakudeath/b/s$a;	f	[I	
Ljakiganicsystems/danmakudeath/b/s$a;	g	[I	
Ljakiganicsystems/danmakudeath/b/s$b;	<init>	V	I,I
Ljakiganicsystems/danmakudeath/b/s$c;	<clinit>	V	
Ljakiganicsystems/danmakudeath/b/s$c;	<init>	V	Ljava/lang/String;,I
Ljakiganicsystems/danmakudeath/b/s$c;	ordinal	I	
Ljakiganicsystems/danmakudeath/b/s$c;	valueOf	Ljakiganicsystems/danmakudeath/b/s$c;	Ljava/lang/String;
Ljakiganicsystems/danmakudeath/b/s$c;	values	[Ljakiganicsystems/danmakudeath/b/s$c;	
Ljakiganicsystems/danmakudeath/b/s$d;	<clinit>	V	
Ljakiganicsystems/danmakudeath/b/s$d;	<init>	V	Ljava/lang/String;,I
Ljakiganicsystems/danmakudeath/b/s$d;	ordinal	I	
Ljakiganicsystems/danmakudeath/b/s$d;	valueOf	Ljakiganicsystems/danmakudeath/b/s$d;	Ljava/lang/String;
Ljakiganicsystems/danmakudeath/b/s$d;	values	[Ljakiganicsystems/danmakudeath/b/s$d;	
Ljakiganicsystems/danmakudeath/b/s$e;	<init>	V	Ljakiganicsystems/danmakudeath/b/s;,F,F
Ljakiganicsystems/danmakudeath/b/s$e;	a	F	Ljakiganicsystems/danmakudeath/b/s$e;
Ljakiganicsystems/danmakudeath/b/s$e;	a	V	Ljakiganicsystems/danmakudeath/b/s$e;,Ljakiganicsystems/danmakudeath/b/s$a;
Ljakiganicsystems/danmakudeath/b/s$e;	b	F	Ljakiganicsystems/danmakudeath/b/s$e;
Ljakiganicsystems/danmakudeath/b/s$e;	c	Ljakiganicsystems/danmakudeath/b/s$a;	Ljakiganicsystems/danmakudeath/b/s$e;
Ljakiganicsystems/danmakudeath/b/s$f;	<clinit>	V	
Ljakiganicsystems/danmakudeath/b/s$f;	<init>	V	Ljava/lang/String;,I
Ljakiganicsystems/danmakudeath/b/s$f;	valueOf	Ljakiganicsystems/danmakudeath/b/s$f;	Ljava/lang/String;
Ljakiganicsystems/danmakudeath/b/s$f;	values	[Ljakiganicsystems/danmakudeath/b/s$f;	
Ljakiganicsystems/danmakudeath/b/s$g;	<init>	V	Ljakiganicsystems/danmakudeath/b/s;
Ljakiganicsystems/danmakudeath/b/s$g;	a	V	
Ljakiganicsystems/danmakudeath/b/s$g;	b	V	
Ljakiganicsystems/danmakudeath/b/s;	<clinit>	V	
Ljakiganicsystems/danmakudeath/b/s;	<init>	V	
Ljakiganicsystems/danmakudeath/b/s;	A	[I	
Ljakiganicsystems/danmakudeath/b/s;	a	V	
Ljakiganicsystems/danmakudeath/b/s;	a	V	Ljakiganicsystems/danmakudeath/GameBase;,I
Ljakiganicsystems/danmakudeath/b/s;	a	Z	I,I
Ljakiganicsystems/danmakudeath/b/s;	a	[Ljakiganicsystems/danmakudeath/b/s$e;	Ljakiganicsystems/danmakudeath/b/s;
Ljakiganicsystems/danmakudeath/b/s;	b	V	
Ljakiganicsystems/danmakudeath/b/s;	b	V	I
Ljakiganicsystems/danmakudeath/b/s;	b	[Ljakiganicsystems/danmakudeath/b/s$a;	Ljakiganicsystems/danmakudeath/b/s;
Ljakiganicsystems/danmakudeath/b/s;	c	I	Ljakiganicsystems/danmakudeath/b/s;
Ljakiganicsystems/danmakudeath/b/s;	c	V	
Ljakiganicsystems/danmakudeath/b/s;	d	V	
Ljakiganicsystems/danmakudeath/b/s;	e	V	
Ljakiganicsystems/danmakudeath/b/s;	s	V	
Ljakiganicsystems/danmakudeath/b/s;	t	V	
Ljakiganicsystems/danmakudeath/b/s;	u	V	
Ljakiganicsystems/danmakudeath/b/s;	x	I	
Ljakiganicsystems/danmakudeath/b/s;	y	[I	
Ljakiganicsystems/danmakudeath/b/s;	z	[Ljakiganicsystems/danmakudeath/b/s$b;	
Ljakiganicsystems/danmakudeath/b/t;	<init>	V	
Ljakiganicsystems/danmakudeath/b/t;	a	V	
Ljakiganicsystems/danmakudeath/b/t;	a	V	Ljakiganicsystems/danmakudeath/GameBase;,I
Ljakiganicsystems/danmakudeath/b/t;	d	V	
Ljakiganicsystems/danmakudeath/b/t;	e	V	
Ljakiganicsystems/danmakudeath/b/t;	f	V	
Ljakiganicsystems/danmakudeath/b/t;	g	V	
Ljakiganicsystems/danmakudeath/b/t;	h	V	
Ljakiganicsystems/danmakudeath/b/t;	m	V	
Ljakiganicsystems/danmakudeath/b/t;	n	V	
Ljakiganicsystems/danmakudeath/b/t;	s	V	
Ljakiganicsystems/danmakudeath/b/t;	u	V	
Ljakiganicsystems/danmakudeath/b/t;	y	[I	
Ljakiganicsystems/danmakudeath/b/u$a;	<clinit>	V	
Ljakiganicsystems/danmakudeath/b/u$a;	<init>	V	Ljava/lang/String;,I
Ljakiganicsystems/danmakudeath/b/u$a;	ordinal	I	
Ljakiganicsystems/danmakudeath/b/u$a;	valueOf	Ljakiganicsystems/danmakudeath/b/u$a;	Ljava/lang/String;
Ljakiganicsystems/danmakudeath/b/u$a;	values	[Ljakiganicsystems/danmakudeath/b/u$a;	
Ljakiganicsystems/danmakudeath/b/u$b;	<init>	V	Ljakiganicsystems/danmakudeath/b/u;
Ljakiganicsystems/danmakudeath/b/u$b;	<init>	V	Ljakiganicsystems/danmakudeath/b/u;,B
Ljakiganicsystems/danmakudeath/b/u$b;	a	V	
Ljakiganicsystems/danmakudeath/b/u$b;	b	V	
Ljakiganicsystems/danmakudeath/b/u$b;	c	Z	
Ljakiganicsystems/danmakudeath/b/u$b;	d	V	
Ljakiganicsystems/danmakudeath/b/u$c;	<clinit>	V	
Ljakiganicsystems/danmakudeath/b/u$c;	<init>	V	Ljava/lang/String;,I
Ljakiganicsystems/danmakudeath/b/u$c;	ordinal	I	
Ljakiganicsystems/danmakudeath/b/u$c;	valueOf	Ljakiganicsystems/danmakudeath/b/u$c;	Ljava/lang/String;
Ljakiganicsystems/danmakudeath/b/u$c;	values	[Ljakiganicsystems/danmakudeath/b/u$c;	
Ljakiganicsystems/danmakudeath/b/u;	<init>	V	
Ljakiganicsystems/danmakudeath/b/u;	A	[I	
Ljakiganicsystems/danmakudeath/b/u;	a	I	Ljakiganicsystems/danmakudeath/b/u;
Ljakiganicsystems/danmakudeath/b/u;	a	V	
Ljakiganicsystems/danmakudeath/b/u;	a	V	Ljakiganicsystems/danmakudeath/GameBase;,I
Ljakiganicsystems/danmakudeath/b/u;	a	Z	I,I
Ljakiganicsystems/danmakudeath/b/u;	b	I	Ljakiganicsystems/danmakudeath/b/u;
Ljakiganicsystems/danmakudeath/b/u;	d	V	
Ljakiganicsystems/danmakudeath/b/u;	e	V	
Ljakiganicsystems/danmakudeath/b/u;	f	V	
Ljakiganicsystems/danmakudeath/b/u;	g	V	
Ljakiganicsystems/danmakudeath/b/u;	h	V	
Ljakiganicsystems/danmakudeath/b/u;	m	V	
Ljakiganicsystems/danmakudeath/b/u;	n	V	
Ljakiganicsystems/danmakudeath/b/u;	s	V	
Ljakiganicsystems/danmakudeath/b/u;	t	V	
Ljakiganicsystems/danmakudeath/b/u;	u	V	
Ljakiganicsystems/danmakudeath/b/u;	x	I	
Ljakiganicsystems/danmakudeath/b/u;	y	[I	
Ljakiganicsystems/danmakudeath/b/u;	z	[I	
Ljakiganicsystems/danmakudeath/b/v$a;	<clinit>	V	
Ljakiganicsystems/danmakudeath/b/v$a;	<init>	V	Ljava/lang/String;,I
Ljakiganicsystems/danmakudeath/b/v$a;	valueOf	Ljakiganicsystems/danmakudeath/b/v$a;	Ljava/lang/String;
Ljakiganicsystems/danmakudeath/b/v$a;	values	[Ljakiganicsystems/danmakudeath/b/v$a;	
Ljakiganicsystems/danmakudeath/b/v$b;	<clinit>	V	
Ljakiganicsystems/danmakudeath/b/v$b;	<init>	V	Ljava/lang/String;,I
Ljakiganicsystems/danmakudeath/b/v$b;	ordinal	I	
Ljakiganicsystems/danmakudeath/b/v$b;	valueOf	Ljakiganicsystems/danmakudeath/b/v$b;	Ljava/lang/String;
Ljakiganicsystems/danmakudeath/b/v$b;	values	[Ljakiganicsystems/danmakudeath/b/v$b;	
Ljakiganicsystems/danmakudeath/b/v$c;	<clinit>	V	
Ljakiganicsystems/danmakudeath/b/v$c;	<init>	V	Ljava/lang/String;,I
Ljakiganicsystems/danmakudeath/b/v$c;	ordinal	I	
Ljakiganicsystems/danmakudeath/b/v$c;	valueOf	Ljakiganicsystems/danmakudeath/b/v$c;	Ljava/lang/String;
Ljakiganicsystems/danmakudeath/b/v$c;	values	[Ljakiganicsystems/danmakudeath/b/v$c;	
Ljakiganicsystems/danmakudeath/b/v;	<init>	V	
Ljakiganicsystems/danmakudeath/b/v;	A	[I	
Ljakiganicsystems/danmakudeath/b/v;	B	[I	
Ljakiganicsystems/danmakudeath/b/v;	a	V	
Ljakiganicsystems/danmakudeath/b/v;	a	V	Ljakiganicsystems/danmakudeath/GameBase;,I
Ljakiganicsystems/danmakudeath/b/v;	d	V	
Ljakiganicsystems/danmakudeath/b/v;	e	V	
Ljakiganicsystems/danmakudeath/b/v;	f	V	
Ljakiganicsystems/danmakudeath/b/v;	g	V	
Ljakiganicsystems/danmakudeath/b/v;	m	V	
Ljakiganicsystems/danmakudeath/b/v;	s	V	
Ljakiganicsystems/danmakudeath/b/v;	u	V	
Ljakiganicsystems/danmakudeath/b/v;	x	I	
Ljakiganicsystems/danmakudeath/b/v;	y	V	
Ljakiganicsystems/danmakudeath/b/v;	z	[I	
Ljakiganicsystems/danmakudeath/b/w;	<clinit>	V	
Ljakiganicsystems/danmakudeath/b/w;	<init>	V	
Ljakiganicsystems/danmakudeath/b/w;	a	V	
Ljakiganicsystems/danmakudeath/b/w;	a	V	Ljakiganicsystems/danmakudeath/GameBase;,I
Ljakiganicsystems/danmakudeath/b/w;	d	V	
Ljakiganicsystems/danmakudeath/b/w;	e	V	
Ljakiganicsystems/danmakudeath/b/w;	f	V	
Ljakiganicsystems/danmakudeath/b/w;	g	V	
Ljakiganicsystems/danmakudeath/b/w;	m	V	
Ljakiganicsystems/danmakudeath/b/w;	s	V	
Ljakiganicsystems/danmakudeath/b/w;	t	V	
Ljakiganicsystems/danmakudeath/b/w;	u	V	
Ljakiganicsystems/danmakudeath/b/w;	x	I	
Ljakiganicsystems/danmakudeath/b/w;	y	[I	
Ljakiganicsystems/danmakudeath/b/x;	<clinit>	V	
Ljakiganicsystems/danmakudeath/b/x;	<init>	V	
Ljakiganicsystems/danmakudeath/b/x;	a	V	I
Ljakiganicsystems/danmakudeath/b/x;	a	V	Ljakiganicsystems/danmakudeath/GameBase;,I
Ljakiganicsystems/danmakudeath/b/x;	a	V	Ljakiganicsystems/danmakudeath/ao;,I
Ljakiganicsystems/danmakudeath/b/x;	e	V	
Ljakiganicsystems/danmakudeath/b/x;	f	V	
Ljakiganicsystems/danmakudeath/b/x;	s	V	
Ljakiganicsystems/danmakudeath/b/x;	u	V	
Ljakiganicsystems/danmakudeath/b/x;	x	I	
Ljakiganicsystems/danmakudeath/b/x;	y	V	
Ljakiganicsystems/danmakudeath/b/y$a;	<clinit>	V	
Ljakiganicsystems/danmakudeath/b/y$a;	<init>	V	Ljava/lang/String;,I
Ljakiganicsystems/danmakudeath/b/y$a;	ordinal	I	
Ljakiganicsystems/danmakudeath/b/y$a;	valueOf	Ljakiganicsystems/danmakudeath/b/y$a;	Ljava/lang/String;
Ljakiganicsystems/danmakudeath/b/y$a;	values	[Ljakiganicsystems/danmakudeath/b/y$a;	
Ljakiganicsystems/danmakudeath/b/y$b;	<init>	V	Ljakiganicsystems/danmakudeath/b/y;,F,Ljakiganicsystems/danmakudeath/t;
Ljakiganicsystems/danmakudeath/b/y$b;	a	V	
Ljakiganicsystems/danmakudeath/b/y$b;	a	V	Ljakiganicsystems/danmakudeath/ao;
Ljakiganicsystems/danmakudeath/b/y$b;	a	V	Ljakiganicsystems/danmakudeath/b/y$b;
Ljakiganicsystems/danmakudeath/b/y$b;	b	V	
Ljakiganicsystems/danmakudeath/b/y$b;	c	V	
Ljakiganicsystems/danmakudeath/b/y$c;	<clinit>	V	
Ljakiganicsystems/danmakudeath/b/y$c;	<init>	V	Ljava/lang/String;,I
Ljakiganicsystems/danmakudeath/b/y$c;	valueOf	Ljakiganicsystems/danmakudeath/b/y$c;	Ljava/lang/String;
Ljakiganicsystems/danmakudeath/b/y$c;	values	[Ljakiganicsystems/danmakudeath/b/y$c;	
Ljakiganicsystems/danmakudeath/b/y;	<clinit>	V	
Ljakiganicsystems/danmakudeath/b/y;	<init>	V	
Ljakiganicsystems/danmakudeath/b/y;	a	V	
Ljakiganicsystems/danmakudeath/b/y;	a	V	F,F,F,F,F
Ljakiganicsystems/danmakudeath/b/y;	a	V	I
Ljakiganicsystems/danmakudeath/b/y;	a	V	Ljakiganicsystems/danmakudeath/GameBase;,I
Ljakiganicsystems/danmakudeath/b/y;	a	V	Ljakiganicsystems/danmakudeath/ao;,I
Ljakiganicsystems/danmakudeath/b/y;	b	V	
Ljakiganicsystems/danmakudeath/b/y;	b	V	I
Ljakiganicsystems/danmakudeath/b/y;	d	V	
Ljakiganicsystems/danmakudeath/b/y;	e	V	
Ljakiganicsystems/danmakudeath/b/y;	f	V	
Ljakiganicsystems/danmakudeath/b/y;	s	V	
Ljakiganicsystems/danmakudeath/b/y;	t	V	
Ljakiganicsystems/danmakudeath/b/y;	u	V	
Ljakiganicsystems/danmakudeath/b/y;	y	[I	
Ljakiganicsystems/danmakudeath/b/y;	z	[I	
Ljakiganicsystems/danmakudeath/b/z$a;	<clinit>	V	
Ljakiganicsystems/danmakudeath/b/z$a;	<init>	V	Ljava/lang/String;,I
Ljakiganicsystems/danmakudeath/b/z$a;	ordinal	I	
Ljakiganicsystems/danmakudeath/b/z$a;	valueOf	Ljakiganicsystems/danmakudeath/b/z$a;	Ljava/lang/String;
Ljakiganicsystems/danmakudeath/b/z$a;	values	[Ljakiganicsystems/danmakudeath/b/z$a;	
Ljakiganicsystems/danmakudeath/b/z$b;	<clinit>	V	
Ljakiganicsystems/danmakudeath/b/z$b;	<init>	V	Ljava/lang/String;,I
Ljakiganicsystems/danmakudeath/b/z$b;	ordinal	I	
Ljakiganicsystems/danmakudeath/b/z$b;	valueOf	Ljakiganicsystems/danmakudeath/b/z$b;	Ljava/lang/String;
Ljakiganicsystems/danmakudeath/b/z$b;	values	[Ljakiganicsystems/danmakudeath/b/z$b;	
Ljakiganicsystems/danmakudeath/b/z$c;	<clinit>	V	
Ljakiganicsystems/danmakudeath/b/z$c;	<init>	V	Ljava/lang/String;,I
Ljakiganicsystems/danmakudeath/b/z$c;	ordinal	I	
Ljakiganicsystems/danmakudeath/b/z$c;	valueOf	Ljakiganicsystems/danmakudeath/b/z$c;	Ljava/lang/String;
Ljakiganicsystems/danmakudeath/b/z$c;	values	[Ljakiganicsystems/danmakudeath/b/z$c;	
Ljakiganicsystems/danmakudeath/b/z;	<init>	V	
Ljakiganicsystems/danmakudeath/b/z;	A	[I	
Ljakiganicsystems/danmakudeath/b/z;	B	[I	
Ljakiganicsystems/danmakudeath/b/z;	a	V	
Ljakiganicsystems/danmakudeath/b/z;	a	V	F,F,F,F
Ljakiganicsystems/danmakudeath/b/z;	a	V	Ljakiganicsystems/danmakudeath/GameBase;,I
Ljakiganicsystems/danmakudeath/b/z;	d	V	
Ljakiganicsystems/danmakudeath/b/z;	e	V	
Ljakiganicsystems/danmakudeath/b/z;	f	V	
Ljakiganicsystems/danmakudeath/b/z;	g	V	
Ljakiganicsystems/danmakudeath/b/z;	m	V	
Ljakiganicsystems/danmakudeath/b/z;	s	V	
Ljakiganicsystems/danmakudeath/b/z;	u	V	
Ljakiganicsystems/danmakudeath/b/z;	x	I	
Ljakiganicsystems/danmakudeath/b/z;	y	[I	
Ljakiganicsystems/danmakudeath/b/z;	z	[I	
Ljakiganicsystems/danmakudeath/b;	<init>	V	
Ljakiganicsystems/danmakudeath/b;	run	V	
Ljakiganicsystems/danmakudeath/ba;	<init>	V	
Ljakiganicsystems/danmakudeath/ba;	a	V	Landroid/content/Context;
Ljakiganicsystems/danmakudeath/ba;	b	V	Landroid/content/Context;
Ljakiganicsystems/danmakudeath/bb;	<clinit>	V	
Ljakiganicsystems/danmakudeath/bb;	a	V	
Ljakiganicsystems/danmakudeath/bb;	a	V	Ljakiganicsystems/danmakudeath/o;
Ljakiganicsystems/danmakudeath/bb;	a	Z	Ljakiganicsystems/danmakudeath/l;,F
Ljakiganicsystems/danmakudeath/bb;	b	Z	
Ljakiganicsystems/danmakudeath/bb;	c	Z	
Ljakiganicsystems/danmakudeath/bb;	d	V	
Ljakiganicsystems/danmakudeath/bb;	e	V	
Ljakiganicsystems/danmakudeath/bb;	f	V	
Ljakiganicsystems/danmakudeath/bb;	g	V	
Ljakiganicsystems/danmakudeath/bb;	h	V	
Ljakiganicsystems/danmakudeath/bc$a;	<init>	V	
Ljakiganicsystems/danmakudeath/bc$a;	a	[I	
Ljakiganicsystems/danmakudeath/bc$b;	<clinit>	V	
Ljakiganicsystems/danmakudeath/bc$b;	<init>	V	Ljava/lang/String;,I
Ljakiganicsystems/danmakudeath/bc$b;	ordinal	I	
Ljakiganicsystems/danmakudeath/bc$b;	valueOf	Ljakiganicsystems/danmakudeath/bc$b;	Ljava/lang/String;
Ljakiganicsystems/danmakudeath/bc$b;	values	[Ljakiganicsystems/danmakudeath/bc$b;	
Ljakiganicsystems/danmakudeath/bc;	a	V	
Ljakiganicsystems/danmakudeath/bc;	a	V	F,F,D,F,I,I,I
Ljakiganicsystems/danmakudeath/bc;	a	V	F,F,I,I,I
Ljakiganicsystems/danmakudeath/bc;	b	V	
Ljakiganicsystems/danmakudeath/bc;	c	V	
Ljakiganicsystems/danmakudeath/bd;	<clinit>	V	
Ljakiganicsystems/danmakudeath/bd;	a	V	
Ljakiganicsystems/danmakudeath/bd;	a	V	I
Ljakiganicsystems/danmakudeath/bd;	a	V	I,F
Ljakiganicsystems/danmakudeath/bd;	a	V	I,F,F
Ljakiganicsystems/danmakudeath/bd;	a	V	Landroid/content/Context;
Ljakiganicsystems/danmakudeath/bd;	b	V	
Ljakiganicsystems/danmakudeath/bd;	c	Z	
Ljakiganicsystems/danmakudeath/be$a;	<init>	V	Ljava/lang/Class;,I,I,I,I,I
Ljakiganicsystems/danmakudeath/be;	<clinit>	V	
Ljakiganicsystems/danmakudeath/be;	a	I	
Ljakiganicsystems/danmakudeath/be;	a	I	I,I
Ljakiganicsystems/danmakudeath/be;	a	Ljakiganicsystems/danmakudeath/a/a;	I
Ljakiganicsystems/danmakudeath/be;	a	Ljakiganicsystems/danmakudeath/b/a;	I,Ljakiganicsystems/danmakudeath/GameBase;
Ljakiganicsystems/danmakudeath/be;	a	V	Ljava/lang/Class;,I,I,I,I,I
Ljakiganicsystems/danmakudeath/be;	b	I	
Ljakiganicsystems/danmakudeath/be;	b	I	I
Ljakiganicsystems/danmakudeath/be;	c	I	I
Ljakiganicsystems/danmakudeath/be;	d	I	I
Ljakiganicsystems/danmakudeath/be;	e	I	I
Ljakiganicsystems/danmakudeath/be;	f	Ljava/lang/String;	I
Ljakiganicsystems/danmakudeath/bf;	<clinit>	V	
Ljakiganicsystems/danmakudeath/bf;	<init>	V	Ljava/lang/String;,I
Ljakiganicsystems/danmakudeath/bf;	valueOf	Ljakiganicsystems/danmakudeath/bf;	Ljava/lang/String;
Ljakiganicsystems/danmakudeath/bf;	values	[Ljakiganicsystems/danmakudeath/bf;	
Ljakiganicsystems/danmakudeath/c/a;	<clinit>	V	
Ljakiganicsystems/danmakudeath/c/a;	a	V	
Ljakiganicsystems/danmakudeath/c/a;	a	V	I,F,F,F,F
Ljakiganicsystems/danmakudeath/c/a;	a	V	I,I,F,F,F,F
Ljakiganicsystems/danmakudeath/c/a;	a	V	I,I,I,I
Ljakiganicsystems/danmakudeath/c/a;	a	V	I,I,I,I,F,F,F,F
Ljakiganicsystems/danmakudeath/c/a;	a	V	I,I,I,I,F,F,F,F,F
Ljakiganicsystems/danmakudeath/c/a;	b	V	
Ljakiganicsystems/danmakudeath/c/a;	b	V	I,F,F,F,F
Ljakiganicsystems/danmakudeath/c/a;	b	V	I,I,F,F,F,F
Ljakiganicsystems/danmakudeath/c/a;	b	V	I,I,I,I
Ljakiganicsystems/danmakudeath/c/a;	c	I	I,I,I,I
Ljakiganicsystems/danmakudeath/c/a;	c	V	I,F,F,F,F
Ljakiganicsystems/danmakudeath/c;	<init>	V	I
Ljakiganicsystems/danmakudeath/c;	run	V	
Ljakiganicsystems/danmakudeath/d/a$a;	<init>	V	Ljava/lang/String;,[B
Ljakiganicsystems/danmakudeath/d/a$b;	<init>	V	Ljava/lang/String;,Ljava/lang/String;
Ljakiganicsystems/danmakudeath/d/a;	<init>	V	Ljava/lang/String;
Ljakiganicsystems/danmakudeath/d/a;	a	Ljava/lang/String;	
Ljakiganicsystems/danmakudeath/d/a;	a	Ljava/lang/String;	Ljava/io/InputStream;
Ljakiganicsystems/danmakudeath/d/a;	a	V	Ljava/lang/String;,Ljava/lang/String;
Ljakiganicsystems/danmakudeath/d/a;	a	V	Ljava/lang/String;,[B
Ljakiganicsystems/danmakudeath/d/b;	a	Ljava/lang/String;	Ljava/io/InputStream;
Ljakiganicsystems/danmakudeath/d/b;	b	[B	Ljava/io/InputStream;
Ljakiganicsystems/danmakudeath/d;	<init>	V	
Ljakiganicsystems/danmakudeath/d;	run	V	
Ljakiganicsystems/danmakudeath/db/Information;	<init>	V	
Ljakiganicsystems/danmakudeath/db/Information;	<init>	V	I,J,Ljava/lang/String;,Ljava/lang/String;,Ljava/lang/String;,Ljava/lang/String;
Ljakiganicsystems/danmakudeath/db/Information;	<init>	V	Landroid/database/Cursor;
Ljakiganicsystems/danmakudeath/db/Informations;	<init>	V	
Ljakiganicsystems/danmakudeath/db/a;	<init>	V	
Ljakiganicsystems/danmakudeath/db/a;	a	I	I,I
Ljakiganicsystems/danmakudeath/db/a;	a	I	[Ljakiganicsystems/danmakudeath/db/g;,I
Ljakiganicsystems/danmakudeath/db/a;	a	V	
Ljakiganicsystems/danmakudeath/db/a;	a	V	I,I,I,I,[B
Ljakiganicsystems/danmakudeath/db/a;	a	V	I,Z
Ljakiganicsystems/danmakudeath/db/a;	a	V	J
Ljakiganicsystems/danmakudeath/db/a;	a	V	Ljakiganicsystems/danmakudeath/db/f;
Ljakiganicsystems/danmakudeath/db/a;	a	V	Ljakiganicsystems/danmakudeath/db/g;
Ljakiganicsystems/danmakudeath/db/a;	a	V	Ljava/util/List;
Ljakiganicsystems/danmakudeath/db/a;	a	[I	[Ljakiganicsystems/danmakudeath/db/g;
Ljakiganicsystems/danmakudeath/db/a;	a	[Ljakiganicsystems/danmakudeath/db/e;	I
Ljakiganicsystems/danmakudeath/db/a;	b	I	[Ljakiganicsystems/danmakudeath/db/g;
Ljakiganicsystems/danmakudeath/db/a;	b	V	I
Ljakiganicsystems/danmakudeath/db/a;	b	[Ljakiganicsystems/danmakudeath/db/g;	
Ljakiganicsystems/danmakudeath/db/a;	c	I	[Ljakiganicsystems/danmakudeath/db/g;
Ljakiganicsystems/danmakudeath/db/a;	c	V	
Ljakiganicsystems/danmakudeath/db/a;	c	V	I
Ljakiganicsystems/danmakudeath/db/a;	d	I	[Ljakiganicsystems/danmakudeath/db/g;
Ljakiganicsystems/danmakudeath/db/a;	d	Ljakiganicsystems/danmakudeath/db/f;	
Ljakiganicsystems/danmakudeath/db/a;	d	Ljakiganicsystems/danmakudeath/db/g;	I
Ljakiganicsystems/danmakudeath/db/a;	e	V	
Ljakiganicsystems/danmakudeath/db/a;	e	V	I
Ljakiganicsystems/danmakudeath/db/a;	f	Ljava/util/List;	
Ljakiganicsystems/danmakudeath/db/a;	f	V	I
Ljakiganicsystems/danmakudeath/db/a;	g	Ljava/util/List;	
Ljakiganicsystems/danmakudeath/db/a;	g	V	I
Ljakiganicsystems/danmakudeath/db/b;	<init>	V	Ljava/lang/String;
Ljakiganicsystems/danmakudeath/db/b;	printStackTrace	V	
Ljakiganicsystems/danmakudeath/db/c;	<init>	V	Ljava/lang/String;
Ljakiganicsystems/danmakudeath/db/d;	<init>	V	Landroid/content/Context;
Ljakiganicsystems/danmakudeath/db/d;	getReadableDatabase	Landroid/database/sqlite/SQLiteDatabase;	
Ljakiganicsystems/danmakudeath/db/d;	getWritableDatabase	Landroid/database/sqlite/SQLiteDatabase;	
Ljakiganicsystems/danmakudeath/db/d;	onCreate	V	Landroid/database/sqlite/SQLiteDatabase;
Ljakiganicsystems/danmakudeath/db/d;	onUpgrade	V	Landroid/database/sqlite/SQLiteDatabase;,I,I
Ljakiganicsystems/danmakudeath/db/e;	<init>	V	
Ljakiganicsystems/danmakudeath/db/e;	<init>	V	Landroid/database/Cursor;
Ljakiganicsystems/danmakudeath/db/f;	<init>	V	
Ljakiganicsystems/danmakudeath/db/f;	<init>	V	Landroid/database/Cursor;
Ljakiganicsystems/danmakudeath/db/f;	a	V	
Ljakiganicsystems/danmakudeath/db/f;	b	[B	
Ljakiganicsystems/danmakudeath/db/g;	<init>	V	I
Ljakiganicsystems/danmakudeath/db/g;	<init>	V	Landroid/database/Cursor;
Ljakiganicsystems/danmakudeath/db/g;	a	V	
Ljakiganicsystems/danmakudeath/db/g;	b	[B	
Ljakiganicsystems/danmakudeath/e/a/a$a;	<clinit>	V	
Ljakiganicsystems/danmakudeath/e/a/a$a;	<init>	V	Ljava/lang/String;,I
Ljakiganicsystems/danmakudeath/e/a/a$a;	valueOf	Ljakiganicsystems/danmakudeath/e/a/a$a;	Ljava/lang/String;
Ljakiganicsystems/danmakudeath/e/a/a$a;	values	[Ljakiganicsystems/danmakudeath/e/a/a$a;	
Ljakiganicsystems/danmakudeath/e/a/a;	a	V	
Ljakiganicsystems/danmakudeath/e/a/a;	b	V	
Ljakiganicsystems/danmakudeath/e/a/a;	c	V	
Ljakiganicsystems/danmakudeath/e/a/a;	d	V	
Ljakiganicsystems/danmakudeath/e/a/b$a;	<init>	V	I,Ljava/lang/Class;,Ljava/lang/Object;
Ljakiganicsystems/danmakudeath/e/a/b;	<clinit>	V	
Ljakiganicsystems/danmakudeath/e/a/b;	a	Ljakiganicsystems/danmakudeath/e/a/a;	Ljakiganicsystems/danmakudeath/e/a/b$a;
Ljakiganicsystems/danmakudeath/e/a/b;	a	V	
Ljakiganicsystems/danmakudeath/e/a/b;	a	V	I,Ljava/lang/Class;,Ljava/lang/Object;
Ljakiganicsystems/danmakudeath/e/a/b;	a	Z	I,I
Ljakiganicsystems/danmakudeath/e/a/b;	b	V	
Ljakiganicsystems/danmakudeath/e/a/b;	c	V	
Ljakiganicsystems/danmakudeath/e/a/b;	d	V	
Ljakiganicsystems/danmakudeath/e/a/b;	e	V	
Ljakiganicsystems/danmakudeath/e/a/c$a;	<init>	V	I
Ljakiganicsystems/danmakudeath/e/a/c;	a	V	
Ljakiganicsystems/danmakudeath/e/a/c;	b	V	
Ljakiganicsystems/danmakudeath/e/a/c;	d	V	
Ljakiganicsystems/danmakudeath/e/a/d$a;	<init>	V	I
Ljakiganicsystems/danmakudeath/e/a/d;	a	V	
Ljakiganicsystems/danmakudeath/e/a/d;	b	V	
Ljakiganicsystems/danmakudeath/e/a/d;	d	V	
Ljakiganicsystems/danmakudeath/e/a;	<init>	V	
Ljakiganicsystems/danmakudeath/e/a;	a	V	
Ljakiganicsystems/danmakudeath/e/a;	b	V	
Ljakiganicsystems/danmakudeath/e/b;	a	V	
Ljakiganicsystems/danmakudeath/e/c;	<init>	V	
Ljakiganicsystems/danmakudeath/e/c;	a	V	
Ljakiganicsystems/danmakudeath/e/d;	<clinit>	V	
Ljakiganicsystems/danmakudeath/e/d;	a	V	
Ljakiganicsystems/danmakudeath/e/d;	b	V	
Ljakiganicsystems/danmakudeath/e/d;	c	V	
Ljakiganicsystems/danmakudeath/e/e$a;	<clinit>	V	
Ljakiganicsystems/danmakudeath/e/e$a;	<init>	V	Ljava/lang/String;,I
Ljakiganicsystems/danmakudeath/e/e$a;	ordinal	I	
Ljakiganicsystems/danmakudeath/e/e$a;	valueOf	Ljakiganicsystems/danmakudeath/e/e$a;	Ljava/lang/String;
Ljakiganicsystems/danmakudeath/e/e$a;	values	[Ljakiganicsystems/danmakudeath/e/e$a;	
Ljakiganicsystems/danmakudeath/e/e$b;	<clinit>	V	
Ljakiganicsystems/danmakudeath/e/e$b;	<init>	V	Ljava/lang/String;,I
Ljakiganicsystems/danmakudeath/e/e$b;	valueOf	Ljakiganicsystems/danmakudeath/e/e$b;	Ljava/lang/String;
Ljakiganicsystems/danmakudeath/e/e$b;	values	[Ljakiganicsystems/danmakudeath/e/e$b;	
Ljakiganicsystems/danmakudeath/e/e;	<init>	V	
Ljakiganicsystems/danmakudeath/e/e;	a	V	
Ljakiganicsystems/danmakudeath/e/e;	a	V	I
Ljakiganicsystems/danmakudeath/e/e;	b	V	
Ljakiganicsystems/danmakudeath/e/e;	c	V	
Ljakiganicsystems/danmakudeath/e/e;	d	[I	
Ljakiganicsystems/danmakudeath/e/f;	a	V	
Ljakiganicsystems/danmakudeath/e/f;	a	V	F,F
Ljakiganicsystems/danmakudeath/e;	<init>	V	
Ljakiganicsystems/danmakudeath/e;	run	V	
Ljakiganicsystems/danmakudeath/f/a;	<clinit>	V	
Ljakiganicsystems/danmakudeath/f/a;	a	V	
Ljakiganicsystems/danmakudeath/f/a;	a	V	I
Ljakiganicsystems/danmakudeath/f/a;	b	V	
Ljakiganicsystems/danmakudeath/f/a;	b	V	I
Ljakiganicsystems/danmakudeath/f/a;	c	V	
Ljakiganicsystems/danmakudeath/f/b;	<clinit>	V	
Ljakiganicsystems/danmakudeath/f;	<init>	V	
Ljakiganicsystems/danmakudeath/f;	run	V	
Ljakiganicsystems/danmakudeath/firstaniv/GameBaseFirstAniv;	<init>	V	
Ljakiganicsystems/danmakudeath/firstaniv/GameBaseFirstAniv;	a	V	
Ljakiganicsystems/danmakudeath/firstaniv/GameBaseFirstAniv;	a	V	Landroid/content/Context;
Ljakiganicsystems/danmakudeath/firstaniv/GameBaseFirstAniv;	b	V	
Ljakiganicsystems/danmakudeath/firstaniv/a$a;	<init>	V	
Ljakiganicsystems/danmakudeath/firstaniv/a$a;	<init>	V	B
Ljakiganicsystems/danmakudeath/firstaniv/a$b;	<init>	V	
Ljakiganicsystems/danmakudeath/firstaniv/a$b;	a	V	
Ljakiganicsystems/danmakudeath/firstaniv/a$b;	a	V	F,F,Z
Ljakiganicsystems/danmakudeath/firstaniv/a$b;	b	V	
Ljakiganicsystems/danmakudeath/firstaniv/a$c;	<init>	V	Ljakiganicsystems/danmakudeath/firstaniv/a;
Ljakiganicsystems/danmakudeath/firstaniv/a$c;	<init>	V	Ljakiganicsystems/danmakudeath/firstaniv/a;,B
Ljakiganicsystems/danmakudeath/firstaniv/a$d;	<init>	V	Ljakiganicsystems/danmakudeath/firstaniv/a;
Ljakiganicsystems/danmakudeath/firstaniv/a$d;	<init>	V	Ljakiganicsystems/danmakudeath/firstaniv/a;,B
Ljakiganicsystems/danmakudeath/firstaniv/a$d;	a	V	
Ljakiganicsystems/danmakudeath/firstaniv/a$e;	<init>	V	Ljakiganicsystems/danmakudeath/firstaniv/a;
Ljakiganicsystems/danmakudeath/firstaniv/a$e;	<init>	V	Ljakiganicsystems/danmakudeath/firstaniv/a;,B
Ljakiganicsystems/danmakudeath/firstaniv/a$f;	<init>	V	Ljakiganicsystems/danmakudeath/firstaniv/a;
Ljakiganicsystems/danmakudeath/firstaniv/a$f;	<init>	V	Ljakiganicsystems/danmakudeath/firstaniv/a;,B
Ljakiganicsystems/danmakudeath/firstaniv/a$f;	a	V	F,F,F
Ljakiganicsystems/danmakudeath/firstaniv/a;	<init>	V	
Ljakiganicsystems/danmakudeath/firstaniv/a;	a	F	F,F
Ljakiganicsystems/danmakudeath/firstaniv/a;	a	V	
Ljakiganicsystems/danmakudeath/firstaniv/a;	a	V	Ljakiganicsystems/danmakudeath/GameBase;,I
Ljakiganicsystems/danmakudeath/firstaniv/a;	a	[Ljakiganicsystems/danmakudeath/firstaniv/a$c;	Ljakiganicsystems/danmakudeath/firstaniv/a;
Ljakiganicsystems/danmakudeath/firstaniv/a;	b	F	F,F
Ljakiganicsystems/danmakudeath/firstaniv/a;	b	V	I
Ljakiganicsystems/danmakudeath/firstaniv/a;	b	[Ljakiganicsystems/danmakudeath/firstaniv/a$e;	Ljakiganicsystems/danmakudeath/firstaniv/a;
Ljakiganicsystems/danmakudeath/firstaniv/a;	e	V	
Ljakiganicsystems/danmakudeath/firstaniv/a;	f	V	
Ljakiganicsystems/danmakudeath/firstaniv/a;	g	V	
Ljakiganicsystems/danmakudeath/firstaniv/a;	h	V	
Ljakiganicsystems/danmakudeath/firstaniv/a;	i	V	
Ljakiganicsystems/danmakudeath/firstaniv/a;	j	V	
Ljakiganicsystems/danmakudeath/firstaniv/a;	k	V	
Ljakiganicsystems/danmakudeath/firstaniv/a;	l	V	
Ljakiganicsystems/danmakudeath/firstaniv/a;	m	V	
Ljakiganicsystems/danmakudeath/firstaniv/a;	n	V	
Ljakiganicsystems/danmakudeath/firstaniv/a;	o	V	
Ljakiganicsystems/danmakudeath/firstaniv/a;	p	V	
Ljakiganicsystems/danmakudeath/firstaniv/a;	q	V	
Ljakiganicsystems/danmakudeath/firstaniv/a;	r	V	
Ljakiganicsystems/danmakudeath/firstaniv/a;	s	V	
Ljakiganicsystems/danmakudeath/firstaniv/a;	u	V	
Ljakiganicsystems/danmakudeath/firstaniv/b;	<clinit>	V	
Ljakiganicsystems/danmakudeath/firstaniv/b;	<init>	V	
Ljakiganicsystems/danmakudeath/firstaniv/b;	a	V	
Ljakiganicsystems/danmakudeath/firstaniv/b;	b	V	
Ljakiganicsystems/danmakudeath/firstaniv/b;	c	V	
Ljakiganicsystems/danmakudeath/firstaniv/c;	<clinit>	V	
Ljakiganicsystems/danmakudeath/firstaniv/c;	<init>	V	Ljakiganicsystems/danmakudeath/GameBase;
Ljakiganicsystems/danmakudeath/firstaniv/c;	a	V	
Ljakiganicsystems/danmakudeath/firstaniv/c;	a	V	F,F,I
Ljakiganicsystems/danmakudeath/firstaniv/c;	a	V	I,I
Ljakiganicsystems/danmakudeath/firstaniv/c;	a	V	I,I,I
Ljakiganicsystems/danmakudeath/firstaniv/c;	a	V	Ljakiganicsystems/danmakudeath/GameBase;
Ljakiganicsystems/danmakudeath/firstaniv/c;	a	V	Ljakiganicsystems/danmakudeath/avatar/a;
Ljakiganicsystems/danmakudeath/firstaniv/c;	a	V	Ljavax/microedition/khronos/opengles/GL10;
Ljakiganicsystems/danmakudeath/firstaniv/c;	a	Z	[I,F,F
Ljakiganicsystems/danmakudeath/firstaniv/c;	b	V	
Ljakiganicsystems/danmakudeath/firstaniv/c;	b	V	Ljakiganicsystems/danmakudeath/GameBase;
Ljakiganicsystems/danmakudeath/firstaniv/c;	c	V	
Ljakiganicsystems/danmakudeath/firstaniv/c;	d	V	
Ljakiganicsystems/danmakudeath/firstaniv/c;	e	V	
Ljakiganicsystems/danmakudeath/firstaniv/c;	f	V	
Ljakiganicsystems/danmakudeath/firstaniv/c;	g	V	
Ljakiganicsystems/danmakudeath/firstaniv/c;	h	V	
Ljakiganicsystems/danmakudeath/firstaniv/c;	j	Z	
Ljakiganicsystems/danmakudeath/firstaniv/c;	k	V	
Ljakiganicsystems/danmakudeath/firstaniv/c;	l	I	
Ljakiganicsystems/danmakudeath/firstaniv/c;	m	I	
Ljakiganicsystems/danmakudeath/firstaniv/c;	n	V	
Ljakiganicsystems/danmakudeath/firstaniv/c;	o	V	
Ljakiganicsystems/danmakudeath/firstaniv/c;	p	V	
Ljakiganicsystems/danmakudeath/firstaniv/c;	q	Z	
Ljakiganicsystems/danmakudeath/firstaniv/c;	r	Z	
Ljakiganicsystems/danmakudeath/firstaniv/c;	s	V	
Ljakiganicsystems/danmakudeath/firstaniv/c;	t	V	
Ljakiganicsystems/danmakudeath/firstaniv/c;	u	Z	
Ljakiganicsystems/danmakudeath/firstaniv/d;	<init>	V	Ljakiganicsystems/danmakudeath/firstaniv/c;
Ljakiganicsystems/danmakudeath/firstaniv/d;	run	V	
Ljakiganicsystems/danmakudeath/firstaniv/e;	<init>	V	Ljakiganicsystems/danmakudeath/firstaniv/c;
Ljakiganicsystems/danmakudeath/firstaniv/e;	run	V	
Ljakiganicsystems/danmakudeath/firstaniv/f;	<init>	V	Ljakiganicsystems/danmakudeath/GameBase;
Ljakiganicsystems/danmakudeath/firstaniv/f;	a	V	
Ljakiganicsystems/danmakudeath/firstaniv/f;	a	V	I,I
Ljakiganicsystems/danmakudeath/firstaniv/f;	a	V	Ljakiganicsystems/danmakudeath/avatar/a;
Ljakiganicsystems/danmakudeath/firstaniv/f;	a	Z	[I,F,F
Ljakiganicsystems/danmakudeath/firstaniv/f;	d	V	
Ljakiganicsystems/danmakudeath/firstaniv/f;	e	V	
Ljakiganicsystems/danmakudeath/firstaniv/f;	h	V	
Ljakiganicsystems/danmakudeath/firstaniv/f;	i	V	
Ljakiganicsystems/danmakudeath/firstaniv/f;	j	Z	
Ljakiganicsystems/danmakudeath/firstaniv/f;	l	I	
Ljakiganicsystems/danmakudeath/firstaniv/f;	m	I	
Ljakiganicsystems/danmakudeath/firstaniv/f;	n	V	
Ljakiganicsystems/danmakudeath/firstaniv/f;	o	V	
Ljakiganicsystems/danmakudeath/firstaniv/f;	p	V	
Ljakiganicsystems/danmakudeath/firstaniv/f;	q	Z	
Ljakiganicsystems/danmakudeath/firstaniv/f;	r	Z	
Ljakiganicsystems/danmakudeath/firstaniv/g;	<init>	V	Ljakiganicsystems/danmakudeath/firstaniv/f;
Ljakiganicsystems/danmakudeath/firstaniv/g;	run	V	
Ljakiganicsystems/danmakudeath/firstaniv/h;	<init>	V	Ljakiganicsystems/danmakudeath/GameBase;
Ljakiganicsystems/danmakudeath/firstaniv/h;	a	V	
Ljakiganicsystems/danmakudeath/firstaniv/h;	a	V	I,I
Ljakiganicsystems/danmakudeath/firstaniv/h;	e	V	
Ljakiganicsystems/danmakudeath/firstaniv/h;	i	V	
Ljakiganicsystems/danmakudeath/firstaniv/h;	l	I	
Ljakiganicsystems/danmakudeath/firstaniv/h;	m	I	
Ljakiganicsystems/danmakudeath/firstaniv/h;	p	V	
Ljakiganicsystems/danmakudeath/firstaniv/h;	s	V	
Ljakiganicsystems/danmakudeath/firstaniv/i;	<init>	V	Ljakiganicsystems/danmakudeath/GameBase;
Ljakiganicsystems/danmakudeath/firstaniv/i;	i	V	
Ljakiganicsystems/danmakudeath/firstaniv/i;	q	Z	
Ljakiganicsystems/danmakudeath/firstaniv/i;	r	Z	
Ljakiganicsystems/danmakudeath/firstaniv/j;	<init>	V	Ljakiganicsystems/danmakudeath/GameBase;
Ljakiganicsystems/danmakudeath/firstaniv/j;	i	V	
Ljakiganicsystems/danmakudeath/firstaniv/j;	q	Z	
Ljakiganicsystems/danmakudeath/firstaniv/j;	r	Z	
Ljakiganicsystems/danmakudeath/firstaniv/k;	<init>	V	Ljakiganicsystems/danmakudeath/GameBase;
Ljakiganicsystems/danmakudeath/firstaniv/k;	i	V	
Ljakiganicsystems/danmakudeath/firstaniv/k;	q	Z	
Ljakiganicsystems/danmakudeath/firstaniv/k;	r	Z	
Ljakiganicsystems/danmakudeath/firstaniv/l$a;	<init>	V	I,Ljava/lang/String;
Ljakiganicsystems/danmakudeath/firstaniv/l;	a	Ljava/lang/String;	I
Ljakiganicsystems/danmakudeath/g/a;	<init>	V	
Ljakiganicsystems/danmakudeath/g/a;	getInterpolation	F	F
Ljakiganicsystems/danmakudeath/g;	<init>	V	
Ljakiganicsystems/danmakudeath/g;	run	V	
Ljakiganicsystems/danmakudeath/h/a;	<init>	V	
Ljakiganicsystems/danmakudeath/h/a;	a	V	
Ljakiganicsystems/danmakudeath/h/a;	a	V	Ljakiganicsystems/danmakudeath/an;,I,I,I
Ljakiganicsystems/danmakudeath/h/a;	b	V	
Ljakiganicsystems/danmakudeath/h/a;	c	Z	
Ljakiganicsystems/danmakudeath/h/b;	<init>	V	
Ljakiganicsystems/danmakudeath/h/b;	a	V	
Ljakiganicsystems/danmakudeath/h/b;	a	V	Ljakiganicsystems/danmakudeath/an;,F
Ljakiganicsystems/danmakudeath/h/b;	a	V	Ljakiganicsystems/danmakudeath/an;,F,F
Ljakiganicsystems/danmakudeath/h/c$a;	<clinit>	V	
Ljakiganicsystems/danmakudeath/h/c$a;	<init>	V	Ljava/lang/String;,I
Ljakiganicsystems/danmakudeath/h/c$a;	ordinal	I	
Ljakiganicsystems/danmakudeath/h/c$a;	valueOf	Ljakiganicsystems/danmakudeath/h/c$a;	Ljava/lang/String;
Ljakiganicsystems/danmakudeath/h/c$a;	values	[Ljakiganicsystems/danmakudeath/h/c$a;	
Ljakiganicsystems/danmakudeath/h/c;	<init>	V	
Ljakiganicsystems/danmakudeath/h/c;	a	V	
Ljakiganicsystems/danmakudeath/h/c;	a	V	Ljakiganicsystems/danmakudeath/an;,I,I,I,I,I,I,Ljakiganicsystems/danmakudeath/h/c$a;
Ljakiganicsystems/danmakudeath/h/c;	b	V	
Ljakiganicsystems/danmakudeath/h/c;	c	Z	
Ljakiganicsystems/danmakudeath/h/c;	d	[I	
Ljakiganicsystems/danmakudeath/h/d;	<init>	V	Landroid/view/animation/Interpolator;
Ljakiganicsystems/danmakudeath/h/d;	a	V	
Ljakiganicsystems/danmakudeath/h/d;	a	V	Ljakiganicsystems/danmakudeath/an;,I,I,I
Ljakiganicsystems/danmakudeath/h/d;	c	Z	
Ljakiganicsystems/danmakudeath/h/e;	<init>	V	
Ljakiganicsystems/danmakudeath/h/e;	a	V	
Ljakiganicsystems/danmakudeath/h/e;	a	V	Ljakiganicsystems/danmakudeath/an;,I,I,F
Ljakiganicsystems/danmakudeath/h/e;	a	V	Ljakiganicsystems/danmakudeath/an;,I,I,I
Ljakiganicsystems/danmakudeath/h/e;	c	Z	
Ljakiganicsystems/danmakudeath/h/f;	<init>	V	
Ljakiganicsystems/danmakudeath/h/f;	a	V	
Ljakiganicsystems/danmakudeath/h/f;	a	V	Ljakiganicsystems/danmakudeath/an;
Ljakiganicsystems/danmakudeath/h/f;	b	V	
Ljakiganicsystems/danmakudeath/h/f;	c	Z	
Ljakiganicsystems/danmakudeath/h;	<init>	V	
Ljakiganicsystems/danmakudeath/h;	run	V	
Ljakiganicsystems/danmakudeath/i/a;	<init>	V	
Ljakiganicsystems/danmakudeath/i/a;	<init>	V	[B
Ljakiganicsystems/danmakudeath/i/a;	a	I	
Ljakiganicsystems/danmakudeath/i/a;	a	V	I
Ljakiganicsystems/danmakudeath/i/a;	a	V	I,I,Z
Ljakiganicsystems/danmakudeath/i/a;	a	V	J
Ljakiganicsystems/danmakudeath/i/a;	b	I	
Ljakiganicsystems/danmakudeath/i/a;	c	I	
Ljakiganicsystems/danmakudeath/i/a;	d	I	
Ljakiganicsystems/danmakudeath/i/a;	e	Z	
Ljakiganicsystems/danmakudeath/i/a;	f	Z	
Ljakiganicsystems/danmakudeath/i/a;	g	Z	
Ljakiganicsystems/danmakudeath/i/a;	h	V	
Ljakiganicsystems/danmakudeath/i/a;	i	[B	
Ljakiganicsystems/danmakudeath/i/a;	j	J	
Ljakiganicsystems/danmakudeath/i/a;	k	I	
Ljakiganicsystems/danmakudeath/i/b;	<init>	V	I,I
Ljakiganicsystems/danmakudeath/i/b;	<init>	V	[B
Ljakiganicsystems/danmakudeath/i/b;	a	I	
Ljakiganicsystems/danmakudeath/i/b;	a	V	I
Ljakiganicsystems/danmakudeath/i/b;	b	I	
Ljakiganicsystems/danmakudeath/i/b;	c	I	
Ljakiganicsystems/danmakudeath/i/b;	d	I	
Ljakiganicsystems/danmakudeath/i/b;	j	J	
Ljakiganicsystems/danmakudeath/i/b;	k	I	
Ljakiganicsystems/danmakudeath/i/c;	a	Ljakiganicsystems/danmakudeath/i/a;	
Ljakiganicsystems/danmakudeath/i/c;	a	Ljakiganicsystems/danmakudeath/i/a;	[B
Ljakiganicsystems/danmakudeath/i;	<init>	V	
Ljakiganicsystems/danmakudeath/i;	run	V	
Ljakiganicsystems/danmakudeath/j$a;	<clinit>	V	
Ljakiganicsystems/danmakudeath/j$a;	<init>	V	Ljava/lang/String;,I
Ljakiganicsystems/danmakudeath/j$a;	ordinal	I	
Ljakiganicsystems/danmakudeath/j$a;	toString	Ljava/lang/String;	
Ljakiganicsystems/danmakudeath/j$a;	valueOf	Ljakiganicsystems/danmakudeath/j$a;	Ljava/lang/String;
Ljakiganicsystems/danmakudeath/j$a;	values	[Ljakiganicsystems/danmakudeath/j$a;	
Ljakiganicsystems/danmakudeath/j/a/a;	<init>	V	
Ljakiganicsystems/danmakudeath/j/a/a;	a	V	
Ljakiganicsystems/danmakudeath/j/a/a;	a	V	Ljakiganicsystems/danmakudeath/GameBase;
Ljakiganicsystems/danmakudeath/j/a/a;	a	V	Ljakiganicsystems/danmakudeath/GameBase;,I
Ljakiganicsystems/danmakudeath/j/a/b$a;	<clinit>	V	
Ljakiganicsystems/danmakudeath/j/a/b$a;	<init>	V	Ljava/lang/String;,I
Ljakiganicsystems/danmakudeath/j/a/b$a;	valueOf	Ljakiganicsystems/danmakudeath/j/a/b$a;	Ljava/lang/String;
Ljakiganicsystems/danmakudeath/j/a/b$a;	values	[Ljakiganicsystems/danmakudeath/j/a/b$a;	
Ljakiganicsystems/danmakudeath/j/a/b;	<init>	V	
Ljakiganicsystems/danmakudeath/j/a/b;	a	V	
Ljakiganicsystems/danmakudeath/j/a/b;	a	V	I,I,I,I,I,I,I,F,I
Ljakiganicsystems/danmakudeath/j/a/b;	a	V	Ljakiganicsystems/danmakudeath/GameBase;
Ljakiganicsystems/danmakudeath/j/a/b;	e	V	
Ljakiganicsystems/danmakudeath/j/a/b;	f	V	
Ljakiganicsystems/danmakudeath/j/a/b;	s	V	
Ljakiganicsystems/danmakudeath/j/a/b;	u	V	
Ljakiganicsystems/danmakudeath/j/a/c$a;	<clinit>	V	
Ljakiganicsystems/danmakudeath/j/a/c$a;	<init>	V	Ljava/lang/String;,I
Ljakiganicsystems/danmakudeath/j/a/c$a;	valueOf	Ljakiganicsystems/danmakudeath/j/a/c$a;	Ljava/lang/String;
Ljakiganicsystems/danmakudeath/j/a/c$a;	values	[Ljakiganicsystems/danmakudeath/j/a/c$a;	
Ljakiganicsystems/danmakudeath/j/a/c;	<clinit>	V	
Ljakiganicsystems/danmakudeath/j/a/c;	<init>	V	
Ljakiganicsystems/danmakudeath/j/a/c;	a	V	Ljakiganicsystems/danmakudeath/GameBase;
Ljakiganicsystems/danmakudeath/j/a/c;	d	V	
Ljakiganicsystems/danmakudeath/j/a/c;	e	V	
Ljakiganicsystems/danmakudeath/j/a/c;	f	V	
Ljakiganicsystems/danmakudeath/j/a/c;	s	V	
Ljakiganicsystems/danmakudeath/j/a/c;	u	V	
Ljakiganicsystems/danmakudeath/j/a;	<clinit>	V	
Ljakiganicsystems/danmakudeath/j/a;	<init>	V	
Ljakiganicsystems/danmakudeath/j/a;	a	V	
Ljakiganicsystems/danmakudeath/j/a;	a	V	F,F,F
Ljakiganicsystems/danmakudeath/j/a;	b	V	
Ljakiganicsystems/danmakudeath/j/b;	a	V	
Ljakiganicsystems/danmakudeath/j/b;	a	V	F,F,F
Ljakiganicsystems/danmakudeath/j/b;	b	V	
Ljakiganicsystems/danmakudeath/j/b;	c	V	
Ljakiganicsystems/danmakudeath/j/c;	<clinit>	V	
Ljakiganicsystems/danmakudeath/j/c;	<init>	V	Ljakiganicsystems/danmakudeath/GameBase;
Ljakiganicsystems/danmakudeath/j/c;	a	V	
Ljakiganicsystems/danmakudeath/j/c;	a	V	F
Ljakiganicsystems/danmakudeath/j/c;	a	V	I,I,I
Ljakiganicsystems/danmakudeath/j/c;	a	V	Ljakiganicsystems/danmakudeath/GameBase;
Ljakiganicsystems/danmakudeath/j/c;	a	V	Ljakiganicsystems/danmakudeath/avatar/a;
Ljakiganicsystems/danmakudeath/j/c;	a	V	Ljavax/microedition/khronos/opengles/GL10;
Ljakiganicsystems/danmakudeath/j/c;	b	V	
Ljakiganicsystems/danmakudeath/j/c;	b	V	I,I,I
Ljakiganicsystems/danmakudeath/j/c;	b	V	Ljakiganicsystems/danmakudeath/GameBase;
Ljakiganicsystems/danmakudeath/j/c;	c	V	
Ljakiganicsystems/danmakudeath/j/c;	d	V	
Ljakiganicsystems/danmakudeath/j/c;	e	V	
Ljakiganicsystems/danmakudeath/j/c;	f	V	
Ljakiganicsystems/danmakudeath/j/c;	g	V	
Ljakiganicsystems/danmakudeath/j/c;	h	V	
Ljakiganicsystems/danmakudeath/j/c;	i	V	
Ljakiganicsystems/danmakudeath/j/c;	j	Z	
Ljakiganicsystems/danmakudeath/j/c;	k	V	
Ljakiganicsystems/danmakudeath/j/c;	l	I	
Ljakiganicsystems/danmakudeath/j/c;	m	I	
Ljakiganicsystems/danmakudeath/j/d;	<init>	V	Ljakiganicsystems/danmakudeath/GameBase;
Ljakiganicsystems/danmakudeath/j/d;	a	V	
Ljakiganicsystems/danmakudeath/j/d;	a	V	Ljakiganicsystems/danmakudeath/avatar/a;
Ljakiganicsystems/danmakudeath/j/d;	d	V	
Ljakiganicsystems/danmakudeath/j/d;	e	V	
Ljakiganicsystems/danmakudeath/j/d;	i	V	
Ljakiganicsystems/danmakudeath/j/d;	j	Z	
Ljakiganicsystems/danmakudeath/j/d;	l	I	
Ljakiganicsystems/danmakudeath/j/d;	m	I	
Ljakiganicsystems/danmakudeath/j/e;	<init>	V	Ljakiganicsystems/danmakudeath/j/d;
Ljakiganicsystems/danmakudeath/j/e;	run	V	
Ljakiganicsystems/danmakudeath/j/f$a;	<init>	V	Ljava/lang/Class;
Ljakiganicsystems/danmakudeath/j/f;	<clinit>	V	
Ljakiganicsystems/danmakudeath/j/f;	a	Ljakiganicsystems/danmakudeath/b/a;	Ljakiganicsystems/danmakudeath/GameBase;
Ljakiganicsystems/danmakudeath/j/f;	a	Ljava/lang/String;	I
Ljakiganicsystems/danmakudeath/j/f;	a	V	Ljava/lang/Class;
Ljakiganicsystems/danmakudeath/j;	<clinit>	V	
Ljakiganicsystems/danmakudeath/j;	<init>	V	
Ljakiganicsystems/danmakudeath/j;	a	V	
Ljakiganicsystems/danmakudeath/j;	a	V	F,F,Z,I,I,I
Ljakiganicsystems/danmakudeath/j;	a	V	I
Ljakiganicsystems/danmakudeath/j;	a	Z	I,I
Ljakiganicsystems/danmakudeath/j;	b	V	
Ljakiganicsystems/danmakudeath/j;	c	[I	
Ljakiganicsystems/danmakudeath/k/a;	a	Landroid/view/View;	Landroid/app/Activity;
Ljakiganicsystems/danmakudeath/k/a;	a	V	Landroid/view/View;
Ljakiganicsystems/danmakudeath/k/a;	b	V	Landroid/view/View;
Ljakiganicsystems/danmakudeath/k/a;	c	V	Landroid/view/View;
Ljakiganicsystems/danmakudeath/k;	a	Ljakiganicsystems/danmakudeath/j;	F,F,Z,I,I,I
Ljakiganicsystems/danmakudeath/k;	a	V	
Ljakiganicsystems/danmakudeath/k;	a	Z	I,I
Ljakiganicsystems/danmakudeath/k;	b	V	
Ljakiganicsystems/danmakudeath/k;	c	V	
Ljakiganicsystems/danmakudeath/l;	<init>	V	
Ljakiganicsystems/danmakudeath/l;	a	[I	
Ljakiganicsystems/danmakudeath/m;	a	Ljakiganicsystems/danmakudeath/l;	F,F,I,F,F,I
Ljakiganicsystems/danmakudeath/m;	a	V	
Ljakiganicsystems/danmakudeath/m;	a	Z	I,I
Ljakiganicsystems/danmakudeath/m;	b	V	
Ljakiganicsystems/danmakudeath/m;	c	V	
Ljakiganicsystems/danmakudeath/m;	d	V	
Ljakiganicsystems/danmakudeath/menu/AvatarSelectActivity$a;	<init>	V	Ljakiganicsystems/danmakudeath/menu/AvatarSelectActivity;,Landroid/content/Context;,Ljava/util/List;
Ljakiganicsystems/danmakudeath/menu/AvatarSelectActivity$a;	getContext	Landroid/content/Context;	
Ljakiganicsystems/danmakudeath/menu/AvatarSelectActivity$a;	getView	Landroid/view/View;	I,Landroid/view/View;,Landroid/view/ViewGroup;
Ljakiganicsystems/danmakudeath/menu/AvatarSelectActivity$b;	<init>	V	
Ljakiganicsystems/danmakudeath/menu/AvatarSelectActivity;	<init>	V	
Ljakiganicsystems/danmakudeath/menu/AvatarSelectActivity;	findViewById	Landroid/view/View;	I
Ljakiganicsystems/danmakudeath/menu/AvatarSelectActivity;	finish	V	
Ljakiganicsystems/danmakudeath/menu/AvatarSelectActivity;	getAssets	Landroid/content/res/AssetManager;	
Ljakiganicsystems/danmakudeath/menu/AvatarSelectActivity;	onCreate	V	Landroid/os/Bundle;
Ljakiganicsystems/danmakudeath/menu/AvatarSelectActivity;	onDestroy	V	
Ljakiganicsystems/danmakudeath/menu/AvatarSelectActivity;	onPause	V	
Ljakiganicsystems/danmakudeath/menu/AvatarSelectActivity;	onResume	V	
Ljakiganicsystems/danmakudeath/menu/AvatarSelectActivity;	setContentView	V	I
Ljakiganicsystems/danmakudeath/menu/AvatarSizeDialogActivity;	<init>	V	
Ljakiganicsystems/danmakudeath/menu/AvatarSizeDialogActivity;	a	V	
Ljakiganicsystems/danmakudeath/menu/AvatarSizeDialogActivity;	a	V	Ljakiganicsystems/danmakudeath/menu/AvatarSizeDialogActivity;
Ljakiganicsystems/danmakudeath/menu/AvatarSizeDialogActivity;	a	V	Ljakiganicsystems/danmakudeath/menu/AvatarSizeDialogActivity;,I
Ljakiganicsystems/danmakudeath/menu/AvatarSizeDialogActivity;	finish	V	
Ljakiganicsystems/danmakudeath/menu/AvatarSizeDialogActivity;	getLayoutInflater	Landroid/view/LayoutInflater;	
Ljakiganicsystems/danmakudeath/menu/AvatarSizeDialogActivity;	getResources	Landroid/content/res/Resources;	
Ljakiganicsystems/danmakudeath/menu/AvatarSizeDialogActivity;	onCreate	V	Landroid/os/Bundle;
Ljakiganicsystems/danmakudeath/menu/AvatarSizeDialogActivity;	onPause	V	
Ljakiganicsystems/danmakudeath/menu/AvatarSizeDialogActivity;	onResume	V	
Ljakiganicsystems/danmakudeath/menu/DanmakuPreferenceActivity;	<init>	V	
Ljakiganicsystems/danmakudeath/menu/DanmakuPreferenceActivity;	addPreferencesFromResource	V	I
Ljakiganicsystems/danmakudeath/menu/DanmakuPreferenceActivity;	getPreferenceScreen	Landroid/preference/PreferenceScreen;	
Ljakiganicsystems/danmakudeath/menu/DanmakuPreferenceActivity;	onCreate	V	Landroid/os/Bundle;
Ljakiganicsystems/danmakudeath/menu/DanmakuPreferenceActivity;	onPause	V	
Ljakiganicsystems/danmakudeath/menu/DanmakuPreferenceActivity;	onResume	V	
Ljakiganicsystems/danmakudeath/menu/DanmakuPreferenceActivity;	startActivity	V	Landroid/content/Intent;
Ljakiganicsystems/danmakudeath/menu/ExtraActivity;	<init>	V	
Ljakiganicsystems/danmakudeath/menu/ExtraActivity;	findViewById	Landroid/view/View;	I
Ljakiganicsystems/danmakudeath/menu/ExtraActivity;	getApplicationContext	Landroid/content/Context;	
Ljakiganicsystems/danmakudeath/menu/ExtraActivity;	getAssets	Landroid/content/res/AssetManager;	
Ljakiganicsystems/danmakudeath/menu/ExtraActivity;	onCreate	V	Landroid/os/Bundle;
Ljakiganicsystems/danmakudeath/menu/ExtraActivity;	onPause	V	
Ljakiganicsystems/danmakudeath/menu/ExtraActivity;	onResume	V	
Ljakiganicsystems/danmakudeath/menu/ExtraActivity;	setContentView	V	I
Ljakiganicsystems/danmakudeath/menu/ExtraActivity;	startActivity	V	Landroid/content/Intent;
Ljakiganicsystems/danmakudeath/menu/InformationActivity$a;	<init>	V	Landroid/content/Context;,Ljava/util/List;
Ljakiganicsystems/danmakudeath/menu/InformationActivity$a;	getView	Landroid/view/View;	I,Landroid/view/View;,Landroid/view/ViewGroup;
Ljakiganicsystems/danmakudeath/menu/InformationActivity$b;	<init>	V	
Ljakiganicsystems/danmakudeath/menu/InformationActivity;	<init>	V	
Ljakiganicsystems/danmakudeath/menu/InformationActivity;	findViewById	Landroid/view/View;	I
Ljakiganicsystems/danmakudeath/menu/InformationActivity;	getAssets	Landroid/content/res/AssetManager;	
Ljakiganicsystems/danmakudeath/menu/InformationActivity;	onCreate	V	Landroid/os/Bundle;
Ljakiganicsystems/danmakudeath/menu/InformationActivity;	onPause	V	
Ljakiganicsystems/danmakudeath/menu/InformationActivity;	onResume	V	
Ljakiganicsystems/danmakudeath/menu/InformationActivity;	setContentView	V	I
Ljakiganicsystems/danmakudeath/menu/InputNameActivity;	<init>	V	
Ljakiganicsystems/danmakudeath/menu/InputNameActivity;	finish	V	
Ljakiganicsystems/danmakudeath/menu/InputNameActivity;	getLayoutInflater	Landroid/view/LayoutInflater;	
Ljakiganicsystems/danmakudeath/menu/InputNameActivity;	getResources	Landroid/content/res/Resources;	
Ljakiganicsystems/danmakudeath/menu/InputNameActivity;	onCreate	V	Landroid/os/Bundle;
Ljakiganicsystems/danmakudeath/menu/LeaderbordActivity$a;	<init>	V	Ljakiganicsystems/danmakudeath/menu/LeaderbordActivity;,Landroid/content/Context;,Ljava/util/List;
Ljakiganicsystems/danmakudeath/menu/LeaderbordActivity$a;	a	Ljakiganicsystems/danmakudeath/menu/LeaderbordActivity;	Ljakiganicsystems/danmakudeath/menu/LeaderbordActivity$a;
Ljakiganicsystems/danmakudeath/menu/LeaderbordActivity$a;	getContext	Landroid/content/Context;	
Ljakiganicsystems/danmakudeath/menu/LeaderbordActivity$a;	getView	Landroid/view/View;	I,Landroid/view/View;,Landroid/view/ViewGroup;
Ljakiganicsystems/danmakudeath/menu/LeaderbordActivity$b;	<init>	V	
Ljakiganicsystems/danmakudeath/menu/LeaderbordActivity$b;	<init>	V	B
Ljakiganicsystems/danmakudeath/menu/LeaderbordActivity;	<clinit>	V	
Ljakiganicsystems/danmakudeath/menu/LeaderbordActivity;	<init>	V	
Ljakiganicsystems/danmakudeath/menu/LeaderbordActivity;	a	I	
Ljakiganicsystems/danmakudeath/menu/LeaderbordActivity;	a	Ljakiganicsystems/danmakudeath/db/a;	Ljakiganicsystems/danmakudeath/menu/LeaderbordActivity;
Ljakiganicsystems/danmakudeath/menu/LeaderbordActivity;	a	V	I
Ljakiganicsystems/danmakudeath/menu/LeaderbordActivity;	a	V	Ljakiganicsystems/danmakudeath/menu/LeaderbordActivity;,I
Ljakiganicsystems/danmakudeath/menu/LeaderbordActivity;	a	V	Ljakiganicsystems/danmakudeath/menu/LeaderbordActivity;,Ljakiganicsystems/danmaku/common/LeaderbordData;
Ljakiganicsystems/danmakudeath/menu/LeaderbordActivity;	b	I	Ljakiganicsystems/danmakudeath/menu/LeaderbordActivity;
Ljakiganicsystems/danmakudeath/menu/LeaderbordActivity;	b	Ljava/lang/String;	I
Ljakiganicsystems/danmakudeath/menu/LeaderbordActivity;	b	V	
Ljakiganicsystems/danmakudeath/menu/LeaderbordActivity;	b	V	Ljakiganicsystems/danmakudeath/menu/LeaderbordActivity;,Ljakiganicsystems/danmaku/common/LeaderbordData;
Ljakiganicsystems/danmakudeath/menu/LeaderbordActivity;	c	V	
Ljakiganicsystems/danmakudeath/menu/LeaderbordActivity;	c	V	I
Ljakiganicsystems/danmakudeath/menu/LeaderbordActivity;	c	Z	Ljakiganicsystems/danmakudeath/menu/LeaderbordActivity;
Ljakiganicsystems/danmakudeath/menu/LeaderbordActivity;	d	V	Ljakiganicsystems/danmakudeath/menu/LeaderbordActivity;
Ljakiganicsystems/danmakudeath/menu/LeaderbordActivity;	e	V	Ljakiganicsystems/danmakudeath/menu/LeaderbordActivity;
Ljakiganicsystems/danmakudeath/menu/LeaderbordActivity;	f	V	Ljakiganicsystems/danmakudeath/menu/LeaderbordActivity;
Ljakiganicsystems/danmakudeath/menu/LeaderbordActivity;	findViewById	Landroid/view/View;	I
Ljakiganicsystems/danmakudeath/menu/LeaderbordActivity;	finish	V	
Ljakiganicsystems/danmakudeath/menu/LeaderbordActivity;	getAssets	Landroid/content/res/AssetManager;	
Ljakiganicsystems/danmakudeath/menu/LeaderbordActivity;	getIntent	Landroid/content/Intent;	
Ljakiganicsystems/danmakudeath/menu/LeaderbordActivity;	getResources	Landroid/content/res/Resources;	
Ljakiganicsystems/danmakudeath/menu/LeaderbordActivity;	onActivityResult	V	I,I,Landroid/content/Intent;
Ljakiganicsystems/danmakudeath/menu/LeaderbordActivity;	onCreate	V	Landroid/os/Bundle;
Ljakiganicsystems/danmakudeath/menu/LeaderbordActivity;	onDestroy	V	
Ljakiganicsystems/danmakudeath/menu/LeaderbordActivity;	onPause	V	
Ljakiganicsystems/danmakudeath/menu/LeaderbordActivity;	onResume	V	
Ljakiganicsystems/danmakudeath/menu/LeaderbordActivity;	setContentView	V	I
Ljakiganicsystems/danmakudeath/menu/LeaderbordActivity;	startActivity	V	Landroid/content/Intent;
Ljakiganicsystems/danmakudeath/menu/LeaderbordActivity;	startActivityForResult	V	Landroid/content/Intent;,I
Ljakiganicsystems/danmakudeath/menu/ReportActivity;	<init>	V	
Ljakiganicsystems/danmakudeath/menu/ReportActivity;	a	Landroid/widget/EditText;	Ljakiganicsystems/danmakudeath/menu/ReportActivity;
Ljakiganicsystems/danmakudeath/menu/ReportActivity;	b	Landroid/widget/Button;	Ljakiganicsystems/danmakudeath/menu/ReportActivity;
Ljakiganicsystems/danmakudeath/menu/ReportActivity;	findViewById	Landroid/view/View;	I
Ljakiganicsystems/danmakudeath/menu/ReportActivity;	finish	V	
Ljakiganicsystems/danmakudeath/menu/ReportActivity;	getPackageManager	Landroid/content/pm/PackageManager;	
Ljakiganicsystems/danmakudeath/menu/ReportActivity;	getPackageName	Ljava/lang/String;	
Ljakiganicsystems/danmakudeath/menu/ReportActivity;	getResources	Landroid/content/res/Resources;	
Ljakiganicsystems/danmakudeath/menu/ReportActivity;	onCreate	V	Landroid/os/Bundle;
Ljakiganicsystems/danmakudeath/menu/ReportActivity;	onPause	V	
Ljakiganicsystems/danmakudeath/menu/ReportActivity;	onResume	V	
Ljakiganicsystems/danmakudeath/menu/ReportActivity;	setContentView	V	I
Ljakiganicsystems/danmakudeath/menu/SeekbarDialogActivity;	<init>	V	
Ljakiganicsystems/danmakudeath/menu/SeekbarDialogActivity;	a	V	
Ljakiganicsystems/danmakudeath/menu/SeekbarDialogActivity;	a	V	Ljakiganicsystems/danmakudeath/menu/SeekbarDialogActivity;
Ljakiganicsystems/danmakudeath/menu/SeekbarDialogActivity;	a	V	Ljakiganicsystems/danmakudeath/menu/SeekbarDialogActivity;,I
Ljakiganicsystems/danmakudeath/menu/SeekbarDialogActivity;	finish	V	
Ljakiganicsystems/danmakudeath/menu/SeekbarDialogActivity;	getIntent	Landroid/content/Intent;	
Ljakiganicsystems/danmakudeath/menu/SeekbarDialogActivity;	getLayoutInflater	Landroid/view/LayoutInflater;	
Ljakiganicsystems/danmakudeath/menu/SeekbarDialogActivity;	getResources	Landroid/content/res/Resources;	
Ljakiganicsystems/danmakudeath/menu/SeekbarDialogActivity;	onCreate	V	Landroid/os/Bundle;
Ljakiganicsystems/danmakudeath/menu/SeekbarDialogActivity;	onPause	V	
Ljakiganicsystems/danmakudeath/menu/SeekbarDialogActivity;	onResume	V	
Ljakiganicsystems/danmakudeath/menu/SensitivityDialogActivity;	<init>	V	
Ljakiganicsystems/danmakudeath/menu/SensitivityDialogActivity;	a	V	
Ljakiganicsystems/danmakudeath/menu/SensitivityDialogActivity;	a	V	Ljakiganicsystems/danmakudeath/menu/SensitivityDialogActivity;
Ljakiganicsystems/danmakudeath/menu/SensitivityDialogActivity;	a	V	Ljakiganicsystems/danmakudeath/menu/SensitivityDialogActivity;,I
Ljakiganicsystems/danmakudeath/menu/SensitivityDialogActivity;	finish	V	
Ljakiganicsystems/danmakudeath/menu/SensitivityDialogActivity;	getLayoutInflater	Landroid/view/LayoutInflater;	
Ljakiganicsystems/danmakudeath/menu/SensitivityDialogActivity;	getResources	Landroid/content/res/Resources;	
Ljakiganicsystems/danmakudeath/menu/SensitivityDialogActivity;	onCreate	V	Landroid/os/Bundle;
Ljakiganicsystems/danmakudeath/menu/SensitivityDialogActivity;	onPause	V	
Ljakiganicsystems/danmakudeath/menu/SensitivityDialogActivity;	onResume	V	
Ljakiganicsystems/danmakudeath/menu/SplashActivity;	<init>	V	
Ljakiganicsystems/danmakudeath/menu/SplashActivity;	a	I	Ljakiganicsystems/danmakudeath/db/Informations;
Ljakiganicsystems/danmakudeath/menu/SplashActivity;	findViewById	Landroid/view/View;	I
Ljakiganicsystems/danmakudeath/menu/SplashActivity;	finish	V	
Ljakiganicsystems/danmakudeath/menu/SplashActivity;	getApplicationContext	Landroid/content/Context;	
Ljakiganicsystems/danmakudeath/menu/SplashActivity;	getAssets	Landroid/content/res/AssetManager;	
Ljakiganicsystems/danmakudeath/menu/SplashActivity;	onCreate	V	Landroid/os/Bundle;
Ljakiganicsystems/danmakudeath/menu/SplashActivity;	onPause	V	
Ljakiganicsystems/danmakudeath/menu/SplashActivity;	overridePendingTransition	V	I,I
Ljakiganicsystems/danmakudeath/menu/SplashActivity;	setContentView	V	I
Ljakiganicsystems/danmakudeath/menu/SplashActivity;	startActivity	V	Landroid/content/Intent;
Ljakiganicsystems/danmakudeath/menu/StageDetailActivity;	<init>	V	
Ljakiganicsystems/danmakudeath/menu/StageDetailActivity;	a	I	Ljakiganicsystems/danmakudeath/menu/StageDetailActivity;
Ljakiganicsystems/danmakudeath/menu/StageDetailActivity;	a	V	
Ljakiganicsystems/danmakudeath/menu/StageDetailActivity;	b	Landroid/view/View;	Ljakiganicsystems/danmakudeath/menu/StageDetailActivity;
Ljakiganicsystems/danmakudeath/menu/StageDetailActivity;	b	V	
Ljakiganicsystems/danmakudeath/menu/StageDetailActivity;	c	[B	Ljakiganicsystems/danmakudeath/menu/StageDetailActivity;
Ljakiganicsystems/danmakudeath/menu/StageDetailActivity;	d	V	Ljakiganicsystems/danmakudeath/menu/StageDetailActivity;
Ljakiganicsystems/danmakudeath/menu/StageDetailActivity;	findViewById	Landroid/view/View;	I
Ljakiganicsystems/danmakudeath/menu/StageDetailActivity;	getAssets	Landroid/content/res/AssetManager;	
Ljakiganicsystems/danmakudeath/menu/StageDetailActivity;	getIntent	Landroid/content/Intent;	
Ljakiganicsystems/danmakudeath/menu/StageDetailActivity;	getResources	Landroid/content/res/Resources;	
Ljakiganicsystems/danmakudeath/menu/StageDetailActivity;	onCreate	V	Landroid/os/Bundle;
Ljakiganicsystems/danmakudeath/menu/StageDetailActivity;	onCreateOptionsMenu	Z	Landroid/view/Menu;
Ljakiganicsystems/danmakudeath/menu/StageDetailActivity;	onDestroy	V	
Ljakiganicsystems/danmakudeath/menu/StageDetailActivity;	onOptionsItemSelected	Z	Landroid/view/MenuItem;
Ljakiganicsystems/danmakudeath/menu/StageDetailActivity;	onPause	V	
Ljakiganicsystems/danmakudeath/menu/StageDetailActivity;	onResume	V	
Ljakiganicsystems/danmakudeath/menu/StageDetailActivity;	setContentView	V	I
Ljakiganicsystems/danmakudeath/menu/StageDetailActivity;	startActivity	V	Landroid/content/Intent;
Ljakiganicsystems/danmakudeath/menu/StageSelectActivity$a;	<init>	V	Ljakiganicsystems/danmakudeath/menu/StageSelectActivity;,Landroid/content/Context;,Ljava/util/List;
Ljakiganicsystems/danmakudeath/menu/StageSelectActivity$a;	getContext	Landroid/content/Context;	
Ljakiganicsystems/danmakudeath/menu/StageSelectActivity$a;	getView	Landroid/view/View;	I,Landroid/view/View;,Landroid/view/ViewGroup;
Ljakiganicsystems/danmakudeath/menu/StageSelectActivity$b;	<init>	V	Ljakiganicsystems/danmakudeath/menu/StageSelectActivity;,I,I
Ljakiganicsystems/danmakudeath/menu/StageSelectActivity$c;	<init>	V	
Ljakiganicsystems/danmakudeath/menu/StageSelectActivity;	<init>	V	
Ljakiganicsystems/danmakudeath/menu/StageSelectActivity;	a	V	
Ljakiganicsystems/danmakudeath/menu/StageSelectActivity;	a	V	Ljakiganicsystems/danmakudeath/menu/StageSelectActivity;
Ljakiganicsystems/danmakudeath/menu/StageSelectActivity;	a	Z	I
Ljakiganicsystems/danmakudeath/menu/StageSelectActivity;	b	V	
Ljakiganicsystems/danmakudeath/menu/StageSelectActivity;	b	V	Ljakiganicsystems/danmakudeath/menu/StageSelectActivity;
Ljakiganicsystems/danmakudeath/menu/StageSelectActivity;	c	I	Ljakiganicsystems/danmakudeath/menu/StageSelectActivity;
Ljakiganicsystems/danmakudeath/menu/StageSelectActivity;	d	Landroid/os/Handler;	Ljakiganicsystems/danmakudeath/menu/StageSelectActivity;
Ljakiganicsystems/danmakudeath/menu/StageSelectActivity;	dispatchTouchEvent	Z	Landroid/view/MotionEvent;
Ljakiganicsystems/danmakudeath/menu/StageSelectActivity;	findViewById	Landroid/view/View;	I
Ljakiganicsystems/danmakudeath/menu/StageSelectActivity;	finish	V	
Ljakiganicsystems/danmakudeath/menu/StageSelectActivity;	getAssets	Landroid/content/res/AssetManager;	
Ljakiganicsystems/danmakudeath/menu/StageSelectActivity;	getLayoutInflater	Landroid/view/LayoutInflater;	
Ljakiganicsystems/danmakudeath/menu/StageSelectActivity;	getResources	Landroid/content/res/Resources;	
Ljakiganicsystems/danmakudeath/menu/StageSelectActivity;	onCreate	V	Landroid/os/Bundle;
Ljakiganicsystems/danmakudeath/menu/StageSelectActivity;	onDestroy	V	
Ljakiganicsystems/danmakudeath/menu/StageSelectActivity;	onPause	V	
Ljakiganicsystems/danmakudeath/menu/StageSelectActivity;	onResume	V	
Ljakiganicsystems/danmakudeath/menu/StageSelectActivity;	setContentView	V	I
Ljakiganicsystems/danmakudeath/menu/StageSelectActivity;	startActivity	V	Landroid/content/Intent;
Ljakiganicsystems/danmakudeath/menu/StageTestActivity;	<init>	V	
Ljakiganicsystems/danmakudeath/menu/StageTestActivity;	a	I	Ljakiganicsystems/danmakudeath/menu/StageTestActivity;
Ljakiganicsystems/danmakudeath/menu/StageTestActivity;	a	V	
Ljakiganicsystems/danmakudeath/menu/StageTestActivity;	findViewById	Landroid/view/View;	I
Ljakiganicsystems/danmakudeath/menu/StageTestActivity;	getIntent	Landroid/content/Intent;	
Ljakiganicsystems/danmakudeath/menu/StageTestActivity;	onCreate	V	Landroid/os/Bundle;
Ljakiganicsystems/danmakudeath/menu/StageTestActivity;	setContentView	V	I
Ljakiganicsystems/danmakudeath/menu/TitleActivity;	<init>	V	
Ljakiganicsystems/danmakudeath/menu/TitleActivity;	a	Z	Landroid/content/Context;
Ljakiganicsystems/danmakudeath/menu/TitleActivity;	findViewById	Landroid/view/View;	I
Ljakiganicsystems/danmakudeath/menu/TitleActivity;	getApplicationContext	Landroid/content/Context;	
Ljakiganicsystems/danmakudeath/menu/TitleActivity;	getAssets	Landroid/content/res/AssetManager;	
Ljakiganicsystems/danmakudeath/menu/TitleActivity;	getPackageManager	Landroid/content/pm/PackageManager;	
Ljakiganicsystems/danmakudeath/menu/TitleActivity;	getPackageName	Ljava/lang/String;	
Ljakiganicsystems/danmakudeath/menu/TitleActivity;	getResources	Landroid/content/res/Resources;	
Ljakiganicsystems/danmakudeath/menu/TitleActivity;	getString	Ljava/lang/String;	I
Ljakiganicsystems/danmakudeath/menu/TitleActivity;	onCreate	V	Landroid/os/Bundle;
Ljakiganicsystems/danmakudeath/menu/TitleActivity;	onKeyUp	Z	I,Landroid/view/KeyEvent;
Ljakiganicsystems/danmakudeath/menu/TitleActivity;	onPause	V	
Ljakiganicsystems/danmakudeath/menu/TitleActivity;	onResume	V	
Ljakiganicsystems/danmakudeath/menu/TitleActivity;	setContentView	V	I
Ljakiganicsystems/danmakudeath/menu/TitleActivity;	startActivity	V	Landroid/content/Intent;
Ljakiganicsystems/danmakudeath/menu/a;	<init>	V	Ljakiganicsystems/danmakudeath/menu/AvatarSelectActivity;
Ljakiganicsystems/danmakudeath/menu/a;	onItemClick	V	Landroid/widget/AdapterView;,Landroid/view/View;,I,J
Ljakiganicsystems/danmakudeath/menu/aa;	<init>	V	Ljakiganicsystems/danmakudeath/menu/y;
Ljakiganicsystems/danmakudeath/menu/aa;	run	V	
Ljakiganicsystems/danmakudeath/menu/ab;	<init>	V	Ljakiganicsystems/danmakudeath/menu/y;
Ljakiganicsystems/danmakudeath/menu/ab;	run	V	
Ljakiganicsystems/danmakudeath/menu/ac;	<init>	V	Ljakiganicsystems/danmakudeath/menu/LeaderbordActivity;
Ljakiganicsystems/danmakudeath/menu/ac;	onCancel	V	Landroid/content/DialogInterface;
Ljakiganicsystems/danmakudeath/menu/ad;	<init>	V	Ljakiganicsystems/danmakudeath/menu/LeaderbordActivity;
Ljakiganicsystems/danmakudeath/menu/ad;	onClick	V	Landroid/content/DialogInterface;,I
Ljakiganicsystems/danmakudeath/menu/ae;	<init>	V	Ljakiganicsystems/danmakudeath/menu/LeaderbordActivity;
Ljakiganicsystems/danmakudeath/menu/ae;	onClick	V	Landroid/content/DialogInterface;,I
Ljakiganicsystems/danmakudeath/menu/af;	<init>	V	Ljakiganicsystems/danmakudeath/menu/LeaderbordActivity;
Ljakiganicsystems/danmakudeath/menu/af;	onCancel	V	Landroid/content/DialogInterface;
Ljakiganicsystems/danmakudeath/menu/ag;	<init>	V	Ljakiganicsystems/danmakudeath/menu/LeaderbordActivity;
Ljakiganicsystems/danmakudeath/menu/ag;	afterTextChanged	V	Landroid/text/Editable;
Ljakiganicsystems/danmakudeath/menu/ag;	beforeTextChanged	V	Ljava/lang/CharSequence;,I,I,I
Ljakiganicsystems/danmakudeath/menu/ag;	onTextChanged	V	Ljava/lang/CharSequence;,I,I,I
Ljakiganicsystems/danmakudeath/menu/ah;	<init>	V	Ljakiganicsystems/danmakudeath/menu/LeaderbordActivity;
Ljakiganicsystems/danmakudeath/menu/ah;	onClick	V	Landroid/content/DialogInterface;,I
Ljakiganicsystems/danmakudeath/menu/ai;	<init>	V	Ljakiganicsystems/danmakudeath/menu/LeaderbordActivity$a;,Ljakiganicsystems/danmakudeath/menu/LeaderbordActivity$b;
Ljakiganicsystems/danmakudeath/menu/ai;	onClick	V	Landroid/view/View;
Ljakiganicsystems/danmakudeath/menu/aj;	<init>	V	Ljakiganicsystems/danmakudeath/menu/ReportActivity;
Ljakiganicsystems/danmakudeath/menu/aj;	afterTextChanged	V	Landroid/text/Editable;
Ljakiganicsystems/danmakudeath/menu/aj;	beforeTextChanged	V	Ljava/lang/CharSequence;,I,I,I
Ljakiganicsystems/danmakudeath/menu/aj;	onTextChanged	V	Ljava/lang/CharSequence;,I,I,I
Ljakiganicsystems/danmakudeath/menu/ak;	<init>	V	Ljakiganicsystems/danmakudeath/menu/ReportActivity;
Ljakiganicsystems/danmakudeath/menu/ak;	onClick	V	Landroid/view/View;
Ljakiganicsystems/danmakudeath/menu/al;	<init>	V	Ljakiganicsystems/danmakudeath/menu/ReportActivity;
Ljakiganicsystems/danmakudeath/menu/al;	a	V	Z
Ljakiganicsystems/danmakudeath/menu/am;	<init>	V	Ljakiganicsystems/danmakudeath/menu/al;
Ljakiganicsystems/danmakudeath/menu/am;	onClick	V	Landroid/content/DialogInterface;,I
Ljakiganicsystems/danmakudeath/menu/an$a;	a	V	
Ljakiganicsystems/danmakudeath/menu/an$a;	b	V	
Ljakiganicsystems/danmakudeath/menu/an;	<clinit>	V	
Ljakiganicsystems/danmakudeath/menu/an;	<init>	V	Landroid/content/Context;,Ljakiganicsystems/danmakudeath/menu/an$a;
Ljakiganicsystems/danmakudeath/menu/an;	a	Ljava/util/List;	
Ljakiganicsystems/danmakudeath/menu/an;	a	Z	I
Ljakiganicsystems/danmakudeath/menu/an;	a	Z	Landroid/content/Context;
Ljakiganicsystems/danmakudeath/menu/an;	b	Z	
Ljakiganicsystems/danmakudeath/menu/an;	doInBackground	Ljava/lang/Object;	[Ljava/lang/Object;
Ljakiganicsystems/danmakudeath/menu/an;	execute	Landroid/os/AsyncTask;	[Ljava/lang/Object;
Ljakiganicsystems/danmakudeath/menu/an;	onPostExecute	V	Ljava/lang/Object;
Ljakiganicsystems/danmakudeath/menu/an;	onProgressUpdate	V	[Ljava/lang/Object;
Ljakiganicsystems/danmakudeath/menu/an;	publishProgress	V	[Ljava/lang/Object;
Ljakiganicsystems/danmakudeath/menu/ao;	<init>	V	Ljakiganicsystems/danmakudeath/menu/SeekbarDialogActivity;
Ljakiganicsystems/danmakudeath/menu/ao;	onProgressChanged	V	Landroid/widget/SeekBar;,I,Z
Ljakiganicsystems/danmakudeath/menu/ao;	onStartTrackingTouch	V	Landroid/widget/SeekBar;
Ljakiganicsystems/danmakudeath/menu/ao;	onStopTrackingTouch	V	Landroid/widget/SeekBar;
Ljakiganicsystems/danmakudeath/menu/ap;	<init>	V	Ljakiganicsystems/danmakudeath/menu/SeekbarDialogActivity;
Ljakiganicsystems/danmakudeath/menu/ap;	onClick	V	Landroid/content/DialogInterface;,I
Ljakiganicsystems/danmakudeath/menu/aq;	<init>	V	Ljakiganicsystems/danmakudeath/menu/SeekbarDialogActivity;
Ljakiganicsystems/danmakudeath/menu/aq;	onDismiss	V	Landroid/content/DialogInterface;
Ljakiganicsystems/danmakudeath/menu/ar$a;	a	V	Z
Ljakiganicsystems/danmakudeath/menu/ar;	<init>	V	Ljakiganicsystems/danmakudeath/menu/ReportActivity;,Ljakiganicsystems/danmakudeath/menu/ar$a;
Ljakiganicsystems/danmakudeath/menu/ar;	a	Ljava/lang/Boolean;	
Ljakiganicsystems/danmakudeath/menu/ar;	cancel	Z	Z
Ljakiganicsystems/danmakudeath/menu/ar;	doInBackground	Ljava/lang/Object;	[Ljava/lang/Object;
Ljakiganicsystems/danmakudeath/menu/ar;	execute	Landroid/os/AsyncTask;	[Ljava/lang/Object;
Ljakiganicsystems/danmakudeath/menu/ar;	onPostExecute	V	Ljava/lang/Object;
Ljakiganicsystems/danmakudeath/menu/ar;	onPreExecute	V	
Ljakiganicsystems/danmakudeath/menu/as;	<init>	V	Ljakiganicsystems/danmakudeath/menu/ar;
Ljakiganicsystems/danmakudeath/menu/as;	onCancel	V	Landroid/content/DialogInterface;
Ljakiganicsystems/danmakudeath/menu/at;	<init>	V	Ljakiganicsystems/danmakudeath/menu/SensitivityDialogActivity;
Ljakiganicsystems/danmakudeath/menu/at;	onProgressChanged	V	Landroid/widget/SeekBar;,I,Z
Ljakiganicsystems/danmakudeath/menu/at;	onStartTrackingTouch	V	Landroid/widget/SeekBar;
Ljakiganicsystems/danmakudeath/menu/at;	onStopTrackingTouch	V	Landroid/widget/SeekBar;
Ljakiganicsystems/danmakudeath/menu/au;	<init>	V	Ljakiganicsystems/danmakudeath/menu/SensitivityDialogActivity;
Ljakiganicsystems/danmakudeath/menu/au;	onClick	V	Landroid/view/View;
Ljakiganicsystems/danmakudeath/menu/av;	<init>	V	Ljakiganicsystems/danmakudeath/menu/SensitivityDialogActivity;
Ljakiganicsystems/danmakudeath/menu/av;	onClick	V	Landroid/content/DialogInterface;,I
Ljakiganicsystems/danmakudeath/menu/aw;	<init>	V	Ljakiganicsystems/danmakudeath/menu/SensitivityDialogActivity;
Ljakiganicsystems/danmakudeath/menu/aw;	onDismiss	V	Landroid/content/DialogInterface;
Ljakiganicsystems/danmakudeath/menu/ax;	<init>	V	Ljakiganicsystems/danmakudeath/menu/SplashActivity;
Ljakiganicsystems/danmakudeath/menu/ax;	run	V	
Ljakiganicsystems/danmakudeath/menu/ay;	<init>	V	Ljakiganicsystems/danmakudeath/menu/SplashActivity;
Ljakiganicsystems/danmakudeath/menu/ay;	run	V	
Ljakiganicsystems/danmakudeath/menu/az;	<init>	V	Ljakiganicsystems/danmakudeath/menu/SplashActivity;
Ljakiganicsystems/danmakudeath/menu/az;	run	V	
Ljakiganicsystems/danmakudeath/menu/b;	<init>	V	Ljakiganicsystems/danmakudeath/menu/AvatarSizeDialogActivity;
Ljakiganicsystems/danmakudeath/menu/b;	onProgressChanged	V	Landroid/widget/SeekBar;,I,Z
Ljakiganicsystems/danmakudeath/menu/b;	onStartTrackingTouch	V	Landroid/widget/SeekBar;
Ljakiganicsystems/danmakudeath/menu/b;	onStopTrackingTouch	V	Landroid/widget/SeekBar;
Ljakiganicsystems/danmakudeath/menu/ba;	<init>	V	Ljakiganicsystems/danmakudeath/menu/SplashActivity;
Ljakiganicsystems/danmakudeath/menu/ba;	run	V	
Ljakiganicsystems/danmakudeath/menu/bb;	<init>	V	Ljakiganicsystems/danmakudeath/menu/StageDetailActivity;
Ljakiganicsystems/danmakudeath/menu/bb;	onClick	V	Landroid/view/View;
Ljakiganicsystems/danmakudeath/menu/bc;	<init>	V	Ljakiganicsystems/danmakudeath/menu/StageDetailActivity;
Ljakiganicsystems/danmakudeath/menu/bc;	onClick	V	Landroid/view/View;
Ljakiganicsystems/danmakudeath/menu/bd;	<init>	V	Ljakiganicsystems/danmakudeath/menu/StageDetailActivity;
Ljakiganicsystems/danmakudeath/menu/bd;	a	Ljakiganicsystems/danmakudeath/menu/StageDetailActivity;	Ljakiganicsystems/danmakudeath/menu/bd;
Ljakiganicsystems/danmakudeath/menu/bd;	onClick	V	Landroid/view/View;
Ljakiganicsystems/danmakudeath/menu/be;	<init>	V	Ljakiganicsystems/danmakudeath/menu/bd;
Ljakiganicsystems/danmakudeath/menu/be;	run	V	
Ljakiganicsystems/danmakudeath/menu/bf;	<init>	V	Ljakiganicsystems/danmakudeath/menu/StageDetailActivity;
Ljakiganicsystems/danmakudeath/menu/bf;	onClick	V	Landroid/view/View;
Ljakiganicsystems/danmakudeath/menu/bg;	<init>	V	Ljakiganicsystems/danmakudeath/menu/StageDetailActivity;
Ljakiganicsystems/danmakudeath/menu/bg;	onClick	V	Landroid/content/DialogInterface;,I
Ljakiganicsystems/danmakudeath/menu/bh;	<init>	V	Ljakiganicsystems/danmakudeath/menu/StageSelectActivity;
Ljakiganicsystems/danmakudeath/menu/bh;	onItemClick	V	Landroid/widget/AdapterView;,Landroid/view/View;,I,J
Ljakiganicsystems/danmakudeath/menu/bi;	<init>	V	Ljakiganicsystems/danmakudeath/menu/StageSelectActivity;
Ljakiganicsystems/danmakudeath/menu/bi;	onClick	V	Landroid/view/View;
Ljakiganicsystems/danmakudeath/menu/bj;	<init>	V	Ljakiganicsystems/danmakudeath/menu/StageSelectActivity;
Ljakiganicsystems/danmakudeath/menu/bj;	onClick	V	Landroid/view/View;
Ljakiganicsystems/danmakudeath/menu/bk;	<init>	V	Ljakiganicsystems/danmakudeath/menu/StageSelectActivity;
Ljakiganicsystems/danmakudeath/menu/bk;	onClick	V	Landroid/view/View;
Ljakiganicsystems/danmakudeath/menu/bl;	<init>	V	Ljakiganicsystems/danmakudeath/menu/StageSelectActivity;
Ljakiganicsystems/danmakudeath/menu/bl;	onClick	V	Landroid/view/View;
Ljakiganicsystems/danmakudeath/menu/bm;	<init>	V	Ljakiganicsystems/danmakudeath/menu/StageSelectActivity;
Ljakiganicsystems/danmakudeath/menu/bm;	a	Ljakiganicsystems/danmakudeath/menu/StageSelectActivity;	Ljakiganicsystems/danmakudeath/menu/bm;
Ljakiganicsystems/danmakudeath/menu/bm;	onDown	Z	Landroid/view/MotionEvent;
Ljakiganicsystems/danmakudeath/menu/bm;	onFling	Z	Landroid/view/MotionEvent;,Landroid/view/MotionEvent;,F,F
Ljakiganicsystems/danmakudeath/menu/bm;	onLongPress	V	Landroid/view/MotionEvent;
Ljakiganicsystems/danmakudeath/menu/bm;	onScroll	Z	Landroid/view/MotionEvent;,Landroid/view/MotionEvent;,F,F
Ljakiganicsystems/danmakudeath/menu/bm;	onShowPress	V	Landroid/view/MotionEvent;
Ljakiganicsystems/danmakudeath/menu/bm;	onSingleTapUp	Z	Landroid/view/MotionEvent;
Ljakiganicsystems/danmakudeath/menu/bn;	<init>	V	Ljakiganicsystems/danmakudeath/menu/bm;
Ljakiganicsystems/danmakudeath/menu/bn;	run	V	
Ljakiganicsystems/danmakudeath/menu/bo;	<init>	V	Ljakiganicsystems/danmakudeath/menu/bm;
Ljakiganicsystems/danmakudeath/menu/bo;	run	V	
Ljakiganicsystems/danmakudeath/menu/bp;	<init>	V	Ljakiganicsystems/danmakudeath/menu/StageTestActivity;
Ljakiganicsystems/danmakudeath/menu/bp;	onClick	V	Landroid/view/View;
Ljakiganicsystems/danmakudeath/menu/bq;	<init>	V	Ljakiganicsystems/danmakudeath/menu/StageTestActivity;
Ljakiganicsystems/danmakudeath/menu/bq;	onClick	V	Landroid/view/View;
Ljakiganicsystems/danmakudeath/menu/br;	<init>	V	Ljakiganicsystems/danmakudeath/menu/StageTestActivity;
Ljakiganicsystems/danmakudeath/menu/br;	onClick	V	Landroid/view/View;
Ljakiganicsystems/danmakudeath/menu/bs;	<init>	V	Ljakiganicsystems/danmakudeath/menu/StageTestActivity;
Ljakiganicsystems/danmakudeath/menu/bs;	onClick	V	Landroid/view/View;
Ljakiganicsystems/danmakudeath/menu/bt;	<init>	V	Ljakiganicsystems/danmakudeath/menu/TitleActivity;
Ljakiganicsystems/danmakudeath/menu/bt;	onClick	V	Landroid/view/View;
Ljakiganicsystems/danmakudeath/menu/bu;	<init>	V	Ljakiganicsystems/danmakudeath/menu/TitleActivity;
Ljakiganicsystems/danmakudeath/menu/bu;	onClick	V	Landroid/view/View;
Ljakiganicsystems/danmakudeath/menu/bv;	<init>	V	Ljakiganicsystems/danmakudeath/menu/TitleActivity;
Ljakiganicsystems/danmakudeath/menu/bv;	onClick	V	Landroid/view/View;
Ljakiganicsystems/danmakudeath/menu/bw;	<init>	V	Ljakiganicsystems/danmakudeath/menu/TitleActivity;
Ljakiganicsystems/danmakudeath/menu/bw;	onClick	V	Landroid/view/View;
Ljakiganicsystems/danmakudeath/menu/bx;	<init>	V	Ljakiganicsystems/danmakudeath/menu/TitleActivity;
Ljakiganicsystems/danmakudeath/menu/bx;	onClick	V	Landroid/view/View;
Ljakiganicsystems/danmakudeath/menu/by;	<init>	V	Ljakiganicsystems/danmakudeath/menu/TitleActivity;
Ljakiganicsystems/danmakudeath/menu/by;	onClick	V	Landroid/view/View;
Ljakiganicsystems/danmakudeath/menu/bz;	<init>	V	Ljakiganicsystems/danmakudeath/menu/TitleActivity;
Ljakiganicsystems/danmakudeath/menu/bz;	onClick	V	Landroid/view/View;
Ljakiganicsystems/danmakudeath/menu/c;	<init>	V	Ljakiganicsystems/danmakudeath/menu/AvatarSizeDialogActivity;
Ljakiganicsystems/danmakudeath/menu/c;	onClick	V	Landroid/view/View;
Ljakiganicsystems/danmakudeath/menu/ca;	<init>	V	Ljakiganicsystems/danmakudeath/menu/TitleActivity;,Landroid/app/ProgressDialog;
Ljakiganicsystems/danmakudeath/menu/ca;	a	V	
Ljakiganicsystems/danmakudeath/menu/ca;	b	V	
Ljakiganicsystems/danmakudeath/menu/cb;	a	Ljava/lang/String;	I
Ljakiganicsystems/danmakudeath/menu/cb;	a	Ljava/lang/String;	J
Ljakiganicsystems/danmakudeath/menu/cb;	a	V	Landroid/view/ViewGroup;,Landroid/graphics/Typeface;
Ljakiganicsystems/danmakudeath/menu/cb;	a	Z	Landroid/content/Context;
Ljakiganicsystems/danmakudeath/menu/cb;	b	I	Landroid/content/Context;
Ljakiganicsystems/danmakudeath/menu/cb;	b	Ljava/lang/String;	I
Ljakiganicsystems/danmakudeath/menu/d;	<init>	V	Ljakiganicsystems/danmakudeath/menu/AvatarSizeDialogActivity;
Ljakiganicsystems/danmakudeath/menu/d;	onClick	V	Landroid/content/DialogInterface;,I
Ljakiganicsystems/danmakudeath/menu/e;	<init>	V	Ljakiganicsystems/danmakudeath/menu/AvatarSizeDialogActivity;
Ljakiganicsystems/danmakudeath/menu/e;	onDismiss	V	Landroid/content/DialogInterface;
Ljakiganicsystems/danmakudeath/menu/f;	<init>	V	Ljakiganicsystems/danmakudeath/menu/DanmakuPreferenceActivity;
Ljakiganicsystems/danmakudeath/menu/f;	onPreferenceChange	Z	Landroid/preference/Preference;,Ljava/lang/Object;
Ljakiganicsystems/danmakudeath/menu/g;	<init>	V	Ljakiganicsystems/danmakudeath/menu/DanmakuPreferenceActivity;
Ljakiganicsystems/danmakudeath/menu/g;	onPreferenceChange	Z	Landroid/preference/Preference;,Ljava/lang/Object;
Ljakiganicsystems/danmakudeath/menu/h;	<init>	V	Ljakiganicsystems/danmakudeath/menu/DanmakuPreferenceActivity;
Ljakiganicsystems/danmakudeath/menu/h;	onPreferenceClick	Z	Landroid/preference/Preference;
Ljakiganicsystems/danmakudeath/menu/i;	<init>	V	Ljakiganicsystems/danmakudeath/menu/DanmakuPreferenceActivity;
Ljakiganicsystems/danmakudeath/menu/i;	onPreferenceClick	Z	Landroid/preference/Preference;
Ljakiganicsystems/danmakudeath/menu/j;	<init>	V	Ljakiganicsystems/danmakudeath/menu/ExtraActivity;
Ljakiganicsystems/danmakudeath/menu/j;	a	Ljakiganicsystems/danmakudeath/menu/ExtraActivity;	Ljakiganicsystems/danmakudeath/menu/j;
Ljakiganicsystems/danmakudeath/menu/j;	onClick	V	Landroid/view/View;
Ljakiganicsystems/danmakudeath/menu/k;	<init>	V	Ljakiganicsystems/danmakudeath/menu/j;
Ljakiganicsystems/danmakudeath/menu/k;	onClick	V	Landroid/content/DialogInterface;,I
Ljakiganicsystems/danmakudeath/menu/l;	<init>	V	Ljakiganicsystems/danmakudeath/menu/ExtraActivity;
Ljakiganicsystems/danmakudeath/menu/l;	onClick	V	Landroid/view/View;
Ljakiganicsystems/danmakudeath/menu/m$a;	<clinit>	V	
Ljakiganicsystems/danmakudeath/menu/m$a;	<init>	V	Ljava/lang/String;,I
Ljakiganicsystems/danmakudeath/menu/m$a;	valueOf	Ljakiganicsystems/danmakudeath/menu/m$a;	Ljava/lang/String;
Ljakiganicsystems/danmakudeath/menu/m$a;	values	[Ljakiganicsystems/danmakudeath/menu/m$a;	
Ljakiganicsystems/danmakudeath/menu/m$b;	<init>	V	
Ljakiganicsystems/danmakudeath/menu/m$b;	<init>	V	B
Ljakiganicsystems/danmakudeath/menu/m$b;	getInterpolation	F	F
Ljakiganicsystems/danmakudeath/menu/m;	a	Landroid/view/animation/Animation;	Ljakiganicsystems/danmakudeath/menu/m$a;
Ljakiganicsystems/danmakudeath/menu/n;	<init>	V	Ljakiganicsystems/danmakudeath/menu/InputNameActivity;
Ljakiganicsystems/danmakudeath/menu/n;	onClick	V	Landroid/content/DialogInterface;,I
Ljakiganicsystems/danmakudeath/menu/o;	<init>	V	Ljakiganicsystems/danmakudeath/menu/InputNameActivity;
Ljakiganicsystems/danmakudeath/menu/o;	onDismiss	V	Landroid/content/DialogInterface;
Ljakiganicsystems/danmakudeath/menu/p;	a	Ljakiganicsystems/danmakudeath/d/a;	Landroid/content/Context;,I,Ljava/lang/String;
Ljakiganicsystems/danmakudeath/menu/q;	<init>	V	Ljakiganicsystems/danmakudeath/menu/LeaderbordActivity;
Ljakiganicsystems/danmakudeath/menu/q;	run	V	
Ljakiganicsystems/danmakudeath/menu/r;	<init>	V	Ljakiganicsystems/danmakudeath/menu/q;
Ljakiganicsystems/danmakudeath/menu/r;	run	V	
Ljakiganicsystems/danmakudeath/menu/s;	<init>	V	Ljakiganicsystems/danmakudeath/menu/q;
Ljakiganicsystems/danmakudeath/menu/s;	run	V	
Ljakiganicsystems/danmakudeath/menu/t;	<init>	V	Ljakiganicsystems/danmakudeath/menu/q;
Ljakiganicsystems/danmakudeath/menu/t;	run	V	
Ljakiganicsystems/danmakudeath/menu/u;	<init>	V	Ljakiganicsystems/danmakudeath/menu/LeaderbordActivity;
Ljakiganicsystems/danmakudeath/menu/u;	onDismiss	V	Landroid/content/DialogInterface;
Ljakiganicsystems/danmakudeath/menu/v;	<init>	V	Ljakiganicsystems/danmakudeath/menu/LeaderbordActivity;
Ljakiganicsystems/danmakudeath/menu/v;	run	V	
Ljakiganicsystems/danmakudeath/menu/w;	<init>	V	Ljakiganicsystems/danmakudeath/menu/v;
Ljakiganicsystems/danmakudeath/menu/w;	run	V	
Ljakiganicsystems/danmakudeath/menu/x;	<init>	V	Ljakiganicsystems/danmakudeath/menu/v;
Ljakiganicsystems/danmakudeath/menu/x;	run	V	
Ljakiganicsystems/danmakudeath/menu/y;	<init>	V	Ljakiganicsystems/danmakudeath/menu/LeaderbordActivity;
Ljakiganicsystems/danmakudeath/menu/y;	run	V	
Ljakiganicsystems/danmakudeath/menu/z;	<init>	V	Ljakiganicsystems/danmakudeath/menu/y;
Ljakiganicsystems/danmakudeath/menu/z;	run	V	
Ljakiganicsystems/danmakudeath/n;	<clinit>	V	
Ljakiganicsystems/danmakudeath/n;	<init>	V	Ljava/lang/String;,I
Ljakiganicsystems/danmakudeath/n;	ordinal	I	
Ljakiganicsystems/danmakudeath/n;	valueOf	Ljakiganicsystems/danmakudeath/n;	Ljava/lang/String;
Ljakiganicsystems/danmakudeath/n;	values	[Ljakiganicsystems/danmakudeath/n;	
Ljakiganicsystems/danmakudeath/o;	<clinit>	V	
Ljakiganicsystems/danmakudeath/o;	<init>	V	
Ljakiganicsystems/danmakudeath/o;	a	V	
Ljakiganicsystems/danmakudeath/o;	a	V	F,F,F,F,F,F,I
Ljakiganicsystems/danmakudeath/o;	a	V	F,F,F,F,F,I,I
Ljakiganicsystems/danmakudeath/o;	a	V	F,F,F,F,I
Ljakiganicsystems/danmakudeath/o;	a	V	F,F,I,F,F,F,F,F,I
Ljakiganicsystems/danmakudeath/o;	a	V	F,F,I,F,F,F,F,I,I
Ljakiganicsystems/danmakudeath/o;	a	V	F,F,I,F,F,F,I
Ljakiganicsystems/danmakudeath/o;	a	V	F,F,I,F,F,F,I,I
Ljakiganicsystems/danmakudeath/o;	a	V	F,F,I,F,F,I,I
Ljakiganicsystems/danmakudeath/o;	a	V	F,F,I,F,F,I,I,F,F,F,F,F,I
Ljakiganicsystems/danmakudeath/o;	a	V	F,F,I,F,F,I,Z
Ljakiganicsystems/danmakudeath/o;	a	V	F,F,I,I,F,F,F,I,I
Ljakiganicsystems/danmakudeath/o;	a	V	F,F,I,I,F,F,I
Ljakiganicsystems/danmakudeath/o;	a	V	F,F,I,I,I
Ljakiganicsystems/danmakudeath/o;	b	V	
Ljakiganicsystems/danmakudeath/o;	c	V	
Ljakiganicsystems/danmakudeath/o;	d	V	
Ljakiganicsystems/danmakudeath/o;	e	V	
Ljakiganicsystems/danmakudeath/o;	f	V	
Ljakiganicsystems/danmakudeath/o;	g	V	
Ljakiganicsystems/danmakudeath/p$a;	<init>	V	
Ljakiganicsystems/danmakudeath/p$a;	a	I	D
Ljakiganicsystems/danmakudeath/p$a;	compare	I	Ljava/lang/Object;,Ljava/lang/Object;
Ljakiganicsystems/danmakudeath/p;	<clinit>	V	
Ljakiganicsystems/danmakudeath/p;	a	V	
Ljakiganicsystems/danmakudeath/p;	a	V	F,F,F
Ljakiganicsystems/danmakudeath/p;	a	V	F,F,I,F,F,F,F,F
Ljakiganicsystems/danmakudeath/p;	a	V	F,F,I,F,I,F,F,I
Ljakiganicsystems/danmakudeath/p;	a	V	F,F,I,F,I,I,F,F,I
Ljakiganicsystems/danmakudeath/p;	a	V	F,F,I,I,F,F,F,I
Ljakiganicsystems/danmakudeath/p;	a	V	I
Ljakiganicsystems/danmakudeath/p;	a	Z	F,F,D,F,I,I,D,F,F
Ljakiganicsystems/danmakudeath/p;	a	Z	F,F,F,D
Ljakiganicsystems/danmakudeath/p;	a	Z	F,F,F,F,F,I,I
Ljakiganicsystems/danmakudeath/p;	a	Z	F,F,F,F,I
Ljakiganicsystems/danmakudeath/p;	a	Z	F,F,F,I
Ljakiganicsystems/danmakudeath/p;	a	Z	F,F,I,D,F,I,D,F
Ljakiganicsystems/danmakudeath/p;	a	Z	F,F,I,F,F
Ljakiganicsystems/danmakudeath/p;	a	Z	F,F,I,F,F,F,F,F,I
Ljakiganicsystems/danmakudeath/p;	a	Z	F,F,I,F,F,F,I
Ljakiganicsystems/danmakudeath/p;	a	Z	F,F,I,F,F,F,I,I
Ljakiganicsystems/danmakudeath/p;	a	Z	F,F,I,F,F,I
Ljakiganicsystems/danmakudeath/p;	a	Z	F,F,I,F,F,I,F
Ljakiganicsystems/danmakudeath/p;	a	Z	F,F,I,F,F,I,Z
Ljakiganicsystems/danmakudeath/p;	a	Z	F,F,I,I,F,F,I
Ljakiganicsystems/danmakudeath/p;	a	Z	F,F,I,I,I
Ljakiganicsystems/danmakudeath/p;	a	Z	I,I
Ljakiganicsystems/danmakudeath/p;	b	V	
Ljakiganicsystems/danmakudeath/p;	b	V	F,F,F
Ljakiganicsystems/danmakudeath/p;	b	Z	F,F,I,F,F
Ljakiganicsystems/danmakudeath/p;	b	Z	F,F,I,F,F,F,I,I
Ljakiganicsystems/danmakudeath/p;	b	Z	F,F,I,F,F,I
Ljakiganicsystems/danmakudeath/p;	b	Z	F,F,I,I,F,F,I
Ljakiganicsystems/danmakudeath/p;	c	V	
Ljakiganicsystems/danmakudeath/p;	c	V	F,F,I,F,F
Ljakiganicsystems/danmakudeath/p;	c	Z	F,F,I,I,F,F,I
Ljakiganicsystems/danmakudeath/p;	d	V	
Ljakiganicsystems/danmakudeath/p;	d	V	F,F,I,I,F,F,I
Ljakiganicsystems/danmakudeath/p;	e	V	
Ljakiganicsystems/danmakudeath/p;	e	V	F,F,I,I,F,F,I
Ljakiganicsystems/danmakudeath/p;	f	Ljakiganicsystems/danmakudeath/o;	
Ljakiganicsystems/danmakudeath/q;	<clinit>	V	
Ljakiganicsystems/danmakudeath/q;	<init>	V	Ljava/lang/String;,I
Ljakiganicsystems/danmakudeath/q;	valueOf	Ljakiganicsystems/danmakudeath/q;	Ljava/lang/String;
Ljakiganicsystems/danmakudeath/q;	values	[Ljakiganicsystems/danmakudeath/q;	
Ljakiganicsystems/danmakudeath/r;	a	D	D,D,D,D
Ljakiganicsystems/danmakudeath/r;	a	D	F,F
Ljakiganicsystems/danmakudeath/r;	a	F	F,F,I,I,I
Ljakiganicsystems/danmakudeath/r;	a	I	I
Ljakiganicsystems/danmakudeath/r;	a	V	I,I,D,D,D
Ljakiganicsystems/danmakudeath/r;	a	Z	F,F,F,F,F,F,F
Ljakiganicsystems/danmakudeath/r;	a	Z	F,F,F,F,F,F,F,F
Ljakiganicsystems/danmakudeath/r;	b	D	D,D,D,D
Ljakiganicsystems/danmakudeath/s$a;	<init>	V	
Ljakiganicsystems/danmakudeath/s$a;	<init>	V	B
Ljakiganicsystems/danmakudeath/s$a;	a	V	
Ljakiganicsystems/danmakudeath/s$a;	a	V	F,F,I,I,I
Ljakiganicsystems/danmakudeath/s$a;	a	V	Ljakiganicsystems/danmakudeath/s$a;
Ljakiganicsystems/danmakudeath/s$a;	b	V	
Ljakiganicsystems/danmakudeath/s$a;	c	V	
Ljakiganicsystems/danmakudeath/s;	a	V	
Ljakiganicsystems/danmakudeath/s;	a	V	F,F,I,I,I
Ljakiganicsystems/danmakudeath/s;	b	V	
Ljakiganicsystems/danmakudeath/s;	c	V	
Ljakiganicsystems/danmakudeath/s;	d	V	
Ljakiganicsystems/danmakudeath/t;	<init>	V	I,I,I,I,Ljakiganicsystems/danmakudeath/an;
Ljakiganicsystems/danmakudeath/t;	a	I	
Ljakiganicsystems/danmakudeath/t;	a	Z	I,I
Ljakiganicsystems/danmakudeath/t;	b	I	
Ljakiganicsystems/danmakudeath/t;	c	I	
Ljakiganicsystems/danmakudeath/t;	d	I	
Ljakiganicsystems/danmakudeath/u;	<init>	V	
Ljakiganicsystems/danmakudeath/u;	a	V	
Ljakiganicsystems/danmakudeath/u;	a	V	I
Ljakiganicsystems/danmakudeath/u;	b	V	
Ljakiganicsystems/danmakudeath/v;	<clinit>	V	
Ljakiganicsystems/danmakudeath/w;	<init>	V	
Ljakiganicsystems/danmakudeath/x;	a	V	
Ljakiganicsystems/danmakudeath/x;	a	V	I,I
Ljakiganicsystems/danmakudeath/x;	a	V	I,I,F
Ljakiganicsystems/danmakudeath/x;	a	V	I,I,I
Ljakiganicsystems/danmakudeath/x;	a	V	I,I,I,F,D,F,F,I
Ljakiganicsystems/danmakudeath/x;	a	V	I,I,I,F,F,F,F,I
Ljakiganicsystems/danmakudeath/x;	a	V	I,I,I,I
Ljakiganicsystems/danmakudeath/x;	a	V	I,I,I,I,D,F,F
Ljakiganicsystems/danmakudeath/x;	b	V	
Ljakiganicsystems/danmakudeath/x;	b	V	I,I
Ljakiganicsystems/danmakudeath/x;	b	V	I,I,I
Ljakiganicsystems/danmakudeath/x;	c	V	
Ljakiganicsystems/danmakudeath/x;	c	V	I,I
Ljakiganicsystems/danmakudeath/x;	c	V	I,I,I
Ljakiganicsystems/danmakudeath/x;	d	V	I,I
Ljakiganicsystems/danmakudeath/x;	e	V	I,I
Ljakiganicsystems/danmakudeath/x;	f	V	I,I
Ljakiganicsystems/danmakudeath/x;	g	V	I,I
Ljakiganicsystems/danmakudeath/x;	h	V	I,I
Ljakiganicsystems/danmakudeath/y;	<init>	V	
Ljakiganicsystems/danmakudeath/y;	a	V	
Ljakiganicsystems/danmakudeath/y;	a	V	I
Ljakiganicsystems/danmakudeath/y;	a	V	Ljakiganicsystems/danmakudeath/ao;,I
Ljakiganicsystems/danmakudeath/y;	a	Z	I,I
Ljakiganicsystems/danmakudeath/y;	b	V	
Ljakiganicsystems/danmakudeath/y;	c	V	
Ljakiganicsystems/danmakudeath/z$a;	<clinit>	V	
Ljakiganicsystems/danmakudeath/z$a;	<init>	V	Ljava/lang/String;,I
Ljakiganicsystems/danmakudeath/z$a;	ordinal	I	
Ljakiganicsystems/danmakudeath/z$a;	valueOf	Ljakiganicsystems/danmakudeath/z$a;	Ljava/lang/String;
Ljakiganicsystems/danmakudeath/z$a;	values	[Ljakiganicsystems/danmakudeath/z$a;	
Ljakiganicsystems/danmakudeath/z;	a	V	
Ljakiganicsystems/danmakudeath/z;	a	V	F,F
Ljakiganicsystems/danmakudeath/z;	a	V	I
Ljakiganicsystems/danmakudeath/z;	b	V	
Ljakiganicsystems/danmakudeath/z;	c	[I	
Ljava/io/BufferedOutputStream;	<init>	V	Ljava/io/OutputStream;
Ljava/io/BufferedOutputStream;	close	V	
Ljava/io/BufferedOutputStream;	flush	V	
Ljava/io/BufferedOutputStream;	write	V	I
Ljava/io/BufferedReader;	<init>	V	Ljava/io/Reader;
Ljava/io/BufferedReader;	<init>	V	Ljava/io/Reader;,I
Ljava/io/BufferedReader;	close	V	
Ljava/io/BufferedReader;	readLine	Ljava/lang/String;	
Ljava/io/ByteArrayInputStream;	<init>	V	[B
Ljava/io/ByteArrayOutputStream;	<init>	V	
Ljava/io/ByteArrayOutputStream;	close	V	
Ljava/io/ByteArrayOutputStream;	toByteArray	[B	
Ljava/io/ByteArrayOutputStream;	write	V	[B,I,I
Ljava/io/File;	<init>	V	Ljava/lang/String;
Ljava/io/File;	toURI	Ljava/net/URI;	
Ljava/io/Flushable;	flush	V	
Ljava/io/IOException;	<init>	V	
Ljava/io/IOException;	<init>	V	Ljava/lang/String;
Ljava/io/IOException;	getMessage	Ljava/lang/String;	
Ljava/io/IOException;	printStackTrace	V	
Ljava/io/IOException;	toString	Ljava/lang/String;	
Ljava/io/InputStream;	close	V	
Ljava/io/InputStream;	read	I	
Ljava/io/InputStream;	read	I	[B
Ljava/io/InputStreamReader;	<init>	V	Ljava/io/InputStream;
Ljava/io/InputStreamReader;	<init>	V	Ljava/io/InputStream;,Ljava/lang/String;
Ljava/io/ObjectInputStream;	<init>	V	Ljava/io/InputStream;
Ljava/io/ObjectInputStream;	close	V	
Ljava/io/ObjectInputStream;	readObject	Ljava/lang/Object;	
Ljava/io/ObjectInputStream;	resolveClass	Ljava/lang/Class;	Ljava/io/ObjectStreamClass;
Ljava/io/ObjectOutputStream;	<init>	V	Ljava/io/OutputStream;
Ljava/io/ObjectOutputStream;	close	V	
Ljava/io/ObjectOutputStream;	writeObject	V	Ljava/lang/Object;
Ljava/io/ObjectStreamClass;	getName	Ljava/lang/String;	
Ljava/io/OutputStream;	close	V	
Ljava/io/OutputStream;	flush	V	
Ljava/io/OutputStream;	write	V	I
Ljava/io/OutputStream;	write	V	[B
Ljava/io/PrintStream;	println	V	Ljava/lang/String;
Ljava/io/Reader;	read	I	[C,I,I
Ljava/io/StringReader;	<init>	V	Ljava/lang/String;
Ljava/io/UnsupportedEncodingException;	getMessage	Ljava/lang/String;	
Ljava/io/Writer;	flush	V	
Ljava/io/Writer;	write	V	Ljava/lang/String;,I,I
Ljava/io/Writer;	write	V	[C,I,I
Ljava/lang/Appendable;	append	Ljava/lang/Appendable;	C
Ljava/lang/Appendable;	append	Ljava/lang/Appendable;	Ljava/lang/CharSequence;
Ljava/lang/Appendable;	append	Ljava/lang/Appendable;	Ljava/lang/CharSequence;,I,I
Ljava/lang/AssertionError;	<init>	V	
Ljava/lang/AssertionError;	<init>	V	Ljava/lang/Object;
Ljava/lang/Boolean;	booleanValue	Z	
Ljava/lang/Boolean;	valueOf	Ljava/lang/Boolean;	Z
Ljava/lang/Byte;	byteValue	B	
Ljava/lang/Byte;	valueOf	Ljava/lang/Byte;	B
Ljava/lang/CharSequence;	charAt	C	I
Ljava/lang/CharSequence;	length	I	
Ljava/lang/CharSequence;	subSequence	Ljava/lang/CharSequence;	I,I
Ljava/lang/CharSequence;	toString	Ljava/lang/String;	
Ljava/lang/Character;	isDigit	Z	C
Ljava/lang/Character;	isJavaIdentifierPart	Z	C
Ljava/lang/Character;	isJavaIdentifierStart	Z	C
Ljava/lang/Character;	isLowerCase	Z	C
Ljava/lang/Character;	isUpperCase	Z	C
Ljava/lang/Character;	toLowerCase	C	C
Ljava/lang/Character;	toUpperCase	C	C
Ljava/lang/Character;	valueOf	Ljava/lang/Character;	C
Ljava/lang/Class;	asSubclass	Ljava/lang/Class;	Ljava/lang/Class;
Ljava/lang/Class;	cast	Ljava/lang/Object;	Ljava/lang/Object;
Ljava/lang/Class;	desiredAssertionStatus	Z	
Ljava/lang/Class;	forName	Ljava/lang/Class;	Ljava/lang/String;
Ljava/lang/Class;	forName	Ljava/lang/Class;	Ljava/lang/String;,Z,Ljava/lang/ClassLoader;
Ljava/lang/Class;	getClassLoader	Ljava/lang/ClassLoader;	
Ljava/lang/Class;	getComponentType	Ljava/lang/Class;	
Ljava/lang/Class;	getConstructor	Ljava/lang/reflect/Constructor;	[Ljava/lang/Class;
Ljava/lang/Class;	getConstructors	[Ljava/lang/reflect/Constructor;	
Ljava/lang/Class;	getDeclaredConstructor	Ljava/lang/reflect/Constructor;	[Ljava/lang/Class;
Ljava/lang/Class;	getEnclosingClass	Ljava/lang/Class;	
Ljava/lang/Class;	getEnumConstants	[Ljava/lang/Object;	
Ljava/lang/Class;	getFields	[Ljava/lang/reflect/Field;	
Ljava/lang/Class;	getGenericInterfaces	[Ljava/lang/reflect/Type;	
Ljava/lang/Class;	getGenericSuperclass	Ljava/lang/reflect/Type;	
Ljava/lang/Class;	getMethod	Ljava/lang/reflect/Method;	Ljava/lang/String;,[Ljava/lang/Class;
Ljava/lang/Class;	getMethods	[Ljava/lang/reflect/Method;	
Ljava/lang/Class;	getModifiers	I	
Ljava/lang/Class;	getName	Ljava/lang/String;	
Ljava/lang/Class;	getSuperclass	Ljava/lang/Class;	
Ljava/lang/Class;	getTypeParameters	[Ljava/lang/reflect/TypeVariable;	
Ljava/lang/Class;	isAnonymousClass	Z	
Ljava/lang/Class;	isArray	Z	
Ljava/lang/Class;	isAssignableFrom	Z	Ljava/lang/Class;
Ljava/lang/Class;	isEnum	Z	
Ljava/lang/Class;	isInterface	Z	
Ljava/lang/Class;	isMemberClass	Z	
Ljava/lang/Class;	isPrimitive	Z	
Ljava/lang/Class;	newInstance	Ljava/lang/Object;	
Ljava/lang/ClassLoader;	loadClass	Ljava/lang/Class;	Ljava/lang/String;
Ljava/lang/Double;	isInfinite	Z	D
Ljava/lang/Double;	isNaN	Z	D
Ljava/lang/Double;	toString	Ljava/lang/String;	D
Ljava/lang/Double;	valueOf	Ljava/lang/Double;	D
Ljava/lang/Double;	valueOf	Ljava/lang/Double;	Ljava/lang/String;
Ljava/lang/Enum;	<init>	V	Ljava/lang/String;,I
Ljava/lang/Enum;	ordinal	I	
Ljava/lang/Enum;	valueOf	Ljava/lang/Enum;	Ljava/lang/Class;,Ljava/lang/String;
Ljava/lang/Exception;	<init>	V	Ljava/lang/String;
Ljava/lang/Exception;	printStackTrace	V	
Ljava/lang/Exception;	toString	Ljava/lang/String;	
Ljava/lang/Float;	isInfinite	Z	F
Ljava/lang/Float;	isNaN	Z	F
Ljava/lang/Float;	parseFloat	F	Ljava/lang/String;
Ljava/lang/Float;	toString	Ljava/lang/String;	F
Ljava/lang/Float;	valueOf	Ljava/lang/Float;	F
Ljava/lang/Float;	valueOf	Ljava/lang/Float;	Ljava/lang/String;
Ljava/lang/IllegalAccessError;	<init>	V	Ljava/lang/String;
Ljava/lang/IllegalArgumentException;	<init>	V	
Ljava/lang/IllegalArgumentException;	<init>	V	Ljava/lang/String;
Ljava/lang/IllegalStateException;	<init>	V	
Ljava/lang/IllegalStateException;	<init>	V	Ljava/lang/String;
Ljava/lang/IllegalStateException;	<init>	V	Ljava/lang/Throwable;
Ljava/lang/Integer;	intValue	I	
Ljava/lang/Integer;	parseInt	I	Ljava/lang/String;
Ljava/lang/Integer;	parseInt	I	Ljava/lang/String;,I
Ljava/lang/Integer;	toString	Ljava/lang/String;	I
Ljava/lang/Integer;	valueOf	Ljava/lang/Integer;	I
Ljava/lang/Integer;	valueOf	Ljava/lang/Integer;	Ljava/lang/String;
Ljava/lang/InterruptedException;	printStackTrace	V	
Ljava/lang/Iterable;	iterator	Ljava/util/Iterator;	
Ljava/lang/Long;	longValue	J	
Ljava/lang/Long;	parseLong	J	Ljava/lang/String;
Ljava/lang/Long;	parseLong	J	Ljava/lang/String;,I
Ljava/lang/Long;	toString	Ljava/lang/String;	J
Ljava/lang/Long;	valueOf	Ljava/lang/Long;	J
Ljava/lang/Math;	abs	D	D
Ljava/lang/Math;	abs	F	F
Ljava/lang/Math;	abs	I	I
Ljava/lang/Math;	atan2	D	D,D
Ljava/lang/Math;	cos	D	D
Ljava/lang/Math;	max	F	F,F
Ljava/lang/Math;	max	I	I,I
Ljava/lang/Math;	min	F	F,F
Ljava/lang/Math;	min	I	I,I
Ljava/lang/Math;	random	D	
Ljava/lang/Math;	round	I	F
Ljava/lang/Math;	sin	D	D
Ljava/lang/Math;	sqrt	D	D
Ljava/lang/Math;	toDegrees	D	D
Ljava/lang/Math;	toRadians	D	D
Ljava/lang/NullPointerException;	<init>	V	
Ljava/lang/Number;	byteValue	B	
Ljava/lang/Number;	doubleValue	D	
Ljava/lang/Number;	floatValue	F	
Ljava/lang/Number;	intValue	I	
Ljava/lang/Number;	longValue	J	
Ljava/lang/Number;	shortValue	S	
Ljava/lang/Object;	<init>	V	
Ljava/lang/Object;	equals	Z	Ljava/lang/Object;
Ljava/lang/Object;	getClass	Ljava/lang/Class;	
Ljava/lang/Object;	hashCode	I	
Ljava/lang/Object;	notify	V	
Ljava/lang/Object;	toString	Ljava/lang/String;	
Ljava/lang/Object;	wait	V	J
Ljava/lang/RuntimeException;	<init>	V	Ljava/lang/String;
Ljava/lang/RuntimeException;	<init>	V	Ljava/lang/String;,Ljava/lang/Throwable;
Ljava/lang/RuntimeException;	<init>	V	Ljava/lang/Throwable;
Ljava/lang/Short;	valueOf	Ljava/lang/Short;	S
Ljava/lang/String;	<init>	V	[B,Ljava/lang/String;
Ljava/lang/String;	<init>	V	[C
Ljava/lang/String;	charAt	C	I
Ljava/lang/String;	compareTo	I	Ljava/lang/String;
Ljava/lang/String;	contains	Z	Ljava/lang/CharSequence;
Ljava/lang/String;	endsWith	Z	Ljava/lang/String;
Ljava/lang/String;	equals	Z	Ljava/lang/Object;
Ljava/lang/String;	equalsIgnoreCase	Z	Ljava/lang/String;
Ljava/lang/String;	format	Ljava/lang/String;	Ljava/lang/String;,[Ljava/lang/Object;
Ljava/lang/String;	getBytes	[B	
Ljava/lang/String;	getBytes	[B	Ljava/lang/String;
Ljava/lang/String;	getChars	V	I,I,[C,I
Ljava/lang/String;	indexOf	I	I
Ljava/lang/String;	length	I	
Ljava/lang/String;	replace	Ljava/lang/String;	C,C
Ljava/lang/String;	replace	Ljava/lang/String;	Ljava/lang/CharSequence;,Ljava/lang/CharSequence;
Ljava/lang/String;	replaceAll	Ljava/lang/String;	Ljava/lang/String;,Ljava/lang/String;
Ljava/lang/String;	split	[Ljava/lang/String;	Ljava/lang/String;
Ljava/lang/String;	split	[Ljava/lang/String;	Ljava/lang/String;,I
Ljava/lang/String;	startsWith	Z	Ljava/lang/String;
Ljava/lang/String;	startsWith	Z	Ljava/lang/String;,I
Ljava/lang/String;	substring	Ljava/lang/String;	I
Ljava/lang/String;	substring	Ljava/lang/String;	I,I
Ljava/lang/String;	toCharArray	[C	
Ljava/lang/String;	toLowerCase	Ljava/lang/String;	
Ljava/lang/String;	toLowerCase	Ljava/lang/String;	Ljava/util/Locale;
Ljava/lang/String;	toString	Ljava/lang/String;	
Ljava/lang/String;	toUpperCase	Ljava/lang/String;	
Ljava/lang/String;	toUpperCase	Ljava/lang/String;	Ljava/util/Locale;
Ljava/lang/String;	trim	Ljava/lang/String;	
Ljava/lang/String;	valueOf	Ljava/lang/String;	D
Ljava/lang/String;	valueOf	Ljava/lang/String;	F
Ljava/lang/String;	valueOf	Ljava/lang/String;	I
Ljava/lang/String;	valueOf	Ljava/lang/String;	J
Ljava/lang/String;	valueOf	Ljava/lang/String;	Ljava/lang/Object;
Ljava/lang/String;	valueOf	Ljava/lang/String;	Z
Ljava/lang/StringBuffer;	<init>	V	
Ljava/lang/StringBuffer;	<init>	V	Ljava/lang/String;
Ljava/lang/StringBuffer;	append	Ljava/lang/StringBuffer;	C
Ljava/lang/StringBuffer;	append	Ljava/lang/StringBuffer;	Ljava/lang/String;
Ljava/lang/StringBuffer;	charAt	C	I
Ljava/lang/StringBuffer;	length	I	
Ljava/lang/StringBuffer;	setCharAt	V	I,C
Ljava/lang/StringBuffer;	toString	Ljava/lang/String;	
Ljava/lang/StringBuilder;	<init>	V	
Ljava/lang/StringBuilder;	<init>	V	I
Ljava/lang/StringBuilder;	<init>	V	Ljava/lang/String;
Ljava/lang/StringBuilder;	append	Ljava/lang/StringBuilder;	C
Ljava/lang/StringBuilder;	append	Ljava/lang/StringBuilder;	D
Ljava/lang/StringBuilder;	append	Ljava/lang/StringBuilder;	F
Ljava/lang/StringBuilder;	append	Ljava/lang/StringBuilder;	I
Ljava/lang/StringBuilder;	append	Ljava/lang/StringBuilder;	J
Ljava/lang/StringBuilder;	append	Ljava/lang/StringBuilder;	Ljava/lang/CharSequence;,I,I
Ljava/lang/StringBuilder;	append	Ljava/lang/StringBuilder;	Ljava/lang/Object;
Ljava/lang/StringBuilder;	append	Ljava/lang/StringBuilder;	Ljava/lang/String;
Ljava/lang/StringBuilder;	append	Ljava/lang/StringBuilder;	Z
Ljava/lang/StringBuilder;	charAt	C	I
Ljava/lang/StringBuilder;	length	I	
Ljava/lang/StringBuilder;	setCharAt	V	I,C
Ljava/lang/StringBuilder;	setLength	V	I
Ljava/lang/StringBuilder;	toString	Ljava/lang/String;	
Ljava/lang/System;	arraycopy	V	Ljava/lang/Object;,I,Ljava/lang/Object;,I,I
Ljava/lang/System;	currentTimeMillis	J	
Ljava/lang/System;	gc	V	
Ljava/lang/System;	getProperty	Ljava/lang/String;	Ljava/lang/String;,Ljava/lang/String;
Ljava/lang/System;	loadLibrary	V	Ljava/lang/String;
Ljava/lang/Thread;	<init>	V	
Ljava/lang/Thread;	<init>	V	Ljava/lang/Runnable;
Ljava/lang/Thread;	currentThread	Ljava/lang/Thread;	
Ljava/lang/Thread;	getContextClassLoader	Ljava/lang/ClassLoader;	
Ljava/lang/Thread;	interrupt	V	
Ljava/lang/Thread;	sleep	V	J
Ljava/lang/Thread;	start	V	
Ljava/lang/UnsupportedOperationException;	<init>	V	
Ljava/lang/ref/SoftReference;	<init>	V	Ljava/lang/Object;
Ljava/lang/ref/SoftReference;	get	Ljava/lang/Object;	
Ljava/lang/ref/WeakReference;	<init>	V	Ljava/lang/Object;
Ljava/lang/ref/WeakReference;	get	Ljava/lang/Object;	
Ljava/lang/reflect/Array;	newInstance	Ljava/lang/Object;	Ljava/lang/Class;,I
Ljava/lang/reflect/Array;	newInstance	Ljava/lang/Object;	Ljava/lang/Class;,[I
Ljava/lang/reflect/Array;	set	V	Ljava/lang/Object;,I,Ljava/lang/Object;
Ljava/lang/reflect/Constructor;	isSynthetic	Z	
Ljava/lang/reflect/Constructor;	newInstance	Ljava/lang/Object;	[Ljava/lang/Object;
Ljava/lang/reflect/Constructor;	setAccessible	V	Z
Ljava/lang/reflect/Field;	get	Ljava/lang/Object;	Ljava/lang/Object;
Ljava/lang/reflect/Field;	getAnnotation	Ljava/lang/annotation/Annotation;	Ljava/lang/Class;
Ljava/lang/reflect/Field;	getGenericType	Ljava/lang/reflect/Type;	
Ljava/lang/reflect/Field;	getModifiers	I	
Ljava/lang/reflect/Field;	getName	Ljava/lang/String;	
Ljava/lang/reflect/Field;	getType	Ljava/lang/Class;	
Ljava/lang/reflect/Field;	isSynthetic	Z	
Ljava/lang/reflect/Field;	set	V	Ljava/lang/Object;,Ljava/lang/Object;
Ljava/lang/reflect/Field;	setAccessible	V	Z
Ljava/lang/reflect/GenericArrayType;	getGenericComponentType	Ljava/lang/reflect/Type;	
Ljava/lang/reflect/InvocationTargetException;	getCause	Ljava/lang/Throwable;	
Ljava/lang/reflect/Member;	getDeclaringClass	Ljava/lang/Class;	
Ljava/lang/reflect/Member;	getModifiers	I	
Ljava/lang/reflect/Method;	getAnnotation	Ljava/lang/annotation/Annotation;	Ljava/lang/Class;
Ljava/lang/reflect/Method;	getGenericParameterTypes	[Ljava/lang/reflect/Type;	
Ljava/lang/reflect/Method;	getModifiers	I	
Ljava/lang/reflect/Method;	getName	Ljava/lang/String;	
Ljava/lang/reflect/Method;	getParameterTypes	[Ljava/lang/Class;	
Ljava/lang/reflect/Method;	getReturnType	Ljava/lang/Class;	
Ljava/lang/reflect/Method;	invoke	Ljava/lang/Object;	Ljava/lang/Object;,[Ljava/lang/Object;
Ljava/lang/reflect/Method;	isBridge	Z	
Ljava/lang/reflect/Method;	isSynthetic	Z	
Ljava/lang/reflect/Method;	setAccessible	V	Z
Ljava/lang/reflect/Modifier;	isAbstract	Z	I
Ljava/lang/reflect/Modifier;	isFinal	Z	I
Ljava/lang/reflect/Modifier;	isStatic	Z	I
Ljava/lang/reflect/Modifier;	isTransient	Z	I
Ljava/lang/reflect/ParameterizedType;	getActualTypeArguments	[Ljava/lang/reflect/Type;	
Ljava/lang/reflect/ParameterizedType;	getRawType	Ljava/lang/reflect/Type;	
Ljava/lang/reflect/TypeVariable;	getBounds	[Ljava/lang/reflect/Type;	
Ljava/lang/reflect/TypeVariable;	getGenericDeclaration	Ljava/lang/reflect/GenericDeclaration;	
Ljava/lang/reflect/TypeVariable;	getName	Ljava/lang/String;	
Ljava/lang/reflect/WildcardType;	getUpperBounds	[Ljava/lang/reflect/Type;	
Ljava/math/BigDecimal;	<init>	V	Ljava/lang/String;
Ljava/math/BigDecimal;	byteValueExact	B	
Ljava/math/BigDecimal;	intValueExact	I	
Ljava/math/BigDecimal;	longValueExact	J	
Ljava/math/BigDecimal;	shortValueExact	S	
Ljava/math/BigDecimal;	toBigIntegerExact	Ljava/math/BigInteger;	
Ljava/math/BigInteger;	<init>	V	I,[B
Ljava/math/BigInteger;	<init>	V	Ljava/lang/String;
Ljava/math/BigInteger;	<init>	V	Ljava/lang/String;,I
Ljava/math/BigInteger;	valueOf	Ljava/math/BigInteger;	J
Ljava/net/HttpURLConnection;	addRequestProperty	V	Ljava/lang/String;,Ljava/lang/String;
Ljava/net/HttpURLConnection;	connect	V	
Ljava/net/HttpURLConnection;	disconnect	V	
Ljava/net/HttpURLConnection;	getHeaderField	Ljava/lang/String;	Ljava/lang/String;
Ljava/net/HttpURLConnection;	getInputStream	Ljava/io/InputStream;	
Ljava/net/HttpURLConnection;	getResponseCode	I	
Ljava/net/HttpURLConnection;	setConnectTimeout	V	I
Ljava/net/HttpURLConnection;	setInstanceFollowRedirects	V	Z
Ljava/net/HttpURLConnection;	setReadTimeout	V	I
Ljava/net/HttpURLConnection;	setRequestMethod	V	Ljava/lang/String;
Ljava/net/HttpURLConnection;	setRequestProperty	V	Ljava/lang/String;,Ljava/lang/String;
Ljava/net/URI;	<init>	V	Ljava/lang/String;
Ljava/net/URI;	toURL	Ljava/net/URL;	
Ljava/net/URL;	<init>	V	Ljava/lang/String;
Ljava/net/URL;	openConnection	Ljava/net/URLConnection;	
Ljava/net/URL;	toURI	Ljava/net/URI;	
Ljava/net/URLConnection;	connect	V	
Ljava/net/URLConnection;	getInputStream	Ljava/io/InputStream;	
Ljava/net/URLConnection;	getOutputStream	Ljava/io/OutputStream;	
Ljava/net/URLConnection;	setConnectTimeout	V	I
Ljava/net/URLConnection;	setDoOutput	V	Z
Ljava/net/URLConnection;	setRequestProperty	V	Ljava/lang/String;,Ljava/lang/String;
Ljava/net/URLDecoder;	decode	Ljava/lang/String;	Ljava/lang/String;,Ljava/lang/String;
Ljava/net/URLEncoder;	encode	Ljava/lang/String;	Ljava/lang/String;
Ljava/nio/ByteBuffer;	allocateDirect	Ljava/nio/ByteBuffer;	I
Ljava/nio/ByteBuffer;	asShortBuffer	Ljava/nio/ShortBuffer;	
Ljava/nio/ByteBuffer;	get	B	I
Ljava/nio/ByteBuffer;	getInt	I	I
Ljava/nio/ByteBuffer;	getLong	J	I
Ljava/nio/ByteBuffer;	order	Ljava/nio/ByteBuffer;	Ljava/nio/ByteOrder;
Ljava/nio/ByteBuffer;	put	Ljava/nio/ByteBuffer;	I,B
Ljava/nio/ByteBuffer;	put	Ljava/nio/ByteBuffer;	[B
Ljava/nio/ByteBuffer;	putFloat	Ljava/nio/ByteBuffer;	I,F
Ljava/nio/ByteBuffer;	putInt	Ljava/nio/ByteBuffer;	I
Ljava/nio/ByteBuffer;	putInt	Ljava/nio/ByteBuffer;	I,I
Ljava/nio/ByteBuffer;	putLong	Ljava/nio/ByteBuffer;	I,J
Ljava/nio/ByteBuffer;	putLong	Ljava/nio/ByteBuffer;	J
Ljava/nio/ByteBuffer;	wrap	Ljava/nio/ByteBuffer;	[B
Ljava/nio/ByteBuffer;	wrap	Ljava/nio/ByteBuffer;	[B,I,I
Ljava/nio/ByteOrder;	nativeOrder	Ljava/nio/ByteOrder;	
Ljava/nio/ShortBuffer;	get	S	I
Ljava/nio/ShortBuffer;	put	Ljava/nio/ShortBuffer;	I,S
Ljava/nio/charset/Charset;	forName	Ljava/nio/charset/Charset;	Ljava/lang/String;
Ljava/nio/charset/Charset;	name	Ljava/lang/String;	
Ljava/security/MessageDigest;	digest	[B	
Ljava/security/MessageDigest;	getInstance	Ljava/security/MessageDigest;	Ljava/lang/String;
Ljava/security/MessageDigest;	update	V	[B
Ljava/security/MessageDigest;	update	V	[B,I,I
Ljava/sql/Array;	getArray	Ljava/lang/Object;	
Ljava/sql/Struct;	getAttributes	[Ljava/lang/Object;	
Ljava/text/DateFormat;	format	Ljava/lang/String;	Ljava/lang/Object;
Ljava/text/DateFormat;	getDateInstance	Ljava/text/DateFormat;	I,Ljava/util/Locale;
Ljava/text/DateFormat;	getDateTimeInstance	Ljava/text/DateFormat;	I,I,Ljava/util/Locale;
Ljava/text/DateFormat;	parse	Ljava/util/Date;	Ljava/lang/String;
Ljava/text/DateFormat;	setLenient	V	Z
Ljava/text/DecimalFormat;	<init>	V	Ljava/lang/String;
Ljava/text/DecimalFormat;	<init>	V	Ljava/lang/String;,Ljava/text/DecimalFormatSymbols;
Ljava/text/DecimalFormatSymbols;	<init>	V	Ljava/util/Locale;
Ljava/text/MessageFormat;	format	Ljava/lang/String;	Ljava/lang/String;,[Ljava/lang/Object;
Ljava/text/NumberFormat;	format	Ljava/lang/String;	D
Ljava/text/NumberFormat;	format	Ljava/lang/String;	J
Ljava/text/NumberFormat;	format	Ljava/lang/String;	Ljava/lang/Object;
Ljava/text/NumberFormat;	parse	Ljava/lang/Number;	Ljava/lang/String;
Ljava/text/SimpleDateFormat;	<init>	V	Ljava/lang/String;
Ljava/text/SimpleDateFormat;	<init>	V	Ljava/lang/String;,Ljava/util/Locale;
Ljava/text/SimpleDateFormat;	format	Ljava/lang/String;	Ljava/util/Date;
Ljava/text/SimpleDateFormat;	format	Ljava/lang/StringBuffer;	Ljava/util/Date;,Ljava/lang/StringBuffer;,Ljava/text/FieldPosition;
Ljava/util/ArrayList;	<init>	V	
Ljava/util/ArrayList;	add	Z	Ljava/lang/Object;
Ljava/util/ArrayList;	get	Ljava/lang/Object;	I
Ljava/util/ArrayList;	isEmpty	Z	
Ljava/util/ArrayList;	iterator	Ljava/util/Iterator;	
Ljava/util/ArrayList;	remove	Ljava/lang/Object;	I
Ljava/util/ArrayList;	set	Ljava/lang/Object;	I,Ljava/lang/Object;
Ljava/util/ArrayList;	size	I	
Ljava/util/Arrays;	sort	V	[Ljava/lang/Object;,Ljava/util/Comparator;
Ljava/util/Calendar;	getInstance	Ljava/util/Calendar;	
Ljava/util/Calendar;	getTime	Ljava/util/Date;	
Ljava/util/Calendar;	getTimeInMillis	J	
Ljava/util/Calendar;	set	V	I,I
Ljava/util/Calendar;	setTimeInMillis	V	J
Ljava/util/Collection;	add	Z	Ljava/lang/Object;
Ljava/util/Collection;	addAll	Z	Ljava/util/Collection;
Ljava/util/Collection;	iterator	Ljava/util/Iterator;	
Ljava/util/Collection;	size	I	
Ljava/util/Collections;	shuffle	V	Ljava/util/List;
Ljava/util/Collections;	sort	V	Ljava/util/List;
Ljava/util/Collections;	sort	V	Ljava/util/List;,Ljava/util/Comparator;
Ljava/util/Collections;	unmodifiableMap	Ljava/util/Map;	Ljava/util/Map;
Ljava/util/Date;	<init>	V	
Ljava/util/Date;	<init>	V	I,I,I,I,I,I
Ljava/util/Date;	<init>	V	J
Ljava/util/Date;	getTime	J	
Ljava/util/Date;	setTime	V	J
Ljava/util/Enumeration;	hasMoreElements	Z	
Ljava/util/Enumeration;	nextElement	Ljava/lang/Object;	
Ljava/util/HashMap;	<init>	V	
Ljava/util/HashMap;	<init>	V	I
Ljava/util/HashMap;	containsKey	Z	Ljava/lang/Object;
Ljava/util/HashMap;	get	Ljava/lang/Object;	Ljava/lang/Object;
Ljava/util/HashMap;	put	Ljava/lang/Object;	Ljava/lang/Object;,Ljava/lang/Object;
Ljava/util/HashMap;	remove	Ljava/lang/Object;	Ljava/lang/Object;
Ljava/util/HashSet;	<init>	V	
Ljava/util/Iterator;	hasNext	Z	
Ljava/util/Iterator;	next	Ljava/lang/Object;	
Ljava/util/LinkedHashMap;	<init>	V	
Ljava/util/LinkedHashMap;	<init>	V	I,F,Z
Ljava/util/LinkedHashSet;	<init>	V	
Ljava/util/LinkedList;	<init>	V	
Ljava/util/LinkedList;	add	Z	Ljava/lang/Object;
Ljava/util/LinkedList;	clear	V	
Ljava/util/LinkedList;	get	Ljava/lang/Object;	I
Ljava/util/LinkedList;	isEmpty	Z	
Ljava/util/LinkedList;	iterator	Ljava/util/Iterator;	
Ljava/util/LinkedList;	size	I	
Ljava/util/List;	add	Z	Ljava/lang/Object;
Ljava/util/List;	contains	Z	Ljava/lang/Object;
Ljava/util/List;	equals	Z	Ljava/lang/Object;
Ljava/util/List;	get	Ljava/lang/Object;	I
Ljava/util/List;	hashCode	I	
Ljava/util/List;	isEmpty	Z	
Ljava/util/List;	iterator	Ljava/util/Iterator;	
Ljava/util/List;	remove	Z	Ljava/lang/Object;
Ljava/util/List;	size	I	
Ljava/util/Locale;	<init>	V	Ljava/lang/String;
Ljava/util/Locale;	<init>	V	Ljava/lang/String;,Ljava/lang/String;
Ljava/util/Locale;	<init>	V	Ljava/lang/String;,Ljava/lang/String;,Ljava/lang/String;
Ljava/util/Locale;	equals	Z	Ljava/lang/Object;
Ljava/util/Locale;	getCountry	Ljava/lang/String;	
Ljava/util/Locale;	getDefault	Ljava/util/Locale;	
Ljava/util/Locale;	getLanguage	Ljava/lang/String;	
Ljava/util/Locale;	toString	Ljava/lang/String;	
Ljava/util/Map$Entry;	getKey	Ljava/lang/Object;	
Ljava/util/Map$Entry;	getValue	Ljava/lang/Object;	
Ljava/util/Map;	containsKey	Z	Ljava/lang/Object;
Ljava/util/Map;	entrySet	Ljava/util/Set;	
Ljava/util/Map;	get	Ljava/lang/Object;	Ljava/lang/Object;
Ljava/util/Map;	isEmpty	Z	
Ljava/util/Map;	keySet	Ljava/util/Set;	
Ljava/util/Map;	put	Ljava/lang/Object;	Ljava/lang/Object;,Ljava/lang/Object;
Ljava/util/Map;	putAll	V	Ljava/util/Map;
Ljava/util/Map;	size	I	
Ljava/util/Map;	values	Ljava/util/Collection;	
Ljava/util/Properties;	setProperty	Ljava/lang/Object;	Ljava/lang/String;,Ljava/lang/String;
Ljava/util/Random;	<init>	V	J
Ljava/util/Random;	nextInt	I	I
Ljava/util/ResourceBundle;	getBundle	Ljava/util/ResourceBundle;	Ljava/lang/String;,Ljava/util/Locale;
Ljava/util/ResourceBundle;	getString	Ljava/lang/String;	Ljava/lang/String;
Ljava/util/Set;	add	Z	Ljava/lang/Object;
Ljava/util/Set;	contains	Z	Ljava/lang/Object;
Ljava/util/Set;	isEmpty	Z	
Ljava/util/Set;	iterator	Ljava/util/Iterator;	
Ljava/util/StringTokenizer;	<init>	V	Ljava/lang/String;
Ljava/util/StringTokenizer;	hasMoreTokens	Z	
Ljava/util/StringTokenizer;	nextToken	Ljava/lang/String;	
Ljava/util/TimeZone;	getID	Ljava/lang/String;	
Ljava/util/TimeZone;	getTimeZone	Ljava/util/TimeZone;	Ljava/lang/String;
Ljava/util/TreeMap;	<init>	V	
Ljava/util/TreeMap;	<init>	V	Ljava/util/Map;
Ljava/util/TreeSet;	<init>	V	
Ljava/util/UUID;	fromString	Ljava/util/UUID;	Ljava/lang/String;
Ljava/util/UUID;	randomUUID	Ljava/util/UUID;	
Ljava/util/UUID;	toString	Ljava/lang/String;	
Ljava/util/WeakHashMap;	<init>	V	
Ljava/util/regex/Matcher;	replaceFirst	Ljava/lang/String;	Ljava/lang/String;
Ljava/util/regex/Pattern;	compile	Ljava/util/regex/Pattern;	Ljava/lang/String;
Ljava/util/regex/Pattern;	matcher	Ljava/util/regex/Matcher;	Ljava/lang/CharSequence;
Ljava/util/zip/ZipEntry;	<init>	V	Ljava/lang/String;
Ljava/util/zip/ZipInputStream;	<init>	V	Ljava/io/InputStream;
Ljava/util/zip/ZipInputStream;	close	V	
Ljava/util/zip/ZipInputStream;	closeEntry	V	
Ljava/util/zip/ZipInputStream;	getNextEntry	Ljava/util/zip/ZipEntry;	
Ljava/util/zip/ZipInputStream;	read	I	
Ljava/util/zip/ZipOutputStream;	<init>	V	Ljava/io/OutputStream;
Ljava/util/zip/ZipOutputStream;	close	V	
Ljava/util/zip/ZipOutputStream;	closeEntry	V	
Ljava/util/zip/ZipOutputStream;	flush	V	
Ljava/util/zip/ZipOutputStream;	putNextEntry	V	Ljava/util/zip/ZipEntry;
Ljava/util/zip/ZipOutputStream;	write	V	[B
Ljavax/crypto/Cipher;	doFinal	[B	[B
Ljavax/crypto/Cipher;	getIV	[B	
Ljavax/crypto/Cipher;	getInstance	Ljavax/crypto/Cipher;	Ljava/lang/String;
Ljavax/crypto/Cipher;	init	V	I,Ljava/security/Key;
Ljavax/crypto/spec/SecretKeySpec;	<init>	V	[B,Ljava/lang/String;
Ljavax/microedition/khronos/opengles/GL10;	glDeleteTextures	V	I,[I,I
Ljavax/servlet/http/HttpServlet;	<init>	V	
Ljp/co/cayto/appc/sdk/android/AppC;	<init>	V	Landroid/app/Activity;
Ljp/co/cayto/appc/sdk/android/AppC;	callAgreementActivity	V	
Ljp/co/cayto/appc/sdk/android/AppC;	callAgreementActivity	V	Ljava/lang/String;
Ljp/co/cayto/appc/sdk/android/AppC;	callCutin	V	I
Ljp/co/cayto/appc/sdk/android/AppC;	callCutin	V	I,Ljava/lang/String;
Ljp/co/cayto/appc/sdk/android/AppC;	callCutinFinish	V	I
Ljp/co/cayto/appc/sdk/android/AppC;	callWebActivity	V	
Ljp/co/cayto/appc/sdk/android/AppC;	initCutin	V	
Ljp/co/cayto/appc/sdk/android/AppC;	loadBannerView	Ljp/co/cayto/appc/sdk/android/AppCBannerView;	
Ljp/co/cayto/appc/sdk/android/AppC;	loadMarqueeView	Ljp/co/cayto/appc/sdk/android/AppCMarqueeView;	
Ljp/co/cayto/appc/sdk/android/AppC;	loadMarqueeView	Ljp/co/cayto/appc/sdk/android/AppCMarqueeView;	Ljava/lang/String;
Ljp/co/cayto/appc/sdk/android/AppC;	loadMoveIconView	Ljp/co/cayto/appc/sdk/android/AppCMoveIconView;	
Ljp/co/cayto/appc/sdk/android/AppC;	loadMoveIconView	Ljp/co/cayto/appc/sdk/android/AppCMoveIconView;	Ljava/lang/String;
Ljp/co/cayto/appc/sdk/android/AppC;	loadMoveIconView	Ljp/co/cayto/appc/sdk/android/AppCMoveIconView;	Ljava/lang/String;,Ljava/lang/String;
Ljp/co/cayto/appc/sdk/android/AppC;	loadSimpleView	Ljp/co/cayto/appc/sdk/android/AppCSimpleView;	
Ljp/co/cayto/appc/sdk/android/AppC;	loadSimpleView	Ljp/co/cayto/appc/sdk/android/AppCSimpleView;	Ljava/lang/String;
Ljp/co/cayto/appc/sdk/android/AppC;	loadSimpleView	Ljp/co/cayto/appc/sdk/android/AppCSimpleView;	Ljava/lang/String;,Ljava/lang/String;
Ljp/co/cayto/appc/sdk/android/AppC;	registCPI	V	Ljava/lang/String;,Ljava/lang/String;
Ljp/co/cayto/appc/sdk/android/AppCAgreementActivity;	<init>	V	
Ljp/co/cayto/appc/sdk/android/AppCAgreementActivity;	finish	V	
Ljp/co/cayto/appc/sdk/android/AppCAgreementActivity;	getApplicationContext	Landroid/content/Context;	
Ljp/co/cayto/appc/sdk/android/AppCAgreementActivity;	getIntent	Landroid/content/Intent;	
Ljp/co/cayto/appc/sdk/android/AppCAgreementActivity;	onCreate	V	Landroid/os/Bundle;
Ljp/co/cayto/appc/sdk/android/AppCAgreementActivity;	onCreateDialog	Landroid/app/Dialog;	I
Ljp/co/cayto/appc/sdk/android/AppCAgreementActivity;	requestWindowFeature	Z	I
Ljp/co/cayto/appc/sdk/android/AppCAgreementActivity;	setContentView	V	Landroid/view/View;
Ljp/co/cayto/appc/sdk/android/AppCAgreementActivity;	setResult	V	I,Landroid/content/Intent;
Ljp/co/cayto/appc/sdk/android/AppCAgreementActivity;	startActivity	V	Landroid/content/Intent;
Ljp/co/cayto/appc/sdk/android/AppCBannerView$a;	<init>	V	Ljp/co/cayto/appc/sdk/android/AppCBannerView;,Landroid/content/Context;,Landroid/support/v4/view/ViewPager;,Ljava/util/ArrayList;
Ljp/co/cayto/appc/sdk/android/AppCBannerView$a;	a	Landroid/support/v4/view/ViewPager;	Ljp/co/cayto/appc/sdk/android/AppCBannerView$a;
Ljp/co/cayto/appc/sdk/android/AppCBannerView$a;	a	V	Ljp/co/cayto/appc/sdk/android/AppCBannerView$a;,Z
Ljp/co/cayto/appc/sdk/android/AppCBannerView$a;	b	Z	Ljp/co/cayto/appc/sdk/android/AppCBannerView$a;
Ljp/co/cayto/appc/sdk/android/AppCBannerView$a;	c	Ljp/co/cayto/appc/sdk/android/AppCBannerView;	Ljp/co/cayto/appc/sdk/android/AppCBannerView$a;
Ljp/co/cayto/appc/sdk/android/AppCBannerView$a;	doInBackground	Ljava/lang/Object;	[Ljava/lang/Object;
Ljp/co/cayto/appc/sdk/android/AppCBannerView$a;	execute	Landroid/os/AsyncTask;	[Ljava/lang/Object;
Ljp/co/cayto/appc/sdk/android/AppCBannerView$a;	onPostExecute	V	Ljava/lang/Object;
Ljp/co/cayto/appc/sdk/android/AppCBannerView$b;	<init>	V	Ljp/co/cayto/appc/sdk/android/AppCBannerView;,Landroid/content/Context;,Landroid/support/v4/view/ViewPager;,Ljava/util/ArrayList;,Ljava/util/List;
Ljp/co/cayto/appc/sdk/android/AppCBannerView;	<init>	V	Landroid/content/Context;
Ljp/co/cayto/appc/sdk/android/AppCBannerView;	<init>	V	Landroid/content/Context;,Landroid/util/AttributeSet;
Ljp/co/cayto/appc/sdk/android/AppCBannerView;	access$0	V	Ljp/co/cayto/appc/sdk/android/AppCBannerView;,I
Ljp/co/cayto/appc/sdk/android/AppCBannerView;	access$1	I	Ljp/co/cayto/appc/sdk/android/AppCBannerView;
Ljp/co/cayto/appc/sdk/android/AppCBannerView;	access$2	I	Ljp/co/cayto/appc/sdk/android/AppCBannerView;
Ljp/co/cayto/appc/sdk/android/AppCBannerView;	access$3	I	Ljp/co/cayto/appc/sdk/android/AppCBannerView;
Ljp/co/cayto/appc/sdk/android/AppCBannerView;	addView	V	Landroid/view/View;,Landroid/view/ViewGroup$LayoutParams;
Ljp/co/cayto/appc/sdk/android/AppCBannerView;	createView	Ljp/co/cayto/appc/sdk/android/AppCBannerView;	
Ljp/co/cayto/appc/sdk/android/AppCBannerView;	getContext	Landroid/content/Context;	
Ljp/co/cayto/appc/sdk/android/AppCBannerView;	getView	Landroid/view/View;	
Ljp/co/cayto/appc/sdk/android/AppCBannerView;	onLayout	V	Z,I,I,I,I
Ljp/co/cayto/appc/sdk/android/AppCBannerView;	onMeasure	V	I,I
Ljp/co/cayto/appc/sdk/android/AppCBannerView;	setView	V	Landroid/view/View;
Ljp/co/cayto/appc/sdk/android/AppCBannerView;	setVisibility	V	I
Ljp/co/cayto/appc/sdk/android/AppCCutinView$ICutInView;	cancelButtonClick	V	Landroid/view/View;
Ljp/co/cayto/appc/sdk/android/AppCCutinView$ICutInView;	createLayout	Landroid/view/View;	Landroid/app/Activity;,Ljava/lang/String;,Landroid/widget/ImageButton;,Landroid/widget/ImageButton;,Landroid/widget/ImageButton;
Ljp/co/cayto/appc/sdk/android/AppCCutinView$ICutInView;	exitButtonClick	V	Landroid/view/View;
Ljp/co/cayto/appc/sdk/android/AppCCutinView$ICutInView;	installButtonClick	V	Landroid/view/View;
Ljp/co/cayto/appc/sdk/android/AppCCutinView$ICutInView;	otherButtonClick	V	Landroid/view/View;
Ljp/co/cayto/appc/sdk/android/AppCCutinView;	<init>	V	Landroid/app/Activity;
Ljp/co/cayto/appc/sdk/android/AppCCutinView;	access$0	V	Ljp/co/cayto/appc/sdk/android/AppCCutinView;
Ljp/co/cayto/appc/sdk/android/AppCCutinView;	access$1	Landroid/app/Activity;	Ljp/co/cayto/appc/sdk/android/AppCCutinView;
Ljp/co/cayto/appc/sdk/android/AppCCutinView;	access$2	V	Ljp/co/cayto/appc/sdk/android/AppCCutinView;,Ljava/lang/Boolean;
Ljp/co/cayto/appc/sdk/android/AppCCutinView;	cleanupView	V	Landroid/view/View;
Ljp/co/cayto/appc/sdk/android/AppCCutinView;	createCutInView	V	Ljava/lang/String;,Ljava/lang/String;
Ljp/co/cayto/appc/sdk/android/AppCCutinView;	init	V	
Ljp/co/cayto/appc/sdk/android/AppCCutinView;	removeLayout	V	
Ljp/co/cayto/appc/sdk/android/AppCCutinView;	show	V	Ljava/lang/String;,Ljava/lang/String;
Ljp/co/cayto/appc/sdk/android/AppCMarqueeView$a;	<init>	V	Ljp/co/cayto/appc/sdk/android/AppCMarqueeView;,Landroid/content/Context;
Ljp/co/cayto/appc/sdk/android/AppCMarqueeView$a;	doInBackground	Ljava/lang/Object;	[Ljava/lang/Object;
Ljp/co/cayto/appc/sdk/android/AppCMarqueeView$a;	execute	Landroid/os/AsyncTask;	[Ljava/lang/Object;
Ljp/co/cayto/appc/sdk/android/AppCMarqueeView$a;	onPostExecute	V	Ljava/lang/Object;
Ljp/co/cayto/appc/sdk/android/AppCMarqueeView;	<init>	V	Landroid/content/Context;
Ljp/co/cayto/appc/sdk/android/AppCMarqueeView;	<init>	V	Landroid/content/Context;,Landroid/util/AttributeSet;
Ljp/co/cayto/appc/sdk/android/AppCMarqueeView;	access$0	Landroid/widget/TextView;	Ljp/co/cayto/appc/sdk/android/AppCMarqueeView;
Ljp/co/cayto/appc/sdk/android/AppCMarqueeView;	addView	V	Landroid/view/View;,Landroid/view/ViewGroup$LayoutParams;
Ljp/co/cayto/appc/sdk/android/AppCMarqueeView;	createView	Ljp/co/cayto/appc/sdk/android/AppCMarqueeView;	Ljava/lang/String;
Ljp/co/cayto/appc/sdk/android/AppCMarqueeView;	getContext	Landroid/content/Context;	
Ljp/co/cayto/appc/sdk/android/AppCMarqueeView;	getToday	Ljava/lang/String;	
Ljp/co/cayto/appc/sdk/android/AppCMarqueeView;	getView	Landroid/view/View;	I
Ljp/co/cayto/appc/sdk/android/AppCMarqueeView;	onClick	V	Landroid/view/View;
Ljp/co/cayto/appc/sdk/android/AppCMarqueeView;	onLayout	V	Z,I,I,I,I
Ljp/co/cayto/appc/sdk/android/AppCMarqueeView;	onMeasure	V	I,I
Ljp/co/cayto/appc/sdk/android/AppCMarqueeView;	setView	V	Landroid/view/View;
Ljp/co/cayto/appc/sdk/android/AppCMarqueeView;	setVisibility	V	I
Ljp/co/cayto/appc/sdk/android/AppCMoveIconView$a;	<init>	V	Ljp/co/cayto/appc/sdk/android/AppCMoveIconView;,Landroid/content/Context;,Landroid/support/v4/view/ViewPager;
Ljp/co/cayto/appc/sdk/android/AppCMoveIconView$a;	a	Landroid/support/v4/view/ViewPager;	Ljp/co/cayto/appc/sdk/android/AppCMoveIconView$a;
Ljp/co/cayto/appc/sdk/android/AppCMoveIconView$a;	a	Ljava/util/ArrayList;	
Ljp/co/cayto/appc/sdk/android/AppCMoveIconView$a;	b	Landroid/widget/ImageView;	
Ljp/co/cayto/appc/sdk/android/AppCMoveIconView$a;	b	Ljp/co/cayto/appc/sdk/android/AppCMoveIconView;	Ljp/co/cayto/appc/sdk/android/AppCMoveIconView$a;
Ljp/co/cayto/appc/sdk/android/AppCMoveIconView$a;	c	Landroid/widget/ImageView;	
Ljp/co/cayto/appc/sdk/android/AppCMoveIconView$a;	doInBackground	Ljava/lang/Object;	[Ljava/lang/Object;
Ljp/co/cayto/appc/sdk/android/AppCMoveIconView$a;	execute	Landroid/os/AsyncTask;	[Ljava/lang/Object;
Ljp/co/cayto/appc/sdk/android/AppCMoveIconView$a;	onPostExecute	V	Ljava/lang/Object;
Ljp/co/cayto/appc/sdk/android/AppCMoveIconView$b;	<init>	V	Ljp/co/cayto/appc/sdk/android/AppCMoveIconView;
Ljp/co/cayto/appc/sdk/android/AppCMoveIconView$c;	<init>	V	Ljp/co/cayto/appc/sdk/android/AppCMoveIconView;,Landroid/content/Context;,Ljava/util/ArrayList;
Ljp/co/cayto/appc/sdk/android/AppCMoveIconView$c;	a	Ljava/util/ArrayList;	Ljp/co/cayto/appc/sdk/android/AppCMoveIconView$c;
Ljp/co/cayto/appc/sdk/android/AppCMoveIconView$c;	notifyDataSetChanged	V	
Ljp/co/cayto/appc/sdk/android/AppCMoveIconView$d;	<init>	V	Ljp/co/cayto/appc/sdk/android/AppCMoveIconView;,Landroid/content/Context;
Ljp/co/cayto/appc/sdk/android/AppCMoveIconView$e;	<init>	V	Ljp/co/cayto/appc/sdk/android/AppCMoveIconView;
Ljp/co/cayto/appc/sdk/android/AppCMoveIconView;	<init>	V	Landroid/content/Context;
Ljp/co/cayto/appc/sdk/android/AppCMoveIconView;	<init>	V	Landroid/content/Context;,Landroid/util/AttributeSet;
Ljp/co/cayto/appc/sdk/android/AppCMoveIconView;	<init>	V	Landroid/content/Context;,Ljava/lang/String;,Ljava/lang/String;
Ljp/co/cayto/appc/sdk/android/AppCMoveIconView;	access$0	I	Ljp/co/cayto/appc/sdk/android/AppCMoveIconView;
Ljp/co/cayto/appc/sdk/android/AppCMoveIconView;	access$1	V	Ljp/co/cayto/appc/sdk/android/AppCMoveIconView;,I
Ljp/co/cayto/appc/sdk/android/AppCMoveIconView;	access$2	I	Ljp/co/cayto/appc/sdk/android/AppCMoveIconView;
Ljp/co/cayto/appc/sdk/android/AppCMoveIconView;	access$3	Ljp/co/cayto/appc/sdk/android/AppCMoveIconView$e;	Ljp/co/cayto/appc/sdk/android/AppCMoveIconView;
Ljp/co/cayto/appc/sdk/android/AppCMoveIconView;	access$4	I	Ljp/co/cayto/appc/sdk/android/AppCMoveIconView;
Ljp/co/cayto/appc/sdk/android/AppCMoveIconView;	addView	V	Landroid/view/View;,Landroid/view/ViewGroup$LayoutParams;
Ljp/co/cayto/appc/sdk/android/AppCMoveIconView;	createView	Ljp/co/cayto/appc/sdk/android/AppCMoveIconView;	Ljava/lang/String;,Ljava/lang/String;
Ljp/co/cayto/appc/sdk/android/AppCMoveIconView;	getContext	Landroid/content/Context;	
Ljp/co/cayto/appc/sdk/android/AppCMoveIconView;	getResources	Landroid/content/res/Resources;	
Ljp/co/cayto/appc/sdk/android/AppCMoveIconView;	getView	Landroid/widget/FrameLayout;	
Ljp/co/cayto/appc/sdk/android/AppCMoveIconView;	onLayout	V	Z,I,I,I,I
Ljp/co/cayto/appc/sdk/android/AppCMoveIconView;	onMeasure	V	I,I
Ljp/co/cayto/appc/sdk/android/AppCMoveIconView;	setView	V	Landroid/widget/FrameLayout;
Ljp/co/cayto/appc/sdk/android/AppCMoveIconView;	setVisibility	V	I
Ljp/co/cayto/appc/sdk/android/AppCSimpleView;	<init>	V	Landroid/content/Context;
Ljp/co/cayto/appc/sdk/android/AppCSimpleView;	<init>	V	Landroid/content/Context;,Landroid/util/AttributeSet;
Ljp/co/cayto/appc/sdk/android/AppCSimpleView;	addView	V	Landroid/view/View;,Landroid/view/ViewGroup$LayoutParams;
Ljp/co/cayto/appc/sdk/android/AppCSimpleView;	createScrollView	V	Ljava/lang/String;,Ljava/lang/String;,Landroid/widget/Button;,Landroid/widget/ImageButton;,Landroid/widget/LinearLayout;
Ljp/co/cayto/appc/sdk/android/AppCSimpleView;	createView	Ljp/co/cayto/appc/sdk/android/AppCSimpleView;	Ljava/lang/String;,Ljava/lang/String;
Ljp/co/cayto/appc/sdk/android/AppCSimpleView;	getContext	Landroid/content/Context;	
Ljp/co/cayto/appc/sdk/android/AppCSimpleView;	getView	Landroid/view/View;	Ljava/lang/String;,Ljava/lang/String;,Ljava/lang/String;
Ljp/co/cayto/appc/sdk/android/AppCSimpleView;	onLayout	V	Z,I,I,I,I
Ljp/co/cayto/appc/sdk/android/AppCSimpleView;	onMeasure	V	I,I
Ljp/co/cayto/appc/sdk/android/AppCSimpleView;	setView	V	Landroid/view/View;
Ljp/co/cayto/appc/sdk/android/AppCSimpleView;	setVisibility	V	I
Ljp/co/cayto/appc/sdk/android/AppCWebActivity$a;	<init>	V	Ljp/co/cayto/appc/sdk/android/AppCWebActivity;
Ljp/co/cayto/appc/sdk/android/AppCWebActivity$a;	onProgressChanged	V	Landroid/webkit/WebView;,I
Ljp/co/cayto/appc/sdk/android/AppCWebActivity$b;	<init>	V	Ljp/co/cayto/appc/sdk/android/AppCWebActivity;
Ljp/co/cayto/appc/sdk/android/AppCWebActivity$b;	onPageFinished	V	Landroid/webkit/WebView;,Ljava/lang/String;
Ljp/co/cayto/appc/sdk/android/AppCWebActivity$b;	onPageStarted	V	Landroid/webkit/WebView;,Ljava/lang/String;,Landroid/graphics/Bitmap;
Ljp/co/cayto/appc/sdk/android/AppCWebActivity$b;	shouldOverrideUrlLoading	Z	Landroid/webkit/WebView;,Ljava/lang/String;
Ljp/co/cayto/appc/sdk/android/AppCWebActivity;	<init>	V	
Ljp/co/cayto/appc/sdk/android/AppCWebActivity;	DisplayAgreement	V	
Ljp/co/cayto/appc/sdk/android/AppCWebActivity;	access$0	V	Ljp/co/cayto/appc/sdk/android/AppCWebActivity;,Landroid/app/ProgressDialog;
Ljp/co/cayto/appc/sdk/android/AppCWebActivity;	access$1	Landroid/app/ProgressDialog;	Ljp/co/cayto/appc/sdk/android/AppCWebActivity;
Ljp/co/cayto/appc/sdk/android/AppCWebActivity;	access$2	Ljava/lang/String;	Ljp/co/cayto/appc/sdk/android/AppCWebActivity;
Ljp/co/cayto/appc/sdk/android/AppCWebActivity;	access$3	V	Ljp/co/cayto/appc/sdk/android/AppCWebActivity;,Z
Ljp/co/cayto/appc/sdk/android/AppCWebActivity;	access$4	V	Ljp/co/cayto/appc/sdk/android/AppCWebActivity;,Ljava/lang/String;
Ljp/co/cayto/appc/sdk/android/AppCWebActivity;	backApp	V	
Ljp/co/cayto/appc/sdk/android/AppCWebActivity;	checkInstalledApps	Ljava/lang/String;	Ljava/lang/String;
Ljp/co/cayto/appc/sdk/android/AppCWebActivity;	findViewById	Landroid/view/View;	I
Ljp/co/cayto/appc/sdk/android/AppCWebActivity;	finish	V	
Ljp/co/cayto/appc/sdk/android/AppCWebActivity;	getApplicationContext	Landroid/content/Context;	
Ljp/co/cayto/appc/sdk/android/AppCWebActivity;	getIntent	Landroid/content/Intent;	
Ljp/co/cayto/appc/sdk/android/AppCWebActivity;	getPackageManager	Landroid/content/pm/PackageManager;	
Ljp/co/cayto/appc/sdk/android/AppCWebActivity;	getPackageName	Ljava/lang/String;	
Ljp/co/cayto/appc/sdk/android/AppCWebActivity;	onCreate	V	Landroid/os/Bundle;
Ljp/co/cayto/appc/sdk/android/AppCWebActivity;	onDestroy	V	
Ljp/co/cayto/appc/sdk/android/AppCWebActivity;	onKeyDown	Z	I,Landroid/view/KeyEvent;
Ljp/co/cayto/appc/sdk/android/AppCWebActivity;	onStart	V	
Ljp/co/cayto/appc/sdk/android/AppCWebActivity;	registCpiByStaffReview	V	Ljava/lang/String;,Ljava/lang/String;
Ljp/co/cayto/appc/sdk/android/AppCWebActivity;	requestWindowFeature	Z	I
Ljp/co/cayto/appc/sdk/android/AppCWebActivity;	setContentView	V	Landroid/view/View;
Ljp/co/cayto/appc/sdk/android/AppCWebActivity;	startActivity	V	Landroid/content/Intent;
Ljp/co/cayto/appc/sdk/android/AppCWebActivity;	unregisterForContextMenu	V	Landroid/view/View;
Ljp/co/cayto/appc/sdk/android/a/a$a;	<init>	V	Ljp/co/cayto/appc/sdk/android/a/a;,Landroid/content/Context;,Ljava/lang/String;
Ljp/co/cayto/appc/sdk/android/a/a$a;	a	Z	Ljp/co/cayto/appc/sdk/android/a/a$a;
Ljp/co/cayto/appc/sdk/android/a/a$a;	b	Ljp/co/cayto/appc/sdk/android/a/a;	Ljp/co/cayto/appc/sdk/android/a/a$a;
Ljp/co/cayto/appc/sdk/android/a/a$a;	doInBackground	Ljava/lang/Object;	[Ljava/lang/Object;
Ljp/co/cayto/appc/sdk/android/a/a$a;	execute	Landroid/os/AsyncTask;	[Ljava/lang/Object;
Ljp/co/cayto/appc/sdk/android/a/a$a;	onPostExecute	V	Ljava/lang/Object;
Ljp/co/cayto/appc/sdk/android/a/a;	<init>	V	
Ljp/co/cayto/appc/sdk/android/a/a;	a	Ljava/util/ArrayList;	Landroid/content/Context;,Ljava/util/ArrayList;
Ljp/co/cayto/appc/sdk/android/a/a;	a	Ljp/co/cayto/appc/sdk/android/a/a;	Landroid/content/Context;
Ljp/co/cayto/appc/sdk/android/a/a;	a	Ljp/co/cayto/appc/sdk/android/b/b;	Landroid/content/Context;,Ljava/util/HashMap;
Ljp/co/cayto/appc/sdk/android/a/a;	a	Ljp/co/cayto/appc/sdk/android/b/b;	Ljava/lang/String;
Ljp/co/cayto/appc/sdk/android/a/a;	a	Ljp/co/cayto/appc/sdk/android/b/b;	Ljp/co/cayto/appc/sdk/android/a/a;,Landroid/content/Context;
Ljp/co/cayto/appc/sdk/android/a/a;	a	V	Landroid/content/Context;,Landroid/content/Intent;
Ljp/co/cayto/appc/sdk/android/a/a;	a	V	Landroid/content/Context;,Ljava/lang/String;
Ljp/co/cayto/appc/sdk/android/a/a;	a	V	Landroid/content/Context;,Ljava/util/HashMap;,Ljava/lang/String;
Ljp/co/cayto/appc/sdk/android/a/a;	a	V	Ljp/co/cayto/appc/sdk/android/a/a;,Landroid/content/Context;,Ljava/lang/String;
Ljp/co/cayto/appc/sdk/android/a/a;	a	Z	
Ljp/co/cayto/appc/sdk/android/a/a;	b	Ljava/util/ArrayList;	Landroid/content/Context;,Ljava/lang/String;
Ljp/co/cayto/appc/sdk/android/a/a;	b	Ljava/util/ArrayList;	Landroid/content/Context;,Ljava/util/ArrayList;
Ljp/co/cayto/appc/sdk/android/a/a;	b	Ljp/co/cayto/appc/sdk/android/b/b;	Ljava/lang/String;
Ljp/co/cayto/appc/sdk/android/a/a;	b	V	Landroid/content/Context;
Ljp/co/cayto/appc/sdk/android/a/a;	b	V	Landroid/content/Context;,Ljava/util/HashMap;,Ljava/lang/String;
Ljp/co/cayto/appc/sdk/android/a/a;	b	V	Ljp/co/cayto/appc/sdk/android/a/a;,Landroid/content/Context;
Ljp/co/cayto/appc/sdk/android/a/a;	c	V	Landroid/content/Context;
Ljp/co/cayto/appc/sdk/android/a/a;	c	V	Landroid/content/Context;,Ljava/lang/String;
Ljp/co/cayto/appc/sdk/android/a/a;	d	Ljava/util/ArrayList;	Landroid/content/Context;,Ljava/lang/String;
Ljp/co/cayto/appc/sdk/android/a/a;	d	Ljp/co/cayto/appc/sdk/android/b/b;	Landroid/content/Context;
Ljp/co/cayto/appc/sdk/android/a/a;	e	V	Landroid/content/Context;
Ljp/co/cayto/appc/sdk/android/a/a;	f	V	Landroid/content/Context;
Ljp/co/cayto/appc/sdk/android/a/b;	<init>	V	Ljp/co/cayto/appc/sdk/android/a/a;,Ljava/util/HashMap;,Landroid/content/Context;,Ljava/lang/String;
Ljp/co/cayto/appc/sdk/android/a/b;	run	V	
Ljp/co/cayto/appc/sdk/android/a/c;	<init>	V	Ljp/co/cayto/appc/sdk/android/a/a;,Landroid/content/Context;,Ljava/lang/String;
Ljp/co/cayto/appc/sdk/android/a/c;	run	V	
Ljp/co/cayto/appc/sdk/android/a/d;	<init>	V	Ljp/co/cayto/appc/sdk/android/a/a;
Ljp/co/cayto/appc/sdk/android/a/d;	getResultExtras	Landroid/os/Bundle;	Z
Ljp/co/cayto/appc/sdk/android/a/d;	onReceive	V	Landroid/content/Context;,Landroid/content/Intent;
Ljp/co/cayto/appc/sdk/android/a/e;	<init>	V	Ljp/co/cayto/appc/sdk/android/a/a;,Landroid/content/Context;,Ljava/lang/String;
Ljp/co/cayto/appc/sdk/android/a/e;	run	V	
Ljp/co/cayto/appc/sdk/android/a/f;	<init>	V	Ljp/co/cayto/appc/sdk/android/a/a;
Ljp/co/cayto/appc/sdk/android/a/f;	onReceive	V	Landroid/content/Context;,Landroid/content/Intent;
Ljp/co/cayto/appc/sdk/android/a/g;	<init>	V	Ljp/co/cayto/appc/sdk/android/a/a$a;
Ljp/co/cayto/appc/sdk/android/a/g;	onReceive	V	Landroid/content/Context;,Landroid/content/Intent;
Ljp/co/cayto/appc/sdk/android/a/h;	<clinit>	V	
Ljp/co/cayto/appc/sdk/android/a/h;	<init>	V	Landroid/content/Context;
Ljp/co/cayto/appc/sdk/android/a/h;	a	Ljava/lang/String;	Ljava/lang/String;
Ljp/co/cayto/appc/sdk/android/a/h;	a	Ljava/lang/String;	Ljava/lang/String;,Z
Ljp/co/cayto/appc/sdk/android/a/h;	a	V	
Ljp/co/cayto/appc/sdk/android/a/h;	a	V	Ljava/lang/String;,Ljava/lang/String;
Ljp/co/cayto/appc/sdk/android/a/h;	b	Ljava/lang/String;	Ljava/lang/String;
Ljp/co/cayto/appc/sdk/android/a/h;	b	V	
Ljp/co/cayto/appc/sdk/android/a/h;	b	V	Ljava/lang/String;,Ljava/lang/String;
Ljp/co/cayto/appc/sdk/android/a/h;	c	Ljava/util/ArrayList;	
Ljp/co/cayto/appc/sdk/android/a/h;	c	V	Ljava/lang/String;
Ljp/co/cayto/appc/sdk/android/a/h;	d	Z	Ljava/lang/String;
Ljp/co/cayto/appc/sdk/android/a/h;	e	V	Ljava/lang/String;
Ljp/co/cayto/appc/sdk/android/a/h;	getReadableDatabase	Landroid/database/sqlite/SQLiteDatabase;	
Ljp/co/cayto/appc/sdk/android/a/h;	getWritableDatabase	Landroid/database/sqlite/SQLiteDatabase;	
Ljp/co/cayto/appc/sdk/android/a/h;	onCreate	V	Landroid/database/sqlite/SQLiteDatabase;
Ljp/co/cayto/appc/sdk/android/a/h;	onUpgrade	V	Landroid/database/sqlite/SQLiteDatabase;,I,I
Ljp/co/cayto/appc/sdk/android/a/i;	a	Ljava/lang/String;	Ljava/lang/String;,Ljava/util/ArrayList;,Ljava/util/ArrayList;
Ljp/co/cayto/appc/sdk/android/a/i;	a	[B	Ljava/lang/String;
Ljp/co/cayto/appc/sdk/android/a/j;	<clinit>	V	
Ljp/co/cayto/appc/sdk/android/a/j;	a	I	Ljava/lang/String;,Ljava/lang/String;
Ljp/co/cayto/appc/sdk/android/a/j;	a	Landroid/graphics/Bitmap;	I,Z
Ljp/co/cayto/appc/sdk/android/a/j;	a	Landroid/graphics/Bitmap;	Landroid/graphics/Bitmap;,I,I
Ljp/co/cayto/appc/sdk/android/a/j;	a	Landroid/graphics/Bitmap;	Landroid/graphics/Bitmap;,I,I,I
Ljp/co/cayto/appc/sdk/android/a/j;	a	Landroid/graphics/Bitmap;	Ljava/lang/String;
Ljp/co/cayto/appc/sdk/android/a/j;	a	Landroid/graphics/Bitmap;	Ljava/lang/String;,I
Ljp/co/cayto/appc/sdk/android/a/j;	a	Landroid/graphics/Bitmap;	Ljava/lang/String;,Landroid/content/Context;
Ljp/co/cayto/appc/sdk/android/a/j;	a	Landroid/graphics/Bitmap;	Ljava/lang/String;,Z,Landroid/content/Context;
Ljp/co/cayto/appc/sdk/android/a/j;	a	Landroid/view/animation/AlphaAnimation;	
Ljp/co/cayto/appc/sdk/android/a/j;	a	Landroid/view/animation/AlphaAnimation;	F,F
Ljp/co/cayto/appc/sdk/android/a/j;	a	V	Ljava/lang/String;,Landroid/graphics/Bitmap;
Ljp/co/cayto/appc/sdk/android/a/j;	b	Landroid/graphics/Bitmap;	Ljava/lang/String;
Ljp/co/cayto/appc/sdk/android/a/k;	a	Ljava/lang/String;	Landroid/content/Context;,Ljava/lang/String;,Ljava/lang/String;
Ljp/co/cayto/appc/sdk/android/a/k;	a	V	Landroid/content/Context;
Ljp/co/cayto/appc/sdk/android/a/k;	a	V	Landroid/content/Context;,Ljava/lang/String;
Ljp/co/cayto/appc/sdk/android/a/k;	b	Ljava/lang/String;	Landroid/content/Context;,Ljava/lang/String;
Ljp/co/cayto/appc/sdk/android/a/k;	b	V	Landroid/content/Context;
Ljp/co/cayto/appc/sdk/android/a/k;	b	V	Landroid/content/Context;,Ljava/lang/String;,Ljava/lang/String;
Ljp/co/cayto/appc/sdk/android/a/k;	c	Z	Landroid/content/Context;
Ljp/co/cayto/appc/sdk/android/a/k;	d	Ljava/lang/String;	Landroid/content/Context;
Ljp/co/cayto/appc/sdk/android/a/k;	e	I	Landroid/content/Context;
Ljp/co/cayto/appc/sdk/android/a/l;	<clinit>	V	
Ljp/co/cayto/appc/sdk/android/a;	<init>	V	Ljp/co/cayto/appc/sdk/android/AppCAgreementActivity;,Ljava/lang/String;
Ljp/co/cayto/appc/sdk/android/a;	onClick	V	Landroid/content/DialogInterface;,I
Ljp/co/cayto/appc/sdk/android/b/a;	<clinit>	V	
Ljp/co/cayto/appc/sdk/android/b/a;	<init>	V	
Ljp/co/cayto/appc/sdk/android/b/a;	a	Ljava/lang/String;	Ljava/lang/String;
Ljp/co/cayto/appc/sdk/android/b/a;	a	Ljava/util/HashMap;	
Ljp/co/cayto/appc/sdk/android/b/a;	a	V	Ljava/lang/String;,Ljava/lang/String;
Ljp/co/cayto/appc/sdk/android/b/a;	b	Ljava/lang/String;	Ljava/lang/String;
Ljp/co/cayto/appc/sdk/android/b/b;	<init>	V	
Ljp/co/cayto/appc/sdk/android/b/b;	a	Ljava/lang/String;	Ljava/lang/String;
Ljp/co/cayto/appc/sdk/android/b/b;	a	Ljava/util/ArrayList;	
Ljp/co/cayto/appc/sdk/android/b/b;	a	V	Ljava/lang/String;,Ljava/lang/String;
Ljp/co/cayto/appc/sdk/android/b/b;	a	V	Ljp/co/cayto/appc/sdk/android/b/a;
Ljp/co/cayto/appc/sdk/android/b/b;	b	Ljava/util/ArrayList;	
Ljp/co/cayto/appc/sdk/android/b;	<init>	V	Ljp/co/cayto/appc/sdk/android/AppCAgreementActivity;,Ljava/lang/String;
Ljp/co/cayto/appc/sdk/android/b;	onClick	V	Landroid/content/DialogInterface;,I
Ljp/co/cayto/appc/sdk/android/background/BgAppReceiver;	<init>	V	
Ljp/co/cayto/appc/sdk/android/background/BgAppReceiver;	getResultExtras	Landroid/os/Bundle;	Z
Ljp/co/cayto/appc/sdk/android/background/BgAppReceiver;	onReceive	V	Landroid/content/Context;,Landroid/content/Intent;
Ljp/co/cayto/appc/sdk/android/background/BgAppReceiver;	setResultExtras	V	Landroid/os/Bundle;
Ljp/co/cayto/appc/sdk/android/background/BootStrap;	<init>	V	
Ljp/co/cayto/appc/sdk/android/background/BootStrap;	onReceive	V	Landroid/content/Context;,Landroid/content/Intent;
Ljp/co/cayto/appc/sdk/android/background/IDService;	<init>	V	
Ljp/co/cayto/appc/sdk/android/background/IDService;	getApplicationContext	Landroid/content/Context;	
Ljp/co/cayto/appc/sdk/android/background/IDService;	onBind	Landroid/os/IBinder;	Landroid/content/Intent;
Ljp/co/cayto/appc/sdk/android/background/IDService;	onCreate	V	
Ljp/co/cayto/appc/sdk/android/background/IDService;	onDestroy	V	
Ljp/co/cayto/appc/sdk/android/background/IDService;	onStart	V	Landroid/content/Intent;,I
Ljp/co/cayto/appc/sdk/android/background/IDService;	onUnbind	Z	Landroid/content/Intent;
Ljp/co/cayto/appc/sdk/android/background/IDService;	stopSelf	V	
Ljp/co/cayto/appc/sdk/android/background/a;	<init>	V	Ljp/co/cayto/appc/sdk/android/background/IDService;,Ljp/co/cayto/appc/sdk/android/a/a;,Landroid/content/Context;
Ljp/co/cayto/appc/sdk/android/background/a;	run	V	
Ljp/co/cayto/appc/sdk/android/c/a/a;	<init>	V	
Ljp/co/cayto/appc/sdk/android/c/a/aa;	<init>	V	
Ljp/co/cayto/appc/sdk/android/c/a/ab;	<init>	V	
Ljp/co/cayto/appc/sdk/android/c/a/ac;	<init>	V	
Ljp/co/cayto/appc/sdk/android/c/a/ad;	<init>	V	
Ljp/co/cayto/appc/sdk/android/c/a/ae;	<init>	V	
Ljp/co/cayto/appc/sdk/android/c/a/af;	<init>	V	
Ljp/co/cayto/appc/sdk/android/c/a/ag;	<init>	V	
Ljp/co/cayto/appc/sdk/android/c/a/ah;	<init>	V	
Ljp/co/cayto/appc/sdk/android/c/a/ai;	<init>	V	
Ljp/co/cayto/appc/sdk/android/c/a/aj;	<init>	V	
Ljp/co/cayto/appc/sdk/android/c/a/b;	<init>	V	
Ljp/co/cayto/appc/sdk/android/c/a/c;	<init>	V	
Ljp/co/cayto/appc/sdk/android/c/a/d;	<init>	V	
Ljp/co/cayto/appc/sdk/android/c/a/e;	<init>	V	
Ljp/co/cayto/appc/sdk/android/c/a/f;	<init>	V	
Ljp/co/cayto/appc/sdk/android/c/a/g;	<init>	V	
Ljp/co/cayto/appc/sdk/android/c/a/h;	<init>	V	
Ljp/co/cayto/appc/sdk/android/c/a/i;	<init>	V	
Ljp/co/cayto/appc/sdk/android/c/a/j;	<init>	V	
Ljp/co/cayto/appc/sdk/android/c/a/k;	<init>	V	
Ljp/co/cayto/appc/sdk/android/c/a/l;	<init>	V	
Ljp/co/cayto/appc/sdk/android/c/a/m;	<init>	V	
Ljp/co/cayto/appc/sdk/android/c/a/n;	<init>	V	
Ljp/co/cayto/appc/sdk/android/c/a/o;	<init>	V	
Ljp/co/cayto/appc/sdk/android/c/a/p;	<init>	V	
Ljp/co/cayto/appc/sdk/android/c/a/q;	<init>	V	
Ljp/co/cayto/appc/sdk/android/c/a/r;	<init>	V	
Ljp/co/cayto/appc/sdk/android/c/a/s;	<init>	V	
Ljp/co/cayto/appc/sdk/android/c/a/t;	<init>	V	
Ljp/co/cayto/appc/sdk/android/c/a/u;	<init>	V	
Ljp/co/cayto/appc/sdk/android/c/a/v;	<init>	V	
Ljp/co/cayto/appc/sdk/android/c/a/w;	<init>	V	
Ljp/co/cayto/appc/sdk/android/c/a/x;	<init>	V	
Ljp/co/cayto/appc/sdk/android/c/a/y;	<init>	V	
Ljp/co/cayto/appc/sdk/android/c/a/z;	<init>	V	
Ljp/co/cayto/appc/sdk/android/c/a;	<clinit>	V	
Ljp/co/cayto/appc/sdk/android/c/a;	a	Landroid/graphics/Bitmap;	I
Ljp/co/cayto/appc/sdk/android/c/a;	a	Landroid/graphics/Bitmap;	Ljava/lang/String;
Ljp/co/cayto/appc/sdk/android/c/b$a;	a	Ljava/lang/String;	
Ljp/co/cayto/appc/sdk/android/c/b$a;	b	Ljava/lang/String;	
Ljp/co/cayto/appc/sdk/android/c/b$a;	c	Ljava/lang/String;	
Ljp/co/cayto/appc/sdk/android/c/b$a;	d	Ljava/lang/String;	
Ljp/co/cayto/appc/sdk/android/c/b$a;	e	Ljava/lang/String;	
Ljp/co/cayto/appc/sdk/android/c/b$a;	f	Ljava/lang/String;	
Ljp/co/cayto/appc/sdk/android/c/b$a;	g	Ljava/lang/String;	
Ljp/co/cayto/appc/sdk/android/c/b$a;	h	Ljava/lang/String;	
Ljp/co/cayto/appc/sdk/android/c/b$a;	i	Ljava/lang/String;	
Ljp/co/cayto/appc/sdk/android/c/b$a;	j	Ljava/lang/String;	
Ljp/co/cayto/appc/sdk/android/c/b$a;	k	Ljava/lang/String;	
Ljp/co/cayto/appc/sdk/android/c/b$a;	l	Ljava/lang/String;	
Ljp/co/cayto/appc/sdk/android/c/b$a;	m	Ljava/lang/String;	
Ljp/co/cayto/appc/sdk/android/c/b$a;	n	Ljava/lang/String;	
Ljp/co/cayto/appc/sdk/android/c/b$a;	o	Ljava/lang/String;	
Ljp/co/cayto/appc/sdk/android/c/b$a;	p	Ljava/lang/String;	
Ljp/co/cayto/appc/sdk/android/c/b$a;	q	Ljava/lang/String;	
Ljp/co/cayto/appc/sdk/android/c/b$a;	r	Ljava/lang/String;	
Ljp/co/cayto/appc/sdk/android/c/b/a;	<init>	V	
Ljp/co/cayto/appc/sdk/android/c/b/a;	a	Ljava/lang/String;	
Ljp/co/cayto/appc/sdk/android/c/b/a;	b	Ljava/lang/String;	
Ljp/co/cayto/appc/sdk/android/c/b/a;	c	Ljava/lang/String;	
Ljp/co/cayto/appc/sdk/android/c/b/a;	d	Ljava/lang/String;	
Ljp/co/cayto/appc/sdk/android/c/b/a;	e	Ljava/lang/String;	
Ljp/co/cayto/appc/sdk/android/c/b/a;	f	Ljava/lang/String;	
Ljp/co/cayto/appc/sdk/android/c/b/a;	g	Ljava/lang/String;	
Ljp/co/cayto/appc/sdk/android/c/b/a;	h	Ljava/lang/String;	
Ljp/co/cayto/appc/sdk/android/c/b/a;	i	Ljava/lang/String;	
Ljp/co/cayto/appc/sdk/android/c/b/a;	j	Ljava/lang/String;	
Ljp/co/cayto/appc/sdk/android/c/b/a;	k	Ljava/lang/String;	
Ljp/co/cayto/appc/sdk/android/c/b/a;	l	Ljava/lang/String;	
Ljp/co/cayto/appc/sdk/android/c/b/a;	m	Ljava/lang/String;	
Ljp/co/cayto/appc/sdk/android/c/b/a;	n	Ljava/lang/String;	
Ljp/co/cayto/appc/sdk/android/c/b/a;	o	Ljava/lang/String;	
Ljp/co/cayto/appc/sdk/android/c/b/a;	p	Ljava/lang/String;	
Ljp/co/cayto/appc/sdk/android/c/b/a;	q	Ljava/lang/String;	
Ljp/co/cayto/appc/sdk/android/c/b/a;	r	Ljava/lang/String;	
Ljp/co/cayto/appc/sdk/android/c/b;	<init>	V	
Ljp/co/cayto/appc/sdk/android/c;	<init>	V	Ljp/co/cayto/appc/sdk/android/AppCBannerView;,Landroid/view/View;
Ljp/co/cayto/appc/sdk/android/c;	run	V	
Ljp/co/cayto/appc/sdk/android/d;	<init>	V	Ljp/co/cayto/appc/sdk/android/c;,Landroid/view/View;
Ljp/co/cayto/appc/sdk/android/d;	run	V	
Ljp/co/cayto/appc/sdk/android/e;	<init>	V	Ljp/co/cayto/appc/sdk/android/AppCBannerView$a;,Landroid/os/Handler;
Ljp/co/cayto/appc/sdk/android/e;	run	V	
Ljp/co/cayto/appc/sdk/android/f;	<init>	V	Ljp/co/cayto/appc/sdk/android/AppCCutinView;,Ljp/co/cayto/appc/sdk/android/AppCCutinView$ICutInView;
Ljp/co/cayto/appc/sdk/android/f;	onClick	V	Landroid/view/View;
Ljp/co/cayto/appc/sdk/android/g;	<init>	V	Ljp/co/cayto/appc/sdk/android/AppCCutinView;,Ljp/co/cayto/appc/sdk/android/AppCCutinView$ICutInView;
Ljp/co/cayto/appc/sdk/android/g;	onClick	V	Landroid/view/View;
Ljp/co/cayto/appc/sdk/android/h;	<init>	V	Ljp/co/cayto/appc/sdk/android/AppCCutinView;,Ljp/co/cayto/appc/sdk/android/AppCCutinView$ICutInView;
Ljp/co/cayto/appc/sdk/android/h;	onClick	V	Landroid/view/View;
Ljp/co/cayto/appc/sdk/android/i;	<init>	V	Ljp/co/cayto/appc/sdk/android/AppCMarqueeView;,Landroid/view/View;
Ljp/co/cayto/appc/sdk/android/i;	run	V	
Ljp/co/cayto/appc/sdk/android/j;	<init>	V	Ljp/co/cayto/appc/sdk/android/i;,Landroid/view/View;
Ljp/co/cayto/appc/sdk/android/j;	run	V	
Ljp/co/cayto/appc/sdk/android/k;	<init>	V	Ljp/co/cayto/appc/sdk/android/AppCMoveIconView;,Landroid/widget/FrameLayout;
Ljp/co/cayto/appc/sdk/android/k;	run	V	
Ljp/co/cayto/appc/sdk/android/l;	<init>	V	Ljp/co/cayto/appc/sdk/android/k;,Landroid/widget/FrameLayout;
Ljp/co/cayto/appc/sdk/android/l;	run	V	
Ljp/co/cayto/appc/sdk/android/m;	<init>	V	Ljp/co/cayto/appc/sdk/android/AppCMoveIconView$a;,Ljp/co/cayto/appc/sdk/android/AppCMoveIconView$c;,Landroid/os/Handler;
Ljp/co/cayto/appc/sdk/android/m;	run	V	
Ljp/co/cayto/appc/sdk/android/n;	<init>	V	Ljp/co/cayto/appc/sdk/android/AppCSimpleView;,Landroid/view/View;
Ljp/co/cayto/appc/sdk/android/n;	run	V	
Ljp/co/cayto/appc/sdk/android/o;	<init>	V	Ljp/co/cayto/appc/sdk/android/n;,Landroid/view/View;
Ljp/co/cayto/appc/sdk/android/o;	run	V	
Ljp/co/cayto/appc/sdk/android/p;	<init>	V	Ljp/co/cayto/appc/sdk/android/AppCSimpleView;,Landroid/content/Context;,Landroid/graphics/drawable/GradientDrawable;,Landroid/widget/ImageButton;
Ljp/co/cayto/appc/sdk/android/p;	onClick	V	Landroid/view/View;
Ljp/co/cayto/appc/sdk/android/q;	<init>	V	Ljp/co/cayto/appc/sdk/android/p;,Landroid/graphics/drawable/GradientDrawable;,Landroid/widget/ImageButton;
Ljp/co/cayto/appc/sdk/android/q;	onFinish	V	
Ljp/co/cayto/appc/sdk/android/q;	onTick	V	J
Ljp/co/cayto/appc/sdk/android/q;	start	Landroid/os/CountDownTimer;	
Ljp/co/cayto/appc/sdk/android/r;	<init>	V	Ljp/co/cayto/appc/sdk/android/p;,Landroid/os/Handler;,Landroid/graphics/drawable/GradientDrawable;,Landroid/widget/ImageButton;
Ljp/co/cayto/appc/sdk/android/r;	run	V	
Ljp/co/cayto/appc/sdk/android/s;	<init>	V	Ljp/co/cayto/appc/sdk/android/r;,Landroid/graphics/drawable/GradientDrawable;,Landroid/widget/ImageButton;
Ljp/co/cayto/appc/sdk/android/s;	run	V	
Ljp/co/cayto/appc/sdk/android/t;	<init>	V	Ljp/co/cayto/appc/sdk/android/AppCSimpleView;,Ljp/co/cayto/appc/sdk/android/view/AppHorizontalScrollView;
Ljp/co/cayto/appc/sdk/android/t;	onClick	V	Landroid/view/View;
Ljp/co/cayto/appc/sdk/android/u;	<init>	V	Ljp/co/cayto/appc/sdk/android/AppCSimpleView;,Ljp/co/cayto/appc/sdk/android/view/AppHorizontalScrollView;
Ljp/co/cayto/appc/sdk/android/u;	onLongClick	Z	Landroid/view/View;
Ljp/co/cayto/appc/sdk/android/v;	<init>	V	Ljp/co/cayto/appc/sdk/android/AppCSimpleView;,Ljp/co/cayto/appc/sdk/android/view/AppHorizontalScrollView;
Ljp/co/cayto/appc/sdk/android/v;	onClick	V	Landroid/view/View;
Ljp/co/cayto/appc/sdk/android/view/AppHorizontalScrollView;	<init>	V	Landroid/content/Context;
Ljp/co/cayto/appc/sdk/android/view/AppHorizontalScrollView;	<init>	V	Landroid/content/Context;,Landroid/util/AttributeSet;
Ljp/co/cayto/appc/sdk/android/view/AppHorizontalScrollView;	<init>	V	Landroid/content/Context;,Landroid/util/AttributeSet;,I
Ljp/co/cayto/appc/sdk/android/view/AppHorizontalScrollView;	a	Ljp/co/cayto/appc/sdk/android/a/a;	Ljp/co/cayto/appc/sdk/android/view/AppHorizontalScrollView;
Ljp/co/cayto/appc/sdk/android/view/AppHorizontalScrollView;	a	V	
Ljp/co/cayto/appc/sdk/android/view/AppHorizontalScrollView;	a	V	Landroid/content/Context;,Ljava/lang/String;,Landroid/widget/ImageView;
Ljp/co/cayto/appc/sdk/android/view/AppHorizontalScrollView;	a	V	Landroid/view/View;,I
Ljp/co/cayto/appc/sdk/android/view/AppHorizontalScrollView;	a	V	Ljava/lang/String;,Ljava/lang/String;,Landroid/app/Activity;,Landroid/widget/Button;,Landroid/widget/TextView;,Landroid/view/View;,Landroid/view/View;,Landroid/view/View;,I
Ljp/co/cayto/appc/sdk/android/view/AppHorizontalScrollView;	a	V	Ljp/co/cayto/appc/sdk/android/view/AppHorizontalScrollView;,I
Ljp/co/cayto/appc/sdk/android/view/AppHorizontalScrollView;	a	V	Ljp/co/cayto/appc/sdk/android/view/AppHorizontalScrollView;,J
Ljp/co/cayto/appc/sdk/android/view/AppHorizontalScrollView;	a	V	Ljp/co/cayto/appc/sdk/android/view/AppHorizontalScrollView;,Ljava/lang/String;
Ljp/co/cayto/appc/sdk/android/view/AppHorizontalScrollView;	a	V	Ljp/co/cayto/appc/sdk/android/view/AppHorizontalScrollView;,Ljava/util/List;
Ljp/co/cayto/appc/sdk/android/view/AppHorizontalScrollView;	a	V	Ljp/co/cayto/appc/sdk/android/view/AppHorizontalScrollView;,Z
Ljp/co/cayto/appc/sdk/android/view/AppHorizontalScrollView;	addView	V	Landroid/view/View;
Ljp/co/cayto/appc/sdk/android/view/AppHorizontalScrollView;	addView	V	Landroid/view/View;,I,I
Ljp/co/cayto/appc/sdk/android/view/AppHorizontalScrollView;	b	Landroid/app/Activity;	Ljp/co/cayto/appc/sdk/android/view/AppHorizontalScrollView;
Ljp/co/cayto/appc/sdk/android/view/AppHorizontalScrollView;	b	V	
Ljp/co/cayto/appc/sdk/android/view/AppHorizontalScrollView;	b	V	Ljp/co/cayto/appc/sdk/android/view/AppHorizontalScrollView;,J
Ljp/co/cayto/appc/sdk/android/view/AppHorizontalScrollView;	b	V	Ljp/co/cayto/appc/sdk/android/view/AppHorizontalScrollView;,Ljava/util/List;
Ljp/co/cayto/appc/sdk/android/view/AppHorizontalScrollView;	c	Ljava/lang/String;	Ljp/co/cayto/appc/sdk/android/view/AppHorizontalScrollView;
Ljp/co/cayto/appc/sdk/android/view/AppHorizontalScrollView;	c	V	
Ljp/co/cayto/appc/sdk/android/view/AppHorizontalScrollView;	c	V	Ljp/co/cayto/appc/sdk/android/view/AppHorizontalScrollView;,J
Ljp/co/cayto/appc/sdk/android/view/AppHorizontalScrollView;	c	V	Ljp/co/cayto/appc/sdk/android/view/AppHorizontalScrollView;,Ljava/util/List;
Ljp/co/cayto/appc/sdk/android/view/AppHorizontalScrollView;	computeHorizontalScrollOffset	I	
Ljp/co/cayto/appc/sdk/android/view/AppHorizontalScrollView;	computeHorizontalScrollRange	I	
Ljp/co/cayto/appc/sdk/android/view/AppHorizontalScrollView;	d	Ljava/lang/String;	Ljp/co/cayto/appc/sdk/android/view/AppHorizontalScrollView;
Ljp/co/cayto/appc/sdk/android/view/AppHorizontalScrollView;	d	V	
Ljp/co/cayto/appc/sdk/android/view/AppHorizontalScrollView;	d	V	Ljp/co/cayto/appc/sdk/android/view/AppHorizontalScrollView;,J
Ljp/co/cayto/appc/sdk/android/view/AppHorizontalScrollView;	d	V	Ljp/co/cayto/appc/sdk/android/view/AppHorizontalScrollView;,Ljava/util/List;
Ljp/co/cayto/appc/sdk/android/view/AppHorizontalScrollView;	e	V	Ljp/co/cayto/appc/sdk/android/view/AppHorizontalScrollView;
Ljp/co/cayto/appc/sdk/android/view/AppHorizontalScrollView;	e	V	Ljp/co/cayto/appc/sdk/android/view/AppHorizontalScrollView;,J
Ljp/co/cayto/appc/sdk/android/view/AppHorizontalScrollView;	e	V	Ljp/co/cayto/appc/sdk/android/view/AppHorizontalScrollView;,Ljava/util/List;
Ljp/co/cayto/appc/sdk/android/view/AppHorizontalScrollView;	f	Ljava/util/List;	Ljp/co/cayto/appc/sdk/android/view/AppHorizontalScrollView;
Ljp/co/cayto/appc/sdk/android/view/AppHorizontalScrollView;	f	V	Ljp/co/cayto/appc/sdk/android/view/AppHorizontalScrollView;,J
Ljp/co/cayto/appc/sdk/android/view/AppHorizontalScrollView;	f	V	Ljp/co/cayto/appc/sdk/android/view/AppHorizontalScrollView;,Ljava/util/List;
Ljp/co/cayto/appc/sdk/android/view/AppHorizontalScrollView;	g	Ljava/util/List;	Ljp/co/cayto/appc/sdk/android/view/AppHorizontalScrollView;
Ljp/co/cayto/appc/sdk/android/view/AppHorizontalScrollView;	getChildAt	Landroid/view/View;	I
Ljp/co/cayto/appc/sdk/android/view/AppHorizontalScrollView;	getContext	Landroid/content/Context;	
Ljp/co/cayto/appc/sdk/android/view/AppHorizontalScrollView;	getHeight	I	
Ljp/co/cayto/appc/sdk/android/view/AppHorizontalScrollView;	getLayoutParams	Landroid/view/ViewGroup$LayoutParams;	
Ljp/co/cayto/appc/sdk/android/view/AppHorizontalScrollView;	getScrollY	I	
Ljp/co/cayto/appc/sdk/android/view/AppHorizontalScrollView;	getWidth	I	
Ljp/co/cayto/appc/sdk/android/view/AppHorizontalScrollView;	h	Ljava/util/List;	Ljp/co/cayto/appc/sdk/android/view/AppHorizontalScrollView;
Ljp/co/cayto/appc/sdk/android/view/AppHorizontalScrollView;	i	Ljava/util/List;	Ljp/co/cayto/appc/sdk/android/view/AppHorizontalScrollView;
Ljp/co/cayto/appc/sdk/android/view/AppHorizontalScrollView;	invalidate	V	
Ljp/co/cayto/appc/sdk/android/view/AppHorizontalScrollView;	j	Ljava/util/List;	Ljp/co/cayto/appc/sdk/android/view/AppHorizontalScrollView;
Ljp/co/cayto/appc/sdk/android/view/AppHorizontalScrollView;	k	Ljava/util/List;	Ljp/co/cayto/appc/sdk/android/view/AppHorizontalScrollView;
Ljp/co/cayto/appc/sdk/android/view/AppHorizontalScrollView;	l	Ljava/lang/String;	Ljp/co/cayto/appc/sdk/android/view/AppHorizontalScrollView;
Ljp/co/cayto/appc/sdk/android/view/AppHorizontalScrollView;	m	V	Ljp/co/cayto/appc/sdk/android/view/AppHorizontalScrollView;
Ljp/co/cayto/appc/sdk/android/view/AppHorizontalScrollView;	n	V	Ljp/co/cayto/appc/sdk/android/view/AppHorizontalScrollView;
Ljp/co/cayto/appc/sdk/android/view/AppHorizontalScrollView;	o	Landroid/view/GestureDetector;	Ljp/co/cayto/appc/sdk/android/view/AppHorizontalScrollView;
Ljp/co/cayto/appc/sdk/android/view/AppHorizontalScrollView;	onDown	Z	Landroid/view/MotionEvent;
Ljp/co/cayto/appc/sdk/android/view/AppHorizontalScrollView;	onDraw	V	Landroid/graphics/Canvas;
Ljp/co/cayto/appc/sdk/android/view/AppHorizontalScrollView;	onFling	Z	Landroid/view/MotionEvent;,Landroid/view/MotionEvent;,F,F
Ljp/co/cayto/appc/sdk/android/view/AppHorizontalScrollView;	onLongPress	V	Landroid/view/MotionEvent;
Ljp/co/cayto/appc/sdk/android/view/AppHorizontalScrollView;	onScroll	Z	Landroid/view/MotionEvent;,Landroid/view/MotionEvent;,F,F
Ljp/co/cayto/appc/sdk/android/view/AppHorizontalScrollView;	onShowPress	V	Landroid/view/MotionEvent;
Ljp/co/cayto/appc/sdk/android/view/AppHorizontalScrollView;	onSingleTapUp	Z	Landroid/view/MotionEvent;
Ljp/co/cayto/appc/sdk/android/view/AppHorizontalScrollView;	p	I	Ljp/co/cayto/appc/sdk/android/view/AppHorizontalScrollView;
Ljp/co/cayto/appc/sdk/android/view/AppHorizontalScrollView;	q	Z	Ljp/co/cayto/appc/sdk/android/view/AppHorizontalScrollView;
Ljp/co/cayto/appc/sdk/android/view/AppHorizontalScrollView;	r	V	Ljp/co/cayto/appc/sdk/android/view/AppHorizontalScrollView;
Ljp/co/cayto/appc/sdk/android/view/AppHorizontalScrollView;	removeAllViews	V	
Ljp/co/cayto/appc/sdk/android/view/AppHorizontalScrollView;	setFadingEdgeLength	V	I
Ljp/co/cayto/appc/sdk/android/view/AppHorizontalScrollView;	setHorizontalScrollBarEnabled	V	Z
Ljp/co/cayto/appc/sdk/android/view/AppHorizontalScrollView;	setLayoutParams	V	Landroid/view/ViewGroup$LayoutParams;
Ljp/co/cayto/appc/sdk/android/view/AppHorizontalScrollView;	setOnTouchListener	V	Landroid/view/View$OnTouchListener;
Ljp/co/cayto/appc/sdk/android/view/AppHorizontalScrollView;	smoothScrollTo	V	I,I
Ljp/co/cayto/appc/sdk/android/view/a;	<init>	V	Landroid/app/Activity;
Ljp/co/cayto/appc/sdk/android/view/a;	a	Landroid/app/Dialog;	I
Ljp/co/cayto/appc/sdk/android/view/a;	a	V	
Ljp/co/cayto/appc/sdk/android/view/a;	a	V	Landroid/content/DialogInterface$OnClickListener;
Ljp/co/cayto/appc/sdk/android/view/a;	a	V	Ljp/co/cayto/appc/sdk/android/view/a;
Ljp/co/cayto/appc/sdk/android/view/a;	b	Landroid/app/Activity;	Ljp/co/cayto/appc/sdk/android/view/a;
Ljp/co/cayto/appc/sdk/android/view/a;	b	V	Landroid/content/DialogInterface$OnClickListener;
Ljp/co/cayto/appc/sdk/android/view/a;	c	Landroid/widget/RadioGroup;	Ljp/co/cayto/appc/sdk/android/view/a;
Ljp/co/cayto/appc/sdk/android/view/a;	d	Landroid/widget/RadioButton;	Ljp/co/cayto/appc/sdk/android/view/a;
Ljp/co/cayto/appc/sdk/android/view/a;	e	Landroid/widget/RadioButton;	Ljp/co/cayto/appc/sdk/android/view/a;
Ljp/co/cayto/appc/sdk/android/view/a;	f	Ljp/co/cayto/appc/sdk/android/a/a;	Ljp/co/cayto/appc/sdk/android/view/a;
Ljp/co/cayto/appc/sdk/android/view/aa;	<init>	V	Landroid/os/Handler;,I,Landroid/view/View;
Ljp/co/cayto/appc/sdk/android/view/aa;	run	V	
Ljp/co/cayto/appc/sdk/android/view/ab;	<init>	V	Ljp/co/cayto/appc/sdk/android/view/aa;,I,Landroid/view/View;
Ljp/co/cayto/appc/sdk/android/view/ab;	run	V	
Ljp/co/cayto/appc/sdk/android/view/ac$a;	<init>	V	Ljp/co/cayto/appc/sdk/android/view/ac;,Landroid/content/Context;,Landroid/widget/ImageView;,I,I,Landroid/widget/ImageButton;
Ljp/co/cayto/appc/sdk/android/view/ac$a;	a	Landroid/content/Context;	Ljp/co/cayto/appc/sdk/android/view/ac$a;
Ljp/co/cayto/appc/sdk/android/view/ac$a;	a	Ljava/lang/Boolean;	
Ljp/co/cayto/appc/sdk/android/view/ac$a;	b	Ljp/co/cayto/appc/sdk/android/view/ac;	Ljp/co/cayto/appc/sdk/android/view/ac$a;
Ljp/co/cayto/appc/sdk/android/view/ac$a;	doInBackground	Ljava/lang/Object;	[Ljava/lang/Object;
Ljp/co/cayto/appc/sdk/android/view/ac$a;	execute	Landroid/os/AsyncTask;	[Ljava/lang/Object;
Ljp/co/cayto/appc/sdk/android/view/ac$a;	onPostExecute	V	Ljava/lang/Object;
Ljp/co/cayto/appc/sdk/android/view/ac;	<init>	V	
Ljp/co/cayto/appc/sdk/android/view/ac;	cancelButtonClick	V	Landroid/view/View;
Ljp/co/cayto/appc/sdk/android/view/ac;	createLayout	Landroid/view/View;	Landroid/app/Activity;,Ljava/lang/String;,Landroid/widget/ImageButton;,Landroid/widget/ImageButton;,Landroid/widget/ImageButton;
Ljp/co/cayto/appc/sdk/android/view/ac;	exitButtonClick	V	Landroid/view/View;
Ljp/co/cayto/appc/sdk/android/view/ac;	installButtonClick	V	Landroid/view/View;
Ljp/co/cayto/appc/sdk/android/view/ac;	otherButtonClick	V	Landroid/view/View;
Ljp/co/cayto/appc/sdk/android/view/ad;	<init>	V	Ljp/co/cayto/appc/sdk/android/view/ac$a;,Ljava/lang/String;,Ljp/co/cayto/appc/sdk/android/a/a;,Ljava/util/HashMap;
Ljp/co/cayto/appc/sdk/android/view/ad;	onClick	V	Landroid/view/View;
Ljp/co/cayto/appc/sdk/android/view/ae;	<init>	V	Ljp/co/cayto/appc/sdk/android/view/ac$a;,Ljava/lang/String;,Ljp/co/cayto/appc/sdk/android/a/a;,Ljava/util/HashMap;
Ljp/co/cayto/appc/sdk/android/view/ae;	onClick	V	Landroid/view/View;
Ljp/co/cayto/appc/sdk/android/view/af;	<init>	V	Ljp/co/cayto/appc/sdk/android/view/ac$a;,Ljava/lang/String;,Landroid/content/Context;,I,I,Landroid/os/Handler;,Landroid/widget/ImageView;
Ljp/co/cayto/appc/sdk/android/view/af;	run	V	
Ljp/co/cayto/appc/sdk/android/view/ag;	<init>	V	Ljp/co/cayto/appc/sdk/android/view/af;,Landroid/widget/ImageView;,Landroid/graphics/Bitmap;
Ljp/co/cayto/appc/sdk/android/view/ag;	run	V	
Ljp/co/cayto/appc/sdk/android/view/ah$a;	<init>	V	Ljp/co/cayto/appc/sdk/android/view/ah;,Landroid/content/Context;,Ljava/util/ArrayList;,I
Ljp/co/cayto/appc/sdk/android/view/ah$a;	a	Landroid/content/Context;	Ljp/co/cayto/appc/sdk/android/view/ah$a;
Ljp/co/cayto/appc/sdk/android/view/ah$a;	a	Ljava/lang/Void;	
Ljp/co/cayto/appc/sdk/android/view/ah$a;	b	I	Ljp/co/cayto/appc/sdk/android/view/ah$a;
Ljp/co/cayto/appc/sdk/android/view/ah$a;	doInBackground	Ljava/lang/Object;	[Ljava/lang/Object;
Ljp/co/cayto/appc/sdk/android/view/ah$a;	execute	Landroid/os/AsyncTask;	[Ljava/lang/Object;
Ljp/co/cayto/appc/sdk/android/view/ah$a;	onPostExecute	V	Ljava/lang/Object;
Ljp/co/cayto/appc/sdk/android/view/ah$b;	<init>	V	Ljp/co/cayto/appc/sdk/android/view/ah;
Ljp/co/cayto/appc/sdk/android/view/ah$b;	<init>	V	Ljp/co/cayto/appc/sdk/android/view/ah;,B
Ljp/co/cayto/appc/sdk/android/view/ah;	<init>	V	
Ljp/co/cayto/appc/sdk/android/view/ah;	a	V	Landroid/view/View;
Ljp/co/cayto/appc/sdk/android/view/ah;	cancelButtonClick	V	Landroid/view/View;
Ljp/co/cayto/appc/sdk/android/view/ah;	createLayout	Landroid/view/View;	Landroid/app/Activity;,Ljava/lang/String;,Landroid/widget/ImageButton;,Landroid/widget/ImageButton;,Landroid/widget/ImageButton;
Ljp/co/cayto/appc/sdk/android/view/ah;	exitButtonClick	V	Landroid/view/View;
Ljp/co/cayto/appc/sdk/android/view/ah;	installButtonClick	V	Landroid/view/View;
Ljp/co/cayto/appc/sdk/android/view/ah;	otherButtonClick	V	Landroid/view/View;
Ljp/co/cayto/appc/sdk/android/view/ai;	<init>	V	Ljp/co/cayto/appc/sdk/android/view/ah;,Landroid/view/View;
Ljp/co/cayto/appc/sdk/android/view/ai;	onFinish	V	
Ljp/co/cayto/appc/sdk/android/view/ai;	onTick	V	J
Ljp/co/cayto/appc/sdk/android/view/ai;	start	Landroid/os/CountDownTimer;	
Ljp/co/cayto/appc/sdk/android/view/aj;	<init>	V	Ljp/co/cayto/appc/sdk/android/view/ah$a;,Landroid/widget/ImageButton;
Ljp/co/cayto/appc/sdk/android/view/aj;	onClick	V	Landroid/view/View;
Ljp/co/cayto/appc/sdk/android/view/ak;	<init>	V	Ljp/co/cayto/appc/sdk/android/view/aj;,Landroid/widget/ImageButton;
Ljp/co/cayto/appc/sdk/android/view/ak;	onFinish	V	
Ljp/co/cayto/appc/sdk/android/view/ak;	onTick	V	J
Ljp/co/cayto/appc/sdk/android/view/ak;	start	Landroid/os/CountDownTimer;	
Ljp/co/cayto/appc/sdk/android/view/al;	<init>	V	Ljp/co/cayto/appc/sdk/android/view/ah$a;,Landroid/widget/ImageButton;,Landroid/content/Context;,Landroid/os/Handler;
Ljp/co/cayto/appc/sdk/android/view/al;	run	V	
Ljp/co/cayto/appc/sdk/android/view/am;	<init>	V	Ljp/co/cayto/appc/sdk/android/view/al;,Landroid/widget/ImageButton;,Landroid/graphics/Bitmap;
Ljp/co/cayto/appc/sdk/android/view/am;	run	V	
Ljp/co/cayto/appc/sdk/android/view/b;	<init>	V	Ljp/co/cayto/appc/sdk/android/view/a;
Ljp/co/cayto/appc/sdk/android/view/b;	onClick	V	Landroid/content/DialogInterface;,I
Ljp/co/cayto/appc/sdk/android/view/c;	<init>	V	Ljp/co/cayto/appc/sdk/android/view/a;
Ljp/co/cayto/appc/sdk/android/view/c;	onClick	V	Landroid/content/DialogInterface;,I
Ljp/co/cayto/appc/sdk/android/view/d;	<init>	V	Ljp/co/cayto/appc/sdk/android/view/a;
Ljp/co/cayto/appc/sdk/android/view/d;	onClick	V	Landroid/content/DialogInterface;,I
Ljp/co/cayto/appc/sdk/android/view/e;	<init>	V	Ljp/co/cayto/appc/sdk/android/view/a;
Ljp/co/cayto/appc/sdk/android/view/e;	onClick	V	Landroid/content/DialogInterface;,I
Ljp/co/cayto/appc/sdk/android/view/f;	<init>	V	Ljp/co/cayto/appc/sdk/android/view/a;,Landroid/content/Context;
Ljp/co/cayto/appc/sdk/android/view/f;	a	Ljp/co/cayto/appc/sdk/android/view/a;	Ljp/co/cayto/appc/sdk/android/view/f;
Ljp/co/cayto/appc/sdk/android/view/f;	onClick	V	Landroid/content/DialogInterface;,I
Ljp/co/cayto/appc/sdk/android/view/g;	<init>	V	Ljp/co/cayto/appc/sdk/android/view/f;
Ljp/co/cayto/appc/sdk/android/view/g;	onReceive	V	Landroid/content/Context;,Landroid/content/Intent;
Ljp/co/cayto/appc/sdk/android/view/h;	<init>	V	Ljp/co/cayto/appc/sdk/android/view/f;
Ljp/co/cayto/appc/sdk/android/view/h;	onReceive	V	Landroid/content/Context;,Landroid/content/Intent;
Ljp/co/cayto/appc/sdk/android/view/i;	<init>	V	Ljp/co/cayto/appc/sdk/android/view/a;
Ljp/co/cayto/appc/sdk/android/view/i;	onClick	V	Landroid/content/DialogInterface;,I
Ljp/co/cayto/appc/sdk/android/view/j;	<init>	V	Ljp/co/cayto/appc/sdk/android/view/a;
Ljp/co/cayto/appc/sdk/android/view/j;	onClick	V	Landroid/content/DialogInterface;,I
Ljp/co/cayto/appc/sdk/android/view/k;	<init>	V	Ljp/co/cayto/appc/sdk/android/view/a;
Ljp/co/cayto/appc/sdk/android/view/k;	onReceive	V	Landroid/content/Context;,Landroid/content/Intent;
Ljp/co/cayto/appc/sdk/android/view/l;	<init>	V	Ljp/co/cayto/appc/sdk/android/view/a;
Ljp/co/cayto/appc/sdk/android/view/l;	onCheckedChanged	V	Landroid/widget/RadioGroup;,I
Ljp/co/cayto/appc/sdk/android/view/m;	<init>	V	Ljp/co/cayto/appc/sdk/android/view/a;
Ljp/co/cayto/appc/sdk/android/view/m;	onClick	V	Landroid/content/DialogInterface;,I
Ljp/co/cayto/appc/sdk/android/view/n;	a	Landroid/widget/LinearLayout;	Landroid/app/Activity;,I
Ljp/co/cayto/appc/sdk/android/view/o;	<init>	V	Ljp/co/cayto/appc/sdk/android/view/AppHorizontalScrollView;,Landroid/widget/FrameLayout;,Ljava/util/HashMap;
Ljp/co/cayto/appc/sdk/android/view/o;	onClick	V	Landroid/view/View;
Ljp/co/cayto/appc/sdk/android/view/p;	<init>	V	Ljp/co/cayto/appc/sdk/android/view/o;,Landroid/os/Handler;,Landroid/widget/FrameLayout;
Ljp/co/cayto/appc/sdk/android/view/p;	run	V	
Ljp/co/cayto/appc/sdk/android/view/q;	<init>	V	Ljp/co/cayto/appc/sdk/android/view/p;,Landroid/widget/FrameLayout;
Ljp/co/cayto/appc/sdk/android/view/q;	run	V	
Ljp/co/cayto/appc/sdk/android/view/r;	<init>	V	Ljp/co/cayto/appc/sdk/android/view/AppHorizontalScrollView;
Ljp/co/cayto/appc/sdk/android/view/r;	a	Ljp/co/cayto/appc/sdk/android/view/AppHorizontalScrollView;	Ljp/co/cayto/appc/sdk/android/view/r;
Ljp/co/cayto/appc/sdk/android/view/r;	onClick	V	Landroid/view/View;
Ljp/co/cayto/appc/sdk/android/view/s;	<init>	V	Ljp/co/cayto/appc/sdk/android/view/r;
Ljp/co/cayto/appc/sdk/android/view/s;	run	V	
Ljp/co/cayto/appc/sdk/android/view/t;	<init>	V	Ljp/co/cayto/appc/sdk/android/view/s;
Ljp/co/cayto/appc/sdk/android/view/t;	run	V	
Ljp/co/cayto/appc/sdk/android/view/u;	<init>	V	Ljp/co/cayto/appc/sdk/android/view/AppHorizontalScrollView;
Ljp/co/cayto/appc/sdk/android/view/u;	a	Ljp/co/cayto/appc/sdk/android/view/AppHorizontalScrollView;	Ljp/co/cayto/appc/sdk/android/view/u;
Ljp/co/cayto/appc/sdk/android/view/u;	onTouch	Z	Landroid/view/View;,Landroid/view/MotionEvent;
Ljp/co/cayto/appc/sdk/android/view/v;	<init>	V	Ljp/co/cayto/appc/sdk/android/view/u;
Ljp/co/cayto/appc/sdk/android/view/v;	onFinish	V	
Ljp/co/cayto/appc/sdk/android/view/v;	onTick	V	J
Ljp/co/cayto/appc/sdk/android/view/v;	start	Landroid/os/CountDownTimer;	
Ljp/co/cayto/appc/sdk/android/view/w;	<init>	V	Ljp/co/cayto/appc/sdk/android/view/AppHorizontalScrollView;
Ljp/co/cayto/appc/sdk/android/view/w;	run	V	
Ljp/co/cayto/appc/sdk/android/view/x;	<init>	V	Ljp/co/cayto/appc/sdk/android/view/w;
Ljp/co/cayto/appc/sdk/android/view/x;	run	V	
Ljp/co/cayto/appc/sdk/android/view/y;	<init>	V	Ljp/co/cayto/appc/sdk/android/view/AppHorizontalScrollView;,Ljava/lang/String;,Landroid/content/Context;,Landroid/os/Handler;,Landroid/widget/ImageView;
Ljp/co/cayto/appc/sdk/android/view/y;	run	V	
Ljp/co/cayto/appc/sdk/android/view/z;	<init>	V	Ljp/co/cayto/appc/sdk/android/view/y;,Landroid/widget/ImageView;,Landroid/graphics/Bitmap;
Ljp/co/cayto/appc/sdk/android/view/z;	run	V	
Ljp/co/cayto/appc/sdk/android/w;	<init>	V	Ljp/co/cayto/appc/sdk/android/AppCSimpleView;,Ljp/co/cayto/appc/sdk/android/view/AppHorizontalScrollView;
Ljp/co/cayto/appc/sdk/android/w;	onLongClick	Z	Landroid/view/View;
Lnet/arnx/jsonic/JSON$Context;	<init>	V	Lnet/arnx/jsonic/JSON;
Lnet/arnx/jsonic/JSON$Context;	a	Ljava/lang/Object;	Lnet/arnx/jsonic/JSON$Context;
Lnet/arnx/jsonic/JSON$Context;	a	Ljava/lang/StringBuilder;	
Lnet/arnx/jsonic/JSON$Context;	a	V	Ljava/lang/Object;
Lnet/arnx/jsonic/JSON$Context;	a	V	Ljava/lang/Object;,Lnet/arnx/jsonic/JSONHint;
Lnet/arnx/jsonic/JSON$Context;	a	Z	Ljava/lang/Class;
Lnet/arnx/jsonic/JSON$Context;	b	Ljava/util/List;	Ljava/lang/Class;
Lnet/arnx/jsonic/JSON$Context;	b	Ljava/util/Locale;	
Lnet/arnx/jsonic/JSON$Context;	c	I	
Lnet/arnx/jsonic/JSON$Context;	c	Ljava/util/Map;	Ljava/lang/Class;
Lnet/arnx/jsonic/JSON$Context;	d	Ljava/text/Format;	Ljava/lang/Class;
Lnet/arnx/jsonic/JSON$Context;	d	Z	
Lnet/arnx/jsonic/JSON$Context;	e	Z	
Lnet/arnx/jsonic/JSON$Context;	f	Lnet/arnx/jsonic/JSON$Mode;	
Lnet/arnx/jsonic/JSON$Context;	g	I	
Lnet/arnx/jsonic/JSON$Context;	h	Lnet/arnx/jsonic/JSONHint;	
Lnet/arnx/jsonic/JSON$Context;	i	V	
Lnet/arnx/jsonic/JSON$Context;	toString	Ljava/lang/String;	
Lnet/arnx/jsonic/JSON$Mode;	<clinit>	V	
Lnet/arnx/jsonic/JSON$Mode;	<init>	V	Ljava/lang/String;,I
Lnet/arnx/jsonic/JSON$Mode;	valueOf	Lnet/arnx/jsonic/JSON$Mode;	Ljava/lang/String;
Lnet/arnx/jsonic/JSON$Mode;	values	[Lnet/arnx/jsonic/JSON$Mode;	
Lnet/arnx/jsonic/JSON;	<clinit>	V	
Lnet/arnx/jsonic/JSON;	<init>	V	
Lnet/arnx/jsonic/JSON;	a	C	Lnet/arnx/jsonic/io/InputSource;
Lnet/arnx/jsonic/JSON;	a	Ljava/lang/Object;	Ljava/lang/CharSequence;,Ljava/lang/reflect/Type;
Lnet/arnx/jsonic/JSON;	a	Ljava/lang/Object;	Ljava/lang/String;,Ljava/lang/Class;
Lnet/arnx/jsonic/JSON;	a	Ljava/lang/Object;	Lnet/arnx/jsonic/JSON$Context;,Ljava/lang/Class;
Lnet/arnx/jsonic/JSON;	a	Ljava/lang/Object;	Lnet/arnx/jsonic/JSON$Context;,Ljava/lang/Object;
Lnet/arnx/jsonic/JSON;	a	Ljava/lang/Object;	Lnet/arnx/jsonic/JSON$Context;,Ljava/lang/Object;,Ljava/lang/Class;,Ljava/lang/reflect/Type;
Lnet/arnx/jsonic/JSON;	a	Ljava/lang/Object;	Lnet/arnx/jsonic/JSON$Context;,Ljava/lang/Object;,Ljava/lang/reflect/Type;
Lnet/arnx/jsonic/JSON;	a	Ljava/lang/Object;	Lnet/arnx/jsonic/JSON$Context;,Lnet/arnx/jsonic/io/InputSource;,Z
Lnet/arnx/jsonic/JSON;	a	Ljava/lang/String;	Ljava/lang/Object;
Lnet/arnx/jsonic/JSON;	a	Ljava/lang/String;	Ljava/lang/String;,[Ljava/lang/Object;
Lnet/arnx/jsonic/JSON;	a	Ljava/util/Locale;	Lnet/arnx/jsonic/JSON;
Lnet/arnx/jsonic/JSON;	a	Ljava/util/Map;	Lnet/arnx/jsonic/JSON$Context;,Lnet/arnx/jsonic/io/InputSource;,I
Lnet/arnx/jsonic/JSON;	a	Lnet/arnx/jsonic/JSON;	
Lnet/arnx/jsonic/JSON;	a	Lnet/arnx/jsonic/JSONException;	Ljava/lang/String;,Lnet/arnx/jsonic/io/InputSource;
Lnet/arnx/jsonic/JSON;	a	Lnet/arnx/jsonic/al;	Lnet/arnx/jsonic/JSON$Context;,Ljava/lang/Object;,Lnet/arnx/jsonic/io/OutputSource;
Lnet/arnx/jsonic/JSON;	a	V	Lnet/arnx/jsonic/JSON$Context;,Lnet/arnx/jsonic/io/InputSource;
Lnet/arnx/jsonic/JSON;	a	Z	Ljava/lang/Class;,Ljava/lang/Class;
Lnet/arnx/jsonic/JSON;	a	Z	Lnet/arnx/jsonic/JSON$Context;,Ljava/lang/Class;,Ljava/lang/reflect/Member;
Lnet/arnx/jsonic/JSON;	b	Ljava/lang/Object;	Lnet/arnx/jsonic/JSON;
Lnet/arnx/jsonic/JSON;	b	Ljava/util/List;	Lnet/arnx/jsonic/JSON$Context;,Lnet/arnx/jsonic/io/InputSource;,I
Lnet/arnx/jsonic/JSON;	c	I	Lnet/arnx/jsonic/JSON;
Lnet/arnx/jsonic/JSON;	c	Ljava/lang/String;	Lnet/arnx/jsonic/JSON$Context;,Lnet/arnx/jsonic/io/InputSource;,I
Lnet/arnx/jsonic/JSON;	d	Ljava/lang/Number;	Lnet/arnx/jsonic/JSON$Context;,Lnet/arnx/jsonic/io/InputSource;,I
Lnet/arnx/jsonic/JSON;	d	Z	Lnet/arnx/jsonic/JSON;
Lnet/arnx/jsonic/JSON;	e	Z	Lnet/arnx/jsonic/JSON;
Lnet/arnx/jsonic/JSON;	f	Lnet/arnx/jsonic/JSON$Mode;	Lnet/arnx/jsonic/JSON;
Lnet/arnx/jsonic/JSONException;	<init>	V	Ljava/lang/String;
Lnet/arnx/jsonic/JSONException;	<init>	V	Ljava/lang/String;,I,Ljava/lang/Throwable;
Lnet/arnx/jsonic/JSONException;	<init>	V	Ljava/lang/String;,J,J,J
Lnet/arnx/jsonic/JSONHint;	a	Ljava/lang/String;	
Lnet/arnx/jsonic/JSONHint;	b	Ljava/lang/String;	
Lnet/arnx/jsonic/JSONHint;	c	Ljava/lang/Class;	
Lnet/arnx/jsonic/JSONHint;	d	Z	
Lnet/arnx/jsonic/JSONHint;	e	Z	
Lnet/arnx/jsonic/JSONHint;	f	Ljava/lang/String;	
Lnet/arnx/jsonic/a;	<clinit>	V	
Lnet/arnx/jsonic/a;	<init>	V	
Lnet/arnx/jsonic/a;	a	Ljava/lang/Object;	Lnet/arnx/jsonic/JSON;,Lnet/arnx/jsonic/JSON$Context;,Ljava/lang/Object;,Ljava/lang/Class;,Ljava/lang/reflect/Type;
Lnet/arnx/jsonic/aa;	<clinit>	V	
Lnet/arnx/jsonic/aa;	<init>	V	
Lnet/arnx/jsonic/aa;	a	Z	Lnet/arnx/jsonic/JSON;,Lnet/arnx/jsonic/JSON$Context;,Ljava/lang/Object;,Ljava/lang/Object;,Lnet/arnx/jsonic/io/OutputSource;
Lnet/arnx/jsonic/ab;	<clinit>	V	
Lnet/arnx/jsonic/ab;	<init>	V	
Lnet/arnx/jsonic/ab;	a	Ljava/lang/Object;	Lnet/arnx/jsonic/JSON;,Lnet/arnx/jsonic/JSON$Context;,Ljava/lang/Object;,Ljava/lang/Class;,Ljava/lang/reflect/Type;
Lnet/arnx/jsonic/ac;	<clinit>	V	
Lnet/arnx/jsonic/ac;	<init>	V	
Lnet/arnx/jsonic/ac;	a	Z	Lnet/arnx/jsonic/JSON;,Lnet/arnx/jsonic/JSON$Context;,Ljava/lang/Object;,Ljava/lang/Object;,Lnet/arnx/jsonic/io/OutputSource;
Lnet/arnx/jsonic/ad;	<clinit>	V	
Lnet/arnx/jsonic/ad;	<init>	V	
Lnet/arnx/jsonic/ad;	a	Ljava/lang/Object;	Lnet/arnx/jsonic/JSON;,Lnet/arnx/jsonic/JSON$Context;,Ljava/lang/Object;,Ljava/lang/Class;,Ljava/lang/reflect/Type;
Lnet/arnx/jsonic/ae;	<clinit>	V	
Lnet/arnx/jsonic/ae;	<init>	V	
Lnet/arnx/jsonic/ae;	a	Z	Lnet/arnx/jsonic/JSON;,Lnet/arnx/jsonic/JSON$Context;,Ljava/lang/Object;,Ljava/lang/Object;,Lnet/arnx/jsonic/io/OutputSource;
Lnet/arnx/jsonic/af;	<clinit>	V	
Lnet/arnx/jsonic/af;	<init>	V	
Lnet/arnx/jsonic/af;	a	Z	Lnet/arnx/jsonic/JSON;,Lnet/arnx/jsonic/JSON$Context;,Ljava/lang/Object;,Ljava/lang/Object;,Lnet/arnx/jsonic/io/OutputSource;
Lnet/arnx/jsonic/ag;	<clinit>	V	
Lnet/arnx/jsonic/ag;	<init>	V	
Lnet/arnx/jsonic/ag;	a	Ljava/lang/Object;	Lnet/arnx/jsonic/JSON;,Lnet/arnx/jsonic/JSON$Context;,Ljava/lang/Object;,Ljava/lang/Class;,Ljava/lang/reflect/Type;
Lnet/arnx/jsonic/ah;	<clinit>	V	
Lnet/arnx/jsonic/ah;	<init>	V	
Lnet/arnx/jsonic/ah;	a	Z	Lnet/arnx/jsonic/JSON;,Lnet/arnx/jsonic/JSON$Context;,Ljava/lang/Object;,Ljava/lang/Object;,Lnet/arnx/jsonic/io/OutputSource;
Lnet/arnx/jsonic/ai;	<clinit>	V	
Lnet/arnx/jsonic/ai;	<init>	V	
Lnet/arnx/jsonic/ai;	a	Ljava/lang/Object;	Lnet/arnx/jsonic/JSON;,Lnet/arnx/jsonic/JSON$Context;,Ljava/lang/Object;,Ljava/lang/Class;,Ljava/lang/reflect/Type;
Lnet/arnx/jsonic/aj;	<clinit>	V	
Lnet/arnx/jsonic/aj;	<init>	V	
Lnet/arnx/jsonic/aj;	a	Z	Lnet/arnx/jsonic/JSON;,Lnet/arnx/jsonic/JSON$Context;,Ljava/lang/Object;,Ljava/lang/Object;,Lnet/arnx/jsonic/io/OutputSource;
Lnet/arnx/jsonic/ak;	<clinit>	V	
Lnet/arnx/jsonic/ak;	<init>	V	
Lnet/arnx/jsonic/ak;	a	Ljava/lang/Object;	Lnet/arnx/jsonic/JSON;,Lnet/arnx/jsonic/JSON$Context;,Ljava/lang/Object;,Ljava/lang/Class;,Ljava/lang/reflect/Type;
Lnet/arnx/jsonic/al;	a	Z	Lnet/arnx/jsonic/JSON;,Lnet/arnx/jsonic/JSON$Context;,Ljava/lang/Object;,Ljava/lang/Object;,Lnet/arnx/jsonic/io/OutputSource;
Lnet/arnx/jsonic/am;	<clinit>	V	
Lnet/arnx/jsonic/am;	<init>	V	
Lnet/arnx/jsonic/am;	a	Ljava/lang/Object;	Lnet/arnx/jsonic/JSON;,Lnet/arnx/jsonic/JSON$Context;,Ljava/lang/Object;,Ljava/lang/Class;,Ljava/lang/reflect/Type;
Lnet/arnx/jsonic/an;	<clinit>	V	
Lnet/arnx/jsonic/an;	<init>	V	
Lnet/arnx/jsonic/an;	a	Z	Lnet/arnx/jsonic/JSON;,Lnet/arnx/jsonic/JSON$Context;,Ljava/lang/Object;,Ljava/lang/Object;,Lnet/arnx/jsonic/io/OutputSource;
Lnet/arnx/jsonic/ao;	<clinit>	V	
Lnet/arnx/jsonic/ao;	<init>	V	
Lnet/arnx/jsonic/ao;	a	Z	Lnet/arnx/jsonic/JSON;,Lnet/arnx/jsonic/JSON$Context;,Ljava/lang/Object;,Ljava/lang/Object;,Lnet/arnx/jsonic/io/OutputSource;
Lnet/arnx/jsonic/ap;	<clinit>	V	
Lnet/arnx/jsonic/ap;	<init>	V	
Lnet/arnx/jsonic/ap;	a	Ljava/lang/Object;	Lnet/arnx/jsonic/JSON;,Lnet/arnx/jsonic/JSON$Context;,Ljava/lang/Object;,Ljava/lang/Class;,Ljava/lang/reflect/Type;
Lnet/arnx/jsonic/aq;	<clinit>	V	
Lnet/arnx/jsonic/aq;	<init>	V	
Lnet/arnx/jsonic/aq;	a	Z	Lnet/arnx/jsonic/JSON;,Lnet/arnx/jsonic/JSON$Context;,Ljava/lang/Object;,Ljava/lang/Object;,Lnet/arnx/jsonic/io/OutputSource;
Lnet/arnx/jsonic/ar;	<clinit>	V	
Lnet/arnx/jsonic/ar;	<init>	V	
Lnet/arnx/jsonic/ar;	a	Z	Lnet/arnx/jsonic/JSON;,Lnet/arnx/jsonic/JSON$Context;,Ljava/lang/Object;,Ljava/lang/Object;,Lnet/arnx/jsonic/io/OutputSource;
Lnet/arnx/jsonic/as;	<clinit>	V	
Lnet/arnx/jsonic/as;	<init>	V	
Lnet/arnx/jsonic/as;	a	Z	Lnet/arnx/jsonic/JSON;,Lnet/arnx/jsonic/JSON$Context;,Ljava/lang/Object;,Ljava/lang/Object;,Lnet/arnx/jsonic/io/OutputSource;
Lnet/arnx/jsonic/at;	<clinit>	V	
Lnet/arnx/jsonic/at;	<init>	V	
Lnet/arnx/jsonic/at;	a	Ljava/lang/Object;	Lnet/arnx/jsonic/JSON;,Lnet/arnx/jsonic/JSON$Context;,Ljava/lang/Object;,Ljava/lang/Class;,Ljava/lang/reflect/Type;
Lnet/arnx/jsonic/au;	<clinit>	V	
Lnet/arnx/jsonic/au;	<init>	V	
Lnet/arnx/jsonic/au;	a	Z	Lnet/arnx/jsonic/JSON;,Lnet/arnx/jsonic/JSON$Context;,Ljava/lang/Object;,Ljava/lang/Object;,Lnet/arnx/jsonic/io/OutputSource;
Lnet/arnx/jsonic/av;	<clinit>	V	
Lnet/arnx/jsonic/av;	<init>	V	
Lnet/arnx/jsonic/av;	a	Z	Lnet/arnx/jsonic/JSON;,Lnet/arnx/jsonic/JSON$Context;,Ljava/lang/Object;,Ljava/lang/Object;,Lnet/arnx/jsonic/io/OutputSource;
Lnet/arnx/jsonic/aw;	<clinit>	V	
Lnet/arnx/jsonic/aw;	<init>	V	
Lnet/arnx/jsonic/aw;	a	Ljava/lang/Object;	Lnet/arnx/jsonic/JSON;,Lnet/arnx/jsonic/JSON$Context;,Ljava/lang/Object;,Ljava/lang/Class;,Ljava/lang/reflect/Type;
Lnet/arnx/jsonic/ax;	<clinit>	V	
Lnet/arnx/jsonic/ax;	<init>	V	
Lnet/arnx/jsonic/ax;	a	Ljava/lang/Object;	Lnet/arnx/jsonic/JSON;,Lnet/arnx/jsonic/JSON$Context;,Ljava/lang/Object;,Ljava/lang/Class;,Ljava/lang/reflect/Type;
Lnet/arnx/jsonic/ay;	<clinit>	V	
Lnet/arnx/jsonic/ay;	<init>	V	
Lnet/arnx/jsonic/ay;	a	Z	Lnet/arnx/jsonic/JSON;,Lnet/arnx/jsonic/JSON$Context;,Ljava/lang/Object;,Ljava/lang/Object;,Lnet/arnx/jsonic/io/OutputSource;
Lnet/arnx/jsonic/az;	<clinit>	V	
Lnet/arnx/jsonic/az;	<init>	V	
Lnet/arnx/jsonic/az;	a	Ljava/lang/Object;	Lnet/arnx/jsonic/JSON;,Lnet/arnx/jsonic/JSON$Context;,Ljava/lang/Object;,Ljava/lang/Class;,Ljava/lang/reflect/Type;
Lnet/arnx/jsonic/b;	<clinit>	V	
Lnet/arnx/jsonic/b;	<init>	V	
Lnet/arnx/jsonic/b;	a	Ljava/lang/Object;	Lnet/arnx/jsonic/JSON;,Lnet/arnx/jsonic/JSON$Context;,Ljava/lang/Object;,Ljava/lang/Class;,Ljava/lang/reflect/Type;
Lnet/arnx/jsonic/ba;	<clinit>	V	
Lnet/arnx/jsonic/ba;	<init>	V	
Lnet/arnx/jsonic/ba;	a	Z	Lnet/arnx/jsonic/JSON;,Lnet/arnx/jsonic/JSON$Context;,Ljava/lang/Object;,Ljava/lang/Object;,Lnet/arnx/jsonic/io/OutputSource;
Lnet/arnx/jsonic/bb;	<clinit>	V	
Lnet/arnx/jsonic/bb;	<init>	V	
Lnet/arnx/jsonic/bb;	a	Z	Lnet/arnx/jsonic/JSON;,Lnet/arnx/jsonic/JSON$Context;,Ljava/lang/Object;,Ljava/lang/Object;,Lnet/arnx/jsonic/io/OutputSource;
Lnet/arnx/jsonic/bc;	<clinit>	V	
Lnet/arnx/jsonic/bc;	<init>	V	
Lnet/arnx/jsonic/bc;	a	Z	Lnet/arnx/jsonic/JSON;,Lnet/arnx/jsonic/JSON$Context;,Ljava/lang/Object;,Ljava/lang/Object;,Lnet/arnx/jsonic/io/OutputSource;
Lnet/arnx/jsonic/bd;	<clinit>	V	
Lnet/arnx/jsonic/bd;	<init>	V	
Lnet/arnx/jsonic/bd;	a	Ljava/lang/Object;	Lnet/arnx/jsonic/JSON;,Lnet/arnx/jsonic/JSON$Context;,Ljava/lang/Object;,Ljava/lang/Class;,Ljava/lang/reflect/Type;
Lnet/arnx/jsonic/bd;	a	Ljava/lang/reflect/Type;	Ljava/lang/reflect/TypeVariable;,Ljava/lang/reflect/ParameterizedType;
Lnet/arnx/jsonic/be;	<clinit>	V	
Lnet/arnx/jsonic/be;	<init>	V	
Lnet/arnx/jsonic/be;	a	Z	Lnet/arnx/jsonic/JSON;,Lnet/arnx/jsonic/JSON$Context;,Ljava/lang/Object;,Ljava/lang/Object;,Lnet/arnx/jsonic/io/OutputSource;
Lnet/arnx/jsonic/bf;	<clinit>	V	
Lnet/arnx/jsonic/bf;	<init>	V	
Lnet/arnx/jsonic/bf;	a	Ljava/lang/Object;	Lnet/arnx/jsonic/JSON;,Lnet/arnx/jsonic/JSON$Context;,Ljava/lang/Object;,Ljava/lang/Class;,Ljava/lang/reflect/Type;
Lnet/arnx/jsonic/bg;	<clinit>	V	
Lnet/arnx/jsonic/bg;	<init>	V	
Lnet/arnx/jsonic/bg;	a	Ljava/lang/Object;	Ljava/lang/Class;
Lnet/arnx/jsonic/bg;	a	Ljava/lang/Object;	Lnet/arnx/jsonic/JSON;,Lnet/arnx/jsonic/JSON$Context;,Ljava/lang/Object;,Ljava/lang/Class;,Ljava/lang/reflect/Type;
Lnet/arnx/jsonic/bh;	<clinit>	V	
Lnet/arnx/jsonic/bh;	<init>	V	
Lnet/arnx/jsonic/bh;	a	Z	Lnet/arnx/jsonic/JSON;,Lnet/arnx/jsonic/JSON$Context;,Ljava/lang/Object;,Ljava/lang/Object;,Lnet/arnx/jsonic/io/OutputSource;
Lnet/arnx/jsonic/bi;	<clinit>	V	
Lnet/arnx/jsonic/bi;	<init>	V	
Lnet/arnx/jsonic/bi;	a	Ljava/lang/Object;	Lnet/arnx/jsonic/JSON;,Lnet/arnx/jsonic/JSON$Context;,Ljava/lang/Object;,Ljava/lang/Class;,Ljava/lang/reflect/Type;
Lnet/arnx/jsonic/bi;	a	V	Ljava/lang/StringBuilder;,Ljava/lang/Object;,Ljava/util/Properties;
Lnet/arnx/jsonic/bj;	<clinit>	V	
Lnet/arnx/jsonic/bj;	<init>	V	
Lnet/arnx/jsonic/bj;	a	Z	Lnet/arnx/jsonic/JSON;,Lnet/arnx/jsonic/JSON$Context;,Ljava/lang/Object;,Ljava/lang/Object;,Lnet/arnx/jsonic/io/OutputSource;
Lnet/arnx/jsonic/bk;	<clinit>	V	
Lnet/arnx/jsonic/bk;	<init>	V	
Lnet/arnx/jsonic/bk;	a	Ljava/lang/Object;	Lnet/arnx/jsonic/JSON;,Lnet/arnx/jsonic/JSON$Context;,Ljava/lang/Object;,Ljava/lang/Class;,Ljava/lang/reflect/Type;
Lnet/arnx/jsonic/bl;	<clinit>	V	
Lnet/arnx/jsonic/bl;	<init>	V	
Lnet/arnx/jsonic/bl;	a	Z	Lnet/arnx/jsonic/JSON;,Lnet/arnx/jsonic/JSON$Context;,Ljava/lang/Object;,Ljava/lang/Object;,Lnet/arnx/jsonic/io/OutputSource;
Lnet/arnx/jsonic/bm;	<clinit>	V	
Lnet/arnx/jsonic/bm;	<init>	V	
Lnet/arnx/jsonic/bm;	a	Z	Lnet/arnx/jsonic/JSON;,Lnet/arnx/jsonic/JSON$Context;,Ljava/lang/Object;,Ljava/lang/Object;,Lnet/arnx/jsonic/io/OutputSource;
Lnet/arnx/jsonic/bn;	<clinit>	V	
Lnet/arnx/jsonic/bn;	<init>	V	
Lnet/arnx/jsonic/bn;	a	Ljava/lang/Object;	Lnet/arnx/jsonic/JSON;,Lnet/arnx/jsonic/JSON$Context;,Ljava/lang/Object;,Ljava/lang/Class;,Ljava/lang/reflect/Type;
Lnet/arnx/jsonic/bo;	<clinit>	V	
Lnet/arnx/jsonic/bo;	<init>	V	
Lnet/arnx/jsonic/bo;	a	V	Lnet/arnx/jsonic/JSON$Context;,Ljava/lang/String;,Lnet/arnx/jsonic/io/OutputSource;
Lnet/arnx/jsonic/bo;	a	Z	Lnet/arnx/jsonic/JSON;,Lnet/arnx/jsonic/JSON$Context;,Ljava/lang/Object;,Ljava/lang/Object;,Lnet/arnx/jsonic/io/OutputSource;
Lnet/arnx/jsonic/bp;	<clinit>	V	
Lnet/arnx/jsonic/bp;	<init>	V	
Lnet/arnx/jsonic/bp;	a	Ljava/lang/Object;	Lnet/arnx/jsonic/JSON;,Lnet/arnx/jsonic/JSON$Context;,Ljava/lang/Object;,Ljava/lang/Class;,Ljava/lang/reflect/Type;
Lnet/arnx/jsonic/bq;	<clinit>	V	
Lnet/arnx/jsonic/bq;	<init>	V	
Lnet/arnx/jsonic/bq;	a	Z	Lnet/arnx/jsonic/JSON;,Lnet/arnx/jsonic/JSON$Context;,Ljava/lang/Object;,Ljava/lang/Object;,Lnet/arnx/jsonic/io/OutputSource;
Lnet/arnx/jsonic/br;	<clinit>	V	
Lnet/arnx/jsonic/br;	<init>	V	
Lnet/arnx/jsonic/br;	a	Ljava/lang/Object;	Lnet/arnx/jsonic/JSON;,Lnet/arnx/jsonic/JSON$Context;,Ljava/lang/Object;,Ljava/lang/Class;,Ljava/lang/reflect/Type;
Lnet/arnx/jsonic/bs;	<clinit>	V	
Lnet/arnx/jsonic/bs;	<init>	V	
Lnet/arnx/jsonic/bs;	a	Z	Lnet/arnx/jsonic/JSON;,Lnet/arnx/jsonic/JSON$Context;,Ljava/lang/Object;,Ljava/lang/Object;,Lnet/arnx/jsonic/io/OutputSource;
Lnet/arnx/jsonic/bt;	<clinit>	V	
Lnet/arnx/jsonic/bt;	<init>	V	
Lnet/arnx/jsonic/bt;	a	Ljava/lang/Object;	Lnet/arnx/jsonic/JSON;,Lnet/arnx/jsonic/JSON$Context;,Ljava/lang/Object;,Ljava/lang/Class;,Ljava/lang/reflect/Type;
Lnet/arnx/jsonic/bu;	<clinit>	V	
Lnet/arnx/jsonic/bu;	<init>	V	
Lnet/arnx/jsonic/bu;	a	Ljava/lang/Object;	Lnet/arnx/jsonic/JSON;,Lnet/arnx/jsonic/JSON$Context;,Ljava/lang/Object;,Ljava/lang/Class;,Ljava/lang/reflect/Type;
Lnet/arnx/jsonic/bv;	<clinit>	V	
Lnet/arnx/jsonic/bv;	<init>	V	
Lnet/arnx/jsonic/bv;	a	Ljava/lang/Object;	Lnet/arnx/jsonic/JSON;,Lnet/arnx/jsonic/JSON$Context;,Ljava/lang/Object;,Ljava/lang/Class;,Ljava/lang/reflect/Type;
Lnet/arnx/jsonic/c;	<clinit>	V	
Lnet/arnx/jsonic/c;	<init>	V	
Lnet/arnx/jsonic/c;	a	Ljava/lang/Object;	Lnet/arnx/jsonic/JSON;,Lnet/arnx/jsonic/JSON$Context;,Ljava/lang/Object;,Ljava/lang/Class;,Ljava/lang/reflect/Type;
Lnet/arnx/jsonic/d;	<clinit>	V	
Lnet/arnx/jsonic/d;	<init>	V	
Lnet/arnx/jsonic/d;	a	Ljava/lang/Object;	Lnet/arnx/jsonic/JSON;,Lnet/arnx/jsonic/JSON$Context;,Ljava/lang/Object;,Ljava/lang/Class;,Ljava/lang/reflect/Type;
Lnet/arnx/jsonic/e;	<clinit>	V	
Lnet/arnx/jsonic/e;	<init>	V	
Lnet/arnx/jsonic/e;	a	Z	Lnet/arnx/jsonic/JSON;,Lnet/arnx/jsonic/JSON$Context;,Ljava/lang/Object;,Ljava/lang/Object;,Lnet/arnx/jsonic/io/OutputSource;
Lnet/arnx/jsonic/f;	<clinit>	V	
Lnet/arnx/jsonic/f;	<init>	V	
Lnet/arnx/jsonic/f;	a	Ljava/lang/Object;	Lnet/arnx/jsonic/JSON;,Lnet/arnx/jsonic/JSON$Context;,Ljava/lang/Object;,Ljava/lang/Class;,Ljava/lang/reflect/Type;
Lnet/arnx/jsonic/g;	<clinit>	V	
Lnet/arnx/jsonic/g;	<init>	V	
Lnet/arnx/jsonic/g;	a	Z	Lnet/arnx/jsonic/JSON;,Lnet/arnx/jsonic/JSON$Context;,Ljava/lang/Object;,Ljava/lang/Object;,Lnet/arnx/jsonic/io/OutputSource;
Lnet/arnx/jsonic/h;	<clinit>	V	
Lnet/arnx/jsonic/h;	<init>	V	
Lnet/arnx/jsonic/h;	a	Ljava/lang/Object;	Lnet/arnx/jsonic/JSON;,Lnet/arnx/jsonic/JSON$Context;,Ljava/lang/Object;,Ljava/lang/Class;,Ljava/lang/reflect/Type;
Lnet/arnx/jsonic/i;	<clinit>	V	
Lnet/arnx/jsonic/i;	<init>	V	
Lnet/arnx/jsonic/i;	a	Z	Lnet/arnx/jsonic/JSON;,Lnet/arnx/jsonic/JSON$Context;,Ljava/lang/Object;,Ljava/lang/Object;,Lnet/arnx/jsonic/io/OutputSource;
Lnet/arnx/jsonic/io/AppendableOutputSource;	a	V	
Lnet/arnx/jsonic/io/AppendableOutputSource;	a	V	C
Lnet/arnx/jsonic/io/AppendableOutputSource;	a	V	Ljava/lang/String;
Lnet/arnx/jsonic/io/AppendableOutputSource;	a	V	Ljava/lang/String;,I,I
Lnet/arnx/jsonic/io/AppendableOutputSource;	toString	Ljava/lang/String;	
Lnet/arnx/jsonic/io/CharSequenceInputSource;	<init>	V	Ljava/lang/CharSequence;
Lnet/arnx/jsonic/io/CharSequenceInputSource;	a	I	
Lnet/arnx/jsonic/io/CharSequenceInputSource;	b	V	
Lnet/arnx/jsonic/io/CharSequenceInputSource;	c	J	
Lnet/arnx/jsonic/io/CharSequenceInputSource;	d	J	
Lnet/arnx/jsonic/io/CharSequenceInputSource;	e	J	
Lnet/arnx/jsonic/io/CharSequenceInputSource;	toString	Ljava/lang/String;	
Lnet/arnx/jsonic/io/InputSource;	a	I	
Lnet/arnx/jsonic/io/InputSource;	b	V	
Lnet/arnx/jsonic/io/InputSource;	c	J	
Lnet/arnx/jsonic/io/InputSource;	d	J	
Lnet/arnx/jsonic/io/InputSource;	e	J	
Lnet/arnx/jsonic/io/OutputSource;	a	V	
Lnet/arnx/jsonic/io/OutputSource;	a	V	C
Lnet/arnx/jsonic/io/OutputSource;	a	V	Ljava/lang/String;
Lnet/arnx/jsonic/io/OutputSource;	a	V	Ljava/lang/String;,I,I
Lnet/arnx/jsonic/io/ReaderInputSource;	a	I	
Lnet/arnx/jsonic/io/ReaderInputSource;	b	V	
Lnet/arnx/jsonic/io/ReaderInputSource;	c	J	
Lnet/arnx/jsonic/io/ReaderInputSource;	d	J	
Lnet/arnx/jsonic/io/ReaderInputSource;	e	J	
Lnet/arnx/jsonic/io/ReaderInputSource;	toString	Ljava/lang/String;	
Lnet/arnx/jsonic/io/StringBuilderOutputSource;	<init>	V	
Lnet/arnx/jsonic/io/StringBuilderOutputSource;	<init>	V	Ljava/lang/StringBuilder;
Lnet/arnx/jsonic/io/StringBuilderOutputSource;	a	V	
Lnet/arnx/jsonic/io/StringBuilderOutputSource;	a	V	C
Lnet/arnx/jsonic/io/StringBuilderOutputSource;	a	V	Ljava/lang/String;
Lnet/arnx/jsonic/io/StringBuilderOutputSource;	a	V	Ljava/lang/String;,I,I
Lnet/arnx/jsonic/io/StringBuilderOutputSource;	toString	Ljava/lang/String;	
Lnet/arnx/jsonic/io/WriterOutputSource;	<init>	V	Ljava/io/Writer;
Lnet/arnx/jsonic/io/WriterOutputSource;	a	V	
Lnet/arnx/jsonic/io/WriterOutputSource;	a	V	C
Lnet/arnx/jsonic/io/WriterOutputSource;	a	V	Ljava/lang/String;
Lnet/arnx/jsonic/io/WriterOutputSource;	a	V	Ljava/lang/String;,I,I
Lnet/arnx/jsonic/j;	<clinit>	V	
Lnet/arnx/jsonic/j;	<init>	V	
Lnet/arnx/jsonic/j;	a	Ljava/lang/Object;	Lnet/arnx/jsonic/JSON;,Lnet/arnx/jsonic/JSON$Context;,Ljava/lang/Object;,Ljava/lang/Class;,Ljava/lang/reflect/Type;
Lnet/arnx/jsonic/k;	<clinit>	V	
Lnet/arnx/jsonic/k;	<init>	V	
Lnet/arnx/jsonic/k;	a	Z	Lnet/arnx/jsonic/JSON;,Lnet/arnx/jsonic/JSON$Context;,Ljava/lang/Object;,Ljava/lang/Object;,Lnet/arnx/jsonic/io/OutputSource;
Lnet/arnx/jsonic/l;	<clinit>	V	
Lnet/arnx/jsonic/l;	<init>	V	
Lnet/arnx/jsonic/l;	a	Z	Lnet/arnx/jsonic/JSON;,Lnet/arnx/jsonic/JSON$Context;,Ljava/lang/Object;,Ljava/lang/Object;,Lnet/arnx/jsonic/io/OutputSource;
Lnet/arnx/jsonic/m;	<clinit>	V	
Lnet/arnx/jsonic/m;	<init>	V	
Lnet/arnx/jsonic/m;	a	Ljava/lang/Object;	Lnet/arnx/jsonic/JSON;,Lnet/arnx/jsonic/JSON$Context;,Ljava/lang/Object;,Ljava/lang/Class;,Ljava/lang/reflect/Type;
Lnet/arnx/jsonic/n;	<clinit>	V	
Lnet/arnx/jsonic/n;	<init>	V	
Lnet/arnx/jsonic/n;	a	Ljava/lang/Object;	Lnet/arnx/jsonic/JSON;,Lnet/arnx/jsonic/JSON$Context;,Ljava/lang/Object;,Ljava/lang/Class;,Ljava/lang/reflect/Type;
Lnet/arnx/jsonic/o;	<clinit>	V	
Lnet/arnx/jsonic/o;	<init>	V	
Lnet/arnx/jsonic/o;	a	Z	Lnet/arnx/jsonic/JSON;,Lnet/arnx/jsonic/JSON$Context;,Ljava/lang/Object;,Ljava/lang/Object;,Lnet/arnx/jsonic/io/OutputSource;
Lnet/arnx/jsonic/p;	<clinit>	V	
Lnet/arnx/jsonic/p;	<init>	V	
Lnet/arnx/jsonic/p;	a	Ljava/lang/Object;	Lnet/arnx/jsonic/JSON;,Lnet/arnx/jsonic/JSON$Context;,Ljava/lang/Object;,Ljava/lang/Class;,Ljava/lang/reflect/Type;
Lnet/arnx/jsonic/q;	<clinit>	V	
Lnet/arnx/jsonic/q;	<init>	V	
Lnet/arnx/jsonic/q;	a	Z	Lnet/arnx/jsonic/JSON;,Lnet/arnx/jsonic/JSON$Context;,Ljava/lang/Object;,Ljava/lang/Object;,Lnet/arnx/jsonic/io/OutputSource;
Lnet/arnx/jsonic/r;	<clinit>	V	
Lnet/arnx/jsonic/r;	<init>	V	
Lnet/arnx/jsonic/r;	a	Ljava/lang/Object;	Lnet/arnx/jsonic/JSON;,Lnet/arnx/jsonic/JSON$Context;,Ljava/lang/Object;,Ljava/lang/Class;,Ljava/lang/reflect/Type;
Lnet/arnx/jsonic/s;	<clinit>	V	
Lnet/arnx/jsonic/s;	<init>	V	
Lnet/arnx/jsonic/s;	a	Z	Lnet/arnx/jsonic/JSON;,Lnet/arnx/jsonic/JSON$Context;,Ljava/lang/Object;,Ljava/lang/Object;,Lnet/arnx/jsonic/io/OutputSource;
Lnet/arnx/jsonic/t;	<clinit>	V	
Lnet/arnx/jsonic/t;	<init>	V	
Lnet/arnx/jsonic/t;	a	Ljava/lang/Object;	Lnet/arnx/jsonic/JSON;,Lnet/arnx/jsonic/JSON$Context;,Ljava/lang/Object;,Ljava/lang/Class;,Ljava/lang/reflect/Type;
Lnet/arnx/jsonic/u;	<init>	V	Ljava/lang/String;
Lnet/arnx/jsonic/u;	<init>	V	Ljava/lang/String;,Ljava/util/Locale;
Lnet/arnx/jsonic/u;	a	Ljava/lang/String;	Ljava/lang/String;
Lnet/arnx/jsonic/u;	format	Ljava/lang/StringBuffer;	Ljava/util/Date;,Ljava/lang/StringBuffer;,Ljava/text/FieldPosition;
Lnet/arnx/jsonic/u;	toPattern	Ljava/lang/String;	
Lnet/arnx/jsonic/util/Base64;	<init>	V	
Lnet/arnx/jsonic/util/Base64;	a	Ljava/lang/String;	[B
Lnet/arnx/jsonic/util/Base64;	a	[B	Ljava/lang/CharSequence;
Lnet/arnx/jsonic/util/BeanInfo;	<clinit>	V	
Lnet/arnx/jsonic/util/BeanInfo;	<init>	V	Ljava/lang/Class;
Lnet/arnx/jsonic/util/BeanInfo;	a	Ljava/util/Collection;	
Lnet/arnx/jsonic/util/BeanInfo;	a	Lnet/arnx/jsonic/util/BeanInfo;	Ljava/lang/Class;
Lnet/arnx/jsonic/util/BeanInfo;	equals	Z	Ljava/lang/Object;
Lnet/arnx/jsonic/util/BeanInfo;	hashCode	I	
Lnet/arnx/jsonic/util/BeanInfo;	toString	Ljava/lang/String;	
Lnet/arnx/jsonic/util/ClassUtil$a;	<init>	V	Ljava/io/InputStream;
Lnet/arnx/jsonic/util/ClassUtil$a;	resolveClass	Ljava/lang/Class;	Ljava/io/ObjectStreamClass;
Lnet/arnx/jsonic/util/ClassUtil;	<clinit>	V	
Lnet/arnx/jsonic/util/ClassUtil;	<init>	V	
Lnet/arnx/jsonic/util/ClassUtil;	a	Ljava/lang/Class;	Ljava/lang/String;
Lnet/arnx/jsonic/util/ClassUtil;	a	Ljava/lang/Class;	Ljava/lang/reflect/Type;
Lnet/arnx/jsonic/util/ClassUtil;	a	Ljava/lang/Object;	[B
Lnet/arnx/jsonic/util/ClassUtil;	a	Ljava/lang/reflect/ParameterizedType;	Ljava/lang/reflect/Type;,Ljava/lang/Class;
Lnet/arnx/jsonic/util/ClassUtil;	a	[B	Ljava/lang/Object;
Lnet/arnx/jsonic/util/ClassUtil;	b	Ljava/lang/String;	Ljava/lang/String;
Lnet/arnx/jsonic/util/ConstructorInfo;	<init>	V	Ljava/lang/Class;
Lnet/arnx/jsonic/util/ConstructorInfo;	compareTo	I	Ljava/lang/Object;
Lnet/arnx/jsonic/util/ConstructorInfo;	equals	Z	Ljava/lang/Object;
Lnet/arnx/jsonic/util/ConstructorInfo;	hashCode	I	
Lnet/arnx/jsonic/util/ConstructorInfo;	toString	Ljava/lang/String;	
Lnet/arnx/jsonic/util/MethodInfo;	<init>	V	Ljava/lang/Class;,Ljava/lang/String;,Z
Lnet/arnx/jsonic/util/MethodInfo;	compareTo	I	Ljava/lang/Object;
Lnet/arnx/jsonic/util/PropertyInfo;	<init>	V	Ljava/lang/Class;,Ljava/lang/String;,Ljava/lang/reflect/Field;,Ljava/lang/reflect/Method;,Ljava/lang/reflect/Method;,Z
Lnet/arnx/jsonic/util/PropertyInfo;	a	Ljava/lang/Class;	
Lnet/arnx/jsonic/util/PropertyInfo;	a	Ljava/lang/Object;	Ljava/lang/Object;
Lnet/arnx/jsonic/util/PropertyInfo;	a	Ljava/lang/annotation/Annotation;	Ljava/lang/Class;
Lnet/arnx/jsonic/util/PropertyInfo;	a	V	Ljava/lang/Object;,Ljava/lang/Object;
Lnet/arnx/jsonic/util/PropertyInfo;	b	Ljava/lang/String;	
Lnet/arnx/jsonic/util/PropertyInfo;	b	Ljava/lang/annotation/Annotation;	Ljava/lang/Class;
Lnet/arnx/jsonic/util/PropertyInfo;	c	Z	
Lnet/arnx/jsonic/util/PropertyInfo;	compareTo	I	Ljava/lang/Object;
Lnet/arnx/jsonic/util/PropertyInfo;	d	Ljava/lang/reflect/Field;	
Lnet/arnx/jsonic/util/PropertyInfo;	e	Ljava/lang/reflect/Method;	
Lnet/arnx/jsonic/util/PropertyInfo;	f	Ljava/lang/reflect/Method;	
Lnet/arnx/jsonic/util/PropertyInfo;	g	Z	
Lnet/arnx/jsonic/util/PropertyInfo;	h	Ljava/lang/reflect/Member;	
Lnet/arnx/jsonic/util/PropertyInfo;	i	Z	
Lnet/arnx/jsonic/util/PropertyInfo;	j	Ljava/lang/reflect/Member;	
Lnet/arnx/jsonic/util/PropertyInfo;	k	Ljava/lang/Class;	
Lnet/arnx/jsonic/util/PropertyInfo;	l	Ljava/lang/reflect/Type;	
Lnet/arnx/jsonic/util/PropertyInfo;	toString	Ljava/lang/String;	
Lnet/arnx/jsonic/util/a;	<init>	V	
Lnet/arnx/jsonic/util/a;	removeEldestEntry	Z	Ljava/util/Map$Entry;
Lnet/arnx/jsonic/util/a;	size	I	
Lnet/arnx/jsonic/util/b;	<init>	V	
Lnet/arnx/jsonic/util/b;	removeEldestEntry	Z	Ljava/util/Map$Entry;
Lnet/arnx/jsonic/util/b;	size	I	
Lnet/arnx/jsonic/v;	a	Ljava/lang/Object;	Lnet/arnx/jsonic/JSON;,Lnet/arnx/jsonic/JSON$Context;,Ljava/lang/Object;,Ljava/lang/Class;,Ljava/lang/reflect/Type;
Lnet/arnx/jsonic/w;	<clinit>	V	
Lnet/arnx/jsonic/w;	<init>	V	
Lnet/arnx/jsonic/w;	a	Z	Lnet/arnx/jsonic/JSON;,Lnet/arnx/jsonic/JSON$Context;,Ljava/lang/Object;,Ljava/lang/Object;,Lnet/arnx/jsonic/io/OutputSource;
Lnet/arnx/jsonic/web/Container;	<init>	V	
Lnet/arnx/jsonic/web/GatewayFilter;	<clinit>	V	
Lnet/arnx/jsonic/web/GatewayFilter;	<init>	V	
Lnet/arnx/jsonic/web/RESTServlet;	<clinit>	V	
Lnet/arnx/jsonic/web/RESTServlet;	<init>	V	
Lnet/arnx/jsonic/web/RPCServlet;	<init>	V	
Lnet/arnx/jsonic/web/WebServiceServlet$JSON;	<init>	V	
Lnet/arnx/jsonic/web/WebServiceServlet$JSON;	a	Z	Lnet/arnx/jsonic/JSON$Context;,Ljava/lang/Class;,Ljava/lang/reflect/Member;
Lnet/arnx/jsonic/web/WebServiceServlet;	<init>	V	
Lnet/arnx/jsonic/web/extension/GuiceContainer;	<init>	V	
Lnet/arnx/jsonic/web/extension/S2Container;	<init>	V	
Lnet/arnx/jsonic/web/extension/SpringContainer;	<init>	V	
Lnet/arnx/jsonic/x;	<clinit>	V	
Lnet/arnx/jsonic/x;	<init>	V	
Lnet/arnx/jsonic/x;	a	Z	Lnet/arnx/jsonic/JSON;,Lnet/arnx/jsonic/JSON$Context;,Ljava/lang/Object;,Ljava/lang/Object;,Lnet/arnx/jsonic/io/OutputSource;
Lnet/arnx/jsonic/y;	<clinit>	V	
Lnet/arnx/jsonic/y;	<init>	V	
Lnet/arnx/jsonic/y;	a	Ljava/lang/Long;	Ljava/lang/String;,Ljava/util/Locale;
Lnet/arnx/jsonic/y;	a	Ljava/lang/Object;	Lnet/arnx/jsonic/JSON;,Lnet/arnx/jsonic/JSON$Context;,Ljava/lang/Object;,Ljava/lang/Class;,Ljava/lang/reflect/Type;
Lnet/arnx/jsonic/z;	<clinit>	V	
Lnet/arnx/jsonic/z;	<init>	V	
Lnet/arnx/jsonic/z;	a	Z	Lnet/arnx/jsonic/JSON;,Lnet/arnx/jsonic/JSON$Context;,Ljava/lang/Object;,Ljava/lang/Object;,Lnet/arnx/jsonic/io/OutputSource;
Lorg/apache/http/HttpEntity;	getContent	Ljava/io/InputStream;	
Lorg/apache/http/HttpResponse;	getEntity	Lorg/apache/http/HttpEntity;	
Lorg/apache/http/HttpResponse;	getStatusLine	Lorg/apache/http/StatusLine;	
Lorg/apache/http/NameValuePair;	getName	Ljava/lang/String;	
Lorg/apache/http/NameValuePair;	getValue	Ljava/lang/String;	
Lorg/apache/http/StatusLine;	getStatusCode	I	
Lorg/apache/http/client/entity/UrlEncodedFormEntity;	<init>	V	Ljava/util/List;,Ljava/lang/String;
Lorg/apache/http/client/methods/HttpGet;	<init>	V	Ljava/lang/String;
Lorg/apache/http/client/methods/HttpPost;	<init>	V	Ljava/lang/String;
Lorg/apache/http/client/methods/HttpPost;	setEntity	V	Lorg/apache/http/HttpEntity;
Lorg/apache/http/message/BasicNameValuePair;	<init>	V	Ljava/lang/String;,Ljava/lang/String;
Lorg/json/JSONArray;	<init>	V	
Lorg/json/JSONArray;	put	Lorg/json/JSONArray;	Ljava/lang/Object;
Lorg/json/JSONObject;	<init>	V	
Lorg/json/JSONObject;	<init>	V	Ljava/util/Map;
Lorg/json/JSONObject;	put	Lorg/json/JSONObject;	Ljava/lang/String;,Ljava/lang/Object;
Lorg/json/JSONObject;	toString	Ljava/lang/String;	
Lorg/w3c/dom/CharacterData;	getData	Ljava/lang/String;	
Lorg/w3c/dom/Document;	getDocumentElement	Lorg/w3c/dom/Element;	
Lorg/w3c/dom/Element;	getAttributes	Lorg/w3c/dom/NamedNodeMap;	
Lorg/w3c/dom/Element;	getChildNodes	Lorg/w3c/dom/NodeList;	
Lorg/w3c/dom/Element;	getTagName	Ljava/lang/String;	
Lorg/w3c/dom/Element;	hasAttributes	Z	
Lorg/w3c/dom/Element;	hasChildNodes	Z	
Lorg/w3c/dom/NamedNodeMap;	getLength	I	
Lorg/w3c/dom/NamedNodeMap;	item	Lorg/w3c/dom/Node;	I
Lorg/w3c/dom/Node;	getNodeName	Ljava/lang/String;	
Lorg/w3c/dom/Node;	getNodeValue	Ljava/lang/String;	
Lorg/w3c/dom/NodeList;	getLength	I	
Lorg/w3c/dom/NodeList;	item	Lorg/w3c/dom/Node;	I
Lorg/xmlpull/v1/XmlPullParser;	getEventType	I	
Lorg/xmlpull/v1/XmlPullParser;	getName	Ljava/lang/String;	
Lorg/xmlpull/v1/XmlPullParser;	getText	Ljava/lang/String;	
Lorg/xmlpull/v1/XmlPullParser;	next	I	
Lorg/xmlpull/v1/XmlPullParser;	setInput	V	Ljava/io/Reader;
[Lcom/google/ads/a/a$a;	clone	Ljava/lang/Object;	
[Lcom/google/ads/c$a;	clone	Ljava/lang/Object;	
[Lcom/google/ads/c$b;	clone	Ljava/lang/Object;	
[Lcom/google/ads/h$b;	clone	Ljava/lang/Object;	
[Lcom/google/ads/util/AdUtil$a;	clone	Ljava/lang/Object;	
[Lnet/arnx/jsonic/JSON$Mode;	clone	Ljava/lang/Object;	
